cell_type,mode,source,n_neurons,default_mode,n_graded_default,rule
5-HT-IR  Tan,spiking,ASSUMPTION,6,spiking,0,BUILD_BRIEF.md 3.2 refined visual-family rule
5-HTPLP01,spiking,ASSUMPTION,4,spiking,0,BUILD_BRIEF.md 3.2 refined visual-family rule
5-HTPMPD01,spiking,ASSUMPTION,2,spiking,0,BUILD_BRIEF.md 3.2 refined visual-family rule
5-HTPMPV01,spiking,ASSUMPTION,2,spiking,0,BUILD_BRIEF.md 3.2 refined visual-family rule
5-HTPMPV03,spiking,ASSUMPTION,2,spiking,0,BUILD_BRIEF.md 3.2 refined visual-family rule
AC neuron,spiking,ASSUMPTION,4,spiking,0,BUILD_BRIEF.md 3.2 refined visual-family rule
AL-AST1,spiking,ASSUMPTION,2,spiking,0,BUILD_BRIEF.md 3.2 refined visual-family rule
AL-MBDL1,spiking,ASSUMPTION,2,spiking,0,BUILD_BRIEF.md 3.2 refined visual-family rule
ALBN1,spiking,ASSUMPTION,2,spiking,0,BUILD_BRIEF.md 3.2 refined visual-family rule
ALIN1,spiking,ASSUMPTION,4,spiking,0,BUILD_BRIEF.md 3.2 refined visual-family rule
ALIN2,spiking,ASSUMPTION,2,spiking,0,BUILD_BRIEF.md 3.2 refined visual-family rule
ALIN3,spiking,ASSUMPTION,4,spiking,0,BUILD_BRIEF.md 3.2 refined visual-family rule
ALIN4,spiking,ASSUMPTION,2,spiking,0,BUILD_BRIEF.md 3.2 refined visual-family rule
ALIN5,spiking,ASSUMPTION,2,spiking,0,BUILD_BRIEF.md 3.2 refined visual-family rule
ALIN6,spiking,ASSUMPTION,2,spiking,0,BUILD_BRIEF.md 3.2 refined visual-family rule
ALIN7,spiking,ASSUMPTION,2,spiking,0,BUILD_BRIEF.md 3.2 refined visual-family rule
ALIN8,spiking,ASSUMPTION,2,spiking,0,BUILD_BRIEF.md 3.2 refined visual-family rule
ALON1,spiking,ASSUMPTION,2,spiking,0,BUILD_BRIEF.md 3.2 refined visual-family rule
ALON2,spiking,ASSUMPTION,2,spiking,0,BUILD_BRIEF.md 3.2 refined visual-family rule
ALON3,spiking,ASSUMPTION,4,spiking,0,BUILD_BRIEF.md 3.2 refined visual-family rule
AMMC-A1,spiking,ASSUMPTION,5,spiking,0,BUILD_BRIEF.md 3.2 refined visual-family rule
AMMC028,spiking,ASSUMPTION,4,spiking,0,BUILD_BRIEF.md 3.2 refined visual-family rule
AN01A021,spiking,ASSUMPTION,2,spiking,0,BUILD_BRIEF.md 3.2 refined visual-family rule
AN19A018,spiking,ASSUMPTION,2,spiking,0,BUILD_BRIEF.md 3.2 refined visual-family rule
ANXXX005,spiking,ASSUMPTION,3,spiking,0,BUILD_BRIEF.md 3.2 refined visual-family rule
AN_AMMC_SAD_1,spiking,ASSUMPTION,4,spiking,0,BUILD_BRIEF.md 3.2 refined visual-family rule
AN_AMMC_SAD_2,spiking,ASSUMPTION,2,spiking,0,BUILD_BRIEF.md 3.2 refined visual-family rule
AN_AVLP_1,spiking,ASSUMPTION,2,spiking,0,BUILD_BRIEF.md 3.2 refined visual-family rule
AN_AVLP_10,spiking,ASSUMPTION,2,spiking,0,BUILD_BRIEF.md 3.2 refined visual-family rule
AN_AVLP_11,spiking,ASSUMPTION,2,spiking,0,BUILD_BRIEF.md 3.2 refined visual-family rule
AN_AVLP_12,spiking,ASSUMPTION,2,spiking,0,BUILD_BRIEF.md 3.2 refined visual-family rule
AN_AVLP_13,spiking,ASSUMPTION,2,spiking,0,BUILD_BRIEF.md 3.2 refined visual-family rule
AN_AVLP_14,spiking,ASSUMPTION,2,spiking,0,BUILD_BRIEF.md 3.2 refined visual-family rule
AN_AVLP_15,spiking,ASSUMPTION,2,spiking,0,BUILD_BRIEF.md 3.2 refined visual-family rule
AN_AVLP_16,spiking,ASSUMPTION,2,spiking,0,BUILD_BRIEF.md 3.2 refined visual-family rule
AN_AVLP_17,spiking,ASSUMPTION,2,spiking,0,BUILD_BRIEF.md 3.2 refined visual-family rule
AN_AVLP_18,spiking,ASSUMPTION,2,spiking,0,BUILD_BRIEF.md 3.2 refined visual-family rule
AN_AVLP_19,spiking,ASSUMPTION,2,spiking,0,BUILD_BRIEF.md 3.2 refined visual-family rule
AN_AVLP_2,spiking,ASSUMPTION,2,spiking,0,BUILD_BRIEF.md 3.2 refined visual-family rule
AN_AVLP_20,spiking,ASSUMPTION,2,spiking,0,BUILD_BRIEF.md 3.2 refined visual-family rule
AN_AVLP_21,spiking,ASSUMPTION,2,spiking,0,BUILD_BRIEF.md 3.2 refined visual-family rule
AN_AVLP_22,spiking,ASSUMPTION,2,spiking,0,BUILD_BRIEF.md 3.2 refined visual-family rule
AN_AVLP_23,spiking,ASSUMPTION,2,spiking,0,BUILD_BRIEF.md 3.2 refined visual-family rule
AN_AVLP_24,spiking,ASSUMPTION,2,spiking,0,BUILD_BRIEF.md 3.2 refined visual-family rule
AN_AVLP_25,spiking,ASSUMPTION,2,spiking,0,BUILD_BRIEF.md 3.2 refined visual-family rule
AN_AVLP_26,spiking,ASSUMPTION,2,spiking,0,BUILD_BRIEF.md 3.2 refined visual-family rule
AN_AVLP_27,spiking,ASSUMPTION,4,spiking,0,BUILD_BRIEF.md 3.2 refined visual-family rule
AN_AVLP_28,spiking,ASSUMPTION,8,spiking,0,BUILD_BRIEF.md 3.2 refined visual-family rule
AN_AVLP_29,spiking,ASSUMPTION,2,spiking,0,BUILD_BRIEF.md 3.2 refined visual-family rule
AN_AVLP_3,spiking,ASSUMPTION,2,spiking,0,BUILD_BRIEF.md 3.2 refined visual-family rule
AN_AVLP_30,spiking,ASSUMPTION,2,spiking,0,BUILD_BRIEF.md 3.2 refined visual-family rule
AN_AVLP_31,spiking,ASSUMPTION,2,spiking,0,BUILD_BRIEF.md 3.2 refined visual-family rule
AN_AVLP_32,spiking,ASSUMPTION,2,spiking,0,BUILD_BRIEF.md 3.2 refined visual-family rule
AN_AVLP_33,spiking,ASSUMPTION,2,spiking,0,BUILD_BRIEF.md 3.2 refined visual-family rule
AN_AVLP_34,spiking,ASSUMPTION,6,spiking,0,BUILD_BRIEF.md 3.2 refined visual-family rule
AN_AVLP_35,spiking,ASSUMPTION,2,spiking,0,BUILD_BRIEF.md 3.2 refined visual-family rule
AN_AVLP_36,spiking,ASSUMPTION,2,spiking,0,BUILD_BRIEF.md 3.2 refined visual-family rule
AN_AVLP_37,spiking,ASSUMPTION,2,spiking,0,BUILD_BRIEF.md 3.2 refined visual-family rule
AN_AVLP_38,spiking,ASSUMPTION,2,spiking,0,BUILD_BRIEF.md 3.2 refined visual-family rule
AN_AVLP_39,spiking,ASSUMPTION,2,spiking,0,BUILD_BRIEF.md 3.2 refined visual-family rule
AN_AVLP_4,spiking,ASSUMPTION,2,spiking,0,BUILD_BRIEF.md 3.2 refined visual-family rule
AN_AVLP_40,spiking,ASSUMPTION,2,spiking,0,BUILD_BRIEF.md 3.2 refined visual-family rule
AN_AVLP_41,spiking,ASSUMPTION,4,spiking,0,BUILD_BRIEF.md 3.2 refined visual-family rule
AN_AVLP_42,spiking,ASSUMPTION,4,spiking,0,BUILD_BRIEF.md 3.2 refined visual-family rule
AN_AVLP_43,spiking,ASSUMPTION,6,spiking,0,BUILD_BRIEF.md 3.2 refined visual-family rule
AN_AVLP_44,spiking,ASSUMPTION,2,spiking,0,BUILD_BRIEF.md 3.2 refined visual-family rule
AN_AVLP_45,spiking,ASSUMPTION,6,spiking,0,BUILD_BRIEF.md 3.2 refined visual-family rule
AN_AVLP_46,spiking,ASSUMPTION,5,spiking,0,BUILD_BRIEF.md 3.2 refined visual-family rule
AN_AVLP_47,spiking,ASSUMPTION,2,spiking,0,BUILD_BRIEF.md 3.2 refined visual-family rule
AN_AVLP_48,spiking,ASSUMPTION,9,spiking,0,BUILD_BRIEF.md 3.2 refined visual-family rule
AN_AVLP_49,spiking,ASSUMPTION,2,spiking,0,BUILD_BRIEF.md 3.2 refined visual-family rule
AN_AVLP_5,spiking,ASSUMPTION,2,spiking,0,BUILD_BRIEF.md 3.2 refined visual-family rule
AN_AVLP_50,spiking,ASSUMPTION,2,spiking,0,BUILD_BRIEF.md 3.2 refined visual-family rule
AN_AVLP_51,spiking,ASSUMPTION,17,spiking,0,BUILD_BRIEF.md 3.2 refined visual-family rule
AN_AVLP_52,spiking,ASSUMPTION,2,spiking,0,BUILD_BRIEF.md 3.2 refined visual-family rule
AN_AVLP_53,spiking,ASSUMPTION,27,spiking,0,BUILD_BRIEF.md 3.2 refined visual-family rule
AN_AVLP_54,spiking,ASSUMPTION,4,spiking,0,BUILD_BRIEF.md 3.2 refined visual-family rule
AN_AVLP_6,spiking,ASSUMPTION,2,spiking,0,BUILD_BRIEF.md 3.2 refined visual-family rule
AN_AVLP_7,spiking,ASSUMPTION,2,spiking,0,BUILD_BRIEF.md 3.2 refined visual-family rule
AN_AVLP_8,spiking,ASSUMPTION,2,spiking,0,BUILD_BRIEF.md 3.2 refined visual-family rule
AN_AVLP_9,spiking,ASSUMPTION,2,spiking,0,BUILD_BRIEF.md 3.2 refined visual-family rule
AN_AVLP_GNG_1,spiking,ASSUMPTION,2,spiking,0,BUILD_BRIEF.md 3.2 refined visual-family rule
AN_AVLP_GNG_10,spiking,ASSUMPTION,2,spiking,0,BUILD_BRIEF.md 3.2 refined visual-family rule
AN_AVLP_GNG_11,spiking,ASSUMPTION,2,spiking,0,BUILD_BRIEF.md 3.2 refined visual-family rule
AN_AVLP_GNG_12,spiking,ASSUMPTION,2,spiking,0,BUILD_BRIEF.md 3.2 refined visual-family rule
AN_AVLP_GNG_13,spiking,ASSUMPTION,3,spiking,0,BUILD_BRIEF.md 3.2 refined visual-family rule
AN_AVLP_GNG_14,spiking,ASSUMPTION,2,spiking,0,BUILD_BRIEF.md 3.2 refined visual-family rule
AN_AVLP_GNG_15,spiking,ASSUMPTION,2,spiking,0,BUILD_BRIEF.md 3.2 refined visual-family rule
AN_AVLP_GNG_16,spiking,ASSUMPTION,2,spiking,0,BUILD_BRIEF.md 3.2 refined visual-family rule
AN_AVLP_GNG_17,spiking,ASSUMPTION,2,spiking,0,BUILD_BRIEF.md 3.2 refined visual-family rule
AN_AVLP_GNG_18,spiking,ASSUMPTION,2,spiking,0,BUILD_BRIEF.md 3.2 refined visual-family rule
AN_AVLP_GNG_19,spiking,ASSUMPTION,2,spiking,0,BUILD_BRIEF.md 3.2 refined visual-family rule
AN_AVLP_GNG_2,spiking,ASSUMPTION,2,spiking,0,BUILD_BRIEF.md 3.2 refined visual-family rule
AN_AVLP_GNG_20,spiking,ASSUMPTION,2,spiking,0,BUILD_BRIEF.md 3.2 refined visual-family rule
AN_AVLP_GNG_21,spiking,ASSUMPTION,6,spiking,0,BUILD_BRIEF.md 3.2 refined visual-family rule
AN_AVLP_GNG_22,spiking,ASSUMPTION,4,spiking,0,BUILD_BRIEF.md 3.2 refined visual-family rule
AN_AVLP_GNG_23,spiking,ASSUMPTION,15,spiking,0,BUILD_BRIEF.md 3.2 refined visual-family rule
AN_AVLP_GNG_3,spiking,ASSUMPTION,2,spiking,0,BUILD_BRIEF.md 3.2 refined visual-family rule
AN_AVLP_GNG_4,spiking,ASSUMPTION,2,spiking,0,BUILD_BRIEF.md 3.2 refined visual-family rule
AN_AVLP_GNG_5,spiking,ASSUMPTION,2,spiking,0,BUILD_BRIEF.md 3.2 refined visual-family rule
AN_AVLP_GNG_6,spiking,ASSUMPTION,2,spiking,0,BUILD_BRIEF.md 3.2 refined visual-family rule
AN_AVLP_GNG_7,spiking,ASSUMPTION,4,spiking,0,BUILD_BRIEF.md 3.2 refined visual-family rule
AN_AVLP_GNG_8,spiking,ASSUMPTION,2,spiking,0,BUILD_BRIEF.md 3.2 refined visual-family rule
AN_AVLP_GNG_9,spiking,ASSUMPTION,2,spiking,0,BUILD_BRIEF.md 3.2 refined visual-family rule
AN_AVLP_PVLP_1,spiking,ASSUMPTION,2,spiking,0,BUILD_BRIEF.md 3.2 refined visual-family rule
AN_AVLP_PVLP_10,spiking,ASSUMPTION,2,spiking,0,BUILD_BRIEF.md 3.2 refined visual-family rule
AN_AVLP_PVLP_2,spiking,ASSUMPTION,2,spiking,0,BUILD_BRIEF.md 3.2 refined visual-family rule
AN_AVLP_PVLP_3,spiking,ASSUMPTION,2,spiking,0,BUILD_BRIEF.md 3.2 refined visual-family rule
AN_AVLP_PVLP_4,spiking,ASSUMPTION,2,spiking,0,BUILD_BRIEF.md 3.2 refined visual-family rule
AN_AVLP_PVLP_5,spiking,ASSUMPTION,2,spiking,0,BUILD_BRIEF.md 3.2 refined visual-family rule
AN_AVLP_PVLP_6,spiking,ASSUMPTION,2,spiking,0,BUILD_BRIEF.md 3.2 refined visual-family rule
AN_AVLP_PVLP_7,spiking,ASSUMPTION,2,spiking,0,BUILD_BRIEF.md 3.2 refined visual-family rule
AN_AVLP_PVLP_8,spiking,ASSUMPTION,2,spiking,0,BUILD_BRIEF.md 3.2 refined visual-family rule
AN_AVLP_PVLP_9,spiking,ASSUMPTION,2,spiking,0,BUILD_BRIEF.md 3.2 refined visual-family rule
AN_AVLP_SAD_1,spiking,ASSUMPTION,2,spiking,0,BUILD_BRIEF.md 3.2 refined visual-family rule
AN_AVLP_SAD_2,spiking,ASSUMPTION,2,spiking,0,BUILD_BRIEF.md 3.2 refined visual-family rule
AN_AVLP_SAD_3,spiking,ASSUMPTION,2,spiking,0,BUILD_BRIEF.md 3.2 refined visual-family rule
AN_AVLP_SAD_5,spiking,ASSUMPTION,4,spiking,0,BUILD_BRIEF.md 3.2 refined visual-family rule
AN_FLA_1,spiking,ASSUMPTION,2,spiking,0,BUILD_BRIEF.md 3.2 refined visual-family rule
AN_FLA_GNG_1,spiking,ASSUMPTION,4,spiking,0,BUILD_BRIEF.md 3.2 refined visual-family rule
AN_FLA_GNG_2,spiking,ASSUMPTION,2,spiking,0,BUILD_BRIEF.md 3.2 refined visual-family rule
AN_FLA_PRW_1,spiking,ASSUMPTION,2,spiking,0,BUILD_BRIEF.md 3.2 refined visual-family rule
AN_FLA_PRW_2,spiking,ASSUMPTION,4,spiking,0,BUILD_BRIEF.md 3.2 refined visual-family rule
AN_FLA_SMP_1,spiking,ASSUMPTION,2,spiking,0,BUILD_BRIEF.md 3.2 refined visual-family rule
AN_FLA_SMP_2,spiking,ASSUMPTION,2,spiking,0,BUILD_BRIEF.md 3.2 refined visual-family rule
AN_FLA_VES_1,spiking,ASSUMPTION,2,spiking,0,BUILD_BRIEF.md 3.2 refined visual-family rule
AN_FLA_VES_2,spiking,ASSUMPTION,2,spiking,0,BUILD_BRIEF.md 3.2 refined visual-family rule
AN_GNG_1,spiking,ASSUMPTION,2,spiking,0,BUILD_BRIEF.md 3.2 refined visual-family rule
AN_GNG_10,spiking,ASSUMPTION,2,spiking,0,BUILD_BRIEF.md 3.2 refined visual-family rule
AN_GNG_100,spiking,ASSUMPTION,2,spiking,0,BUILD_BRIEF.md 3.2 refined visual-family rule
AN_GNG_101,spiking,ASSUMPTION,2,spiking,0,BUILD_BRIEF.md 3.2 refined visual-family rule
AN_GNG_102,spiking,ASSUMPTION,2,spiking,0,BUILD_BRIEF.md 3.2 refined visual-family rule
AN_GNG_103,spiking,ASSUMPTION,3,spiking,0,BUILD_BRIEF.md 3.2 refined visual-family rule
AN_GNG_104,spiking,ASSUMPTION,2,spiking,0,BUILD_BRIEF.md 3.2 refined visual-family rule
AN_GNG_105,spiking,ASSUMPTION,2,spiking,0,BUILD_BRIEF.md 3.2 refined visual-family rule
AN_GNG_106,spiking,ASSUMPTION,2,spiking,0,BUILD_BRIEF.md 3.2 refined visual-family rule
AN_GNG_107,spiking,ASSUMPTION,2,spiking,0,BUILD_BRIEF.md 3.2 refined visual-family rule
AN_GNG_108,spiking,ASSUMPTION,2,spiking,0,BUILD_BRIEF.md 3.2 refined visual-family rule
AN_GNG_109,spiking,ASSUMPTION,2,spiking,0,BUILD_BRIEF.md 3.2 refined visual-family rule
AN_GNG_11,spiking,ASSUMPTION,2,spiking,0,BUILD_BRIEF.md 3.2 refined visual-family rule
AN_GNG_110,spiking,ASSUMPTION,2,spiking,0,BUILD_BRIEF.md 3.2 refined visual-family rule
AN_GNG_111,spiking,ASSUMPTION,2,spiking,0,BUILD_BRIEF.md 3.2 refined visual-family rule
AN_GNG_112,spiking,ASSUMPTION,2,spiking,0,BUILD_BRIEF.md 3.2 refined visual-family rule
AN_GNG_113,spiking,ASSUMPTION,2,spiking,0,BUILD_BRIEF.md 3.2 refined visual-family rule
AN_GNG_114,spiking,ASSUMPTION,2,spiking,0,BUILD_BRIEF.md 3.2 refined visual-family rule
AN_GNG_115,spiking,ASSUMPTION,2,spiking,0,BUILD_BRIEF.md 3.2 refined visual-family rule
AN_GNG_116,spiking,ASSUMPTION,2,spiking,0,BUILD_BRIEF.md 3.2 refined visual-family rule
AN_GNG_117,spiking,ASSUMPTION,2,spiking,0,BUILD_BRIEF.md 3.2 refined visual-family rule
AN_GNG_118,spiking,ASSUMPTION,2,spiking,0,BUILD_BRIEF.md 3.2 refined visual-family rule
AN_GNG_119,spiking,ASSUMPTION,2,spiking,0,BUILD_BRIEF.md 3.2 refined visual-family rule
AN_GNG_12,spiking,ASSUMPTION,2,spiking,0,BUILD_BRIEF.md 3.2 refined visual-family rule
AN_GNG_120,spiking,ASSUMPTION,2,spiking,0,BUILD_BRIEF.md 3.2 refined visual-family rule
AN_GNG_121,spiking,ASSUMPTION,2,spiking,0,BUILD_BRIEF.md 3.2 refined visual-family rule
AN_GNG_122,spiking,ASSUMPTION,2,spiking,0,BUILD_BRIEF.md 3.2 refined visual-family rule
AN_GNG_123,spiking,ASSUMPTION,2,spiking,0,BUILD_BRIEF.md 3.2 refined visual-family rule
AN_GNG_124,spiking,ASSUMPTION,1,spiking,0,BUILD_BRIEF.md 3.2 refined visual-family rule
AN_GNG_125,spiking,ASSUMPTION,2,spiking,0,BUILD_BRIEF.md 3.2 refined visual-family rule
AN_GNG_126,spiking,ASSUMPTION,2,spiking,0,BUILD_BRIEF.md 3.2 refined visual-family rule
AN_GNG_127,spiking,ASSUMPTION,2,spiking,0,BUILD_BRIEF.md 3.2 refined visual-family rule
AN_GNG_128,spiking,ASSUMPTION,2,spiking,0,BUILD_BRIEF.md 3.2 refined visual-family rule
AN_GNG_129,spiking,ASSUMPTION,2,spiking,0,BUILD_BRIEF.md 3.2 refined visual-family rule
AN_GNG_13,spiking,ASSUMPTION,2,spiking,0,BUILD_BRIEF.md 3.2 refined visual-family rule
AN_GNG_130,spiking,ASSUMPTION,2,spiking,0,BUILD_BRIEF.md 3.2 refined visual-family rule
AN_GNG_131,spiking,ASSUMPTION,2,spiking,0,BUILD_BRIEF.md 3.2 refined visual-family rule
AN_GNG_132,spiking,ASSUMPTION,2,spiking,0,BUILD_BRIEF.md 3.2 refined visual-family rule
AN_GNG_133,spiking,ASSUMPTION,2,spiking,0,BUILD_BRIEF.md 3.2 refined visual-family rule
AN_GNG_134,spiking,ASSUMPTION,2,spiking,0,BUILD_BRIEF.md 3.2 refined visual-family rule
AN_GNG_135,spiking,ASSUMPTION,2,spiking,0,BUILD_BRIEF.md 3.2 refined visual-family rule
AN_GNG_136,spiking,ASSUMPTION,2,spiking,0,BUILD_BRIEF.md 3.2 refined visual-family rule
AN_GNG_137,spiking,ASSUMPTION,2,spiking,0,BUILD_BRIEF.md 3.2 refined visual-family rule
AN_GNG_138,spiking,ASSUMPTION,2,spiking,0,BUILD_BRIEF.md 3.2 refined visual-family rule
AN_GNG_139,spiking,ASSUMPTION,2,spiking,0,BUILD_BRIEF.md 3.2 refined visual-family rule
AN_GNG_14,spiking,ASSUMPTION,2,spiking,0,BUILD_BRIEF.md 3.2 refined visual-family rule
AN_GNG_140,spiking,ASSUMPTION,4,spiking,0,BUILD_BRIEF.md 3.2 refined visual-family rule
AN_GNG_141,spiking,ASSUMPTION,2,spiking,0,BUILD_BRIEF.md 3.2 refined visual-family rule
AN_GNG_142,spiking,ASSUMPTION,6,spiking,0,BUILD_BRIEF.md 3.2 refined visual-family rule
AN_GNG_143,spiking,ASSUMPTION,2,spiking,0,BUILD_BRIEF.md 3.2 refined visual-family rule
AN_GNG_144,spiking,ASSUMPTION,2,spiking,0,BUILD_BRIEF.md 3.2 refined visual-family rule
AN_GNG_145,spiking,ASSUMPTION,2,spiking,0,BUILD_BRIEF.md 3.2 refined visual-family rule
AN_GNG_146,spiking,ASSUMPTION,2,spiking,0,BUILD_BRIEF.md 3.2 refined visual-family rule
AN_GNG_147,spiking,ASSUMPTION,2,spiking,0,BUILD_BRIEF.md 3.2 refined visual-family rule
AN_GNG_148,spiking,ASSUMPTION,6,spiking,0,BUILD_BRIEF.md 3.2 refined visual-family rule
AN_GNG_149,spiking,ASSUMPTION,4,spiking,0,BUILD_BRIEF.md 3.2 refined visual-family rule
AN_GNG_15,spiking,ASSUMPTION,2,spiking,0,BUILD_BRIEF.md 3.2 refined visual-family rule
AN_GNG_150,spiking,ASSUMPTION,2,spiking,0,BUILD_BRIEF.md 3.2 refined visual-family rule
AN_GNG_151,spiking,ASSUMPTION,2,spiking,0,BUILD_BRIEF.md 3.2 refined visual-family rule
AN_GNG_152,spiking,ASSUMPTION,2,spiking,0,BUILD_BRIEF.md 3.2 refined visual-family rule
AN_GNG_153,spiking,ASSUMPTION,2,spiking,0,BUILD_BRIEF.md 3.2 refined visual-family rule
AN_GNG_154,spiking,ASSUMPTION,2,spiking,0,BUILD_BRIEF.md 3.2 refined visual-family rule
AN_GNG_155,spiking,ASSUMPTION,2,spiking,0,BUILD_BRIEF.md 3.2 refined visual-family rule
AN_GNG_156,spiking,ASSUMPTION,2,spiking,0,BUILD_BRIEF.md 3.2 refined visual-family rule
AN_GNG_157,spiking,ASSUMPTION,2,spiking,0,BUILD_BRIEF.md 3.2 refined visual-family rule
AN_GNG_158,spiking,ASSUMPTION,2,spiking,0,BUILD_BRIEF.md 3.2 refined visual-family rule
AN_GNG_159,spiking,ASSUMPTION,4,spiking,0,BUILD_BRIEF.md 3.2 refined visual-family rule
AN_GNG_16,spiking,ASSUMPTION,2,spiking,0,BUILD_BRIEF.md 3.2 refined visual-family rule
AN_GNG_160,spiking,ASSUMPTION,2,spiking,0,BUILD_BRIEF.md 3.2 refined visual-family rule
AN_GNG_161,spiking,ASSUMPTION,3,spiking,0,BUILD_BRIEF.md 3.2 refined visual-family rule
AN_GNG_162,spiking,ASSUMPTION,8,spiking,0,BUILD_BRIEF.md 3.2 refined visual-family rule
AN_GNG_163,spiking,ASSUMPTION,7,spiking,0,BUILD_BRIEF.md 3.2 refined visual-family rule
AN_GNG_164,spiking,ASSUMPTION,11,spiking,0,BUILD_BRIEF.md 3.2 refined visual-family rule
AN_GNG_165,spiking,ASSUMPTION,38,spiking,0,BUILD_BRIEF.md 3.2 refined visual-family rule
AN_GNG_166,spiking,ASSUMPTION,11,spiking,0,BUILD_BRIEF.md 3.2 refined visual-family rule
AN_GNG_167,spiking,ASSUMPTION,10,spiking,0,BUILD_BRIEF.md 3.2 refined visual-family rule
AN_GNG_168,spiking,ASSUMPTION,3,spiking,0,BUILD_BRIEF.md 3.2 refined visual-family rule
AN_GNG_169,spiking,ASSUMPTION,4,spiking,0,BUILD_BRIEF.md 3.2 refined visual-family rule
AN_GNG_17,spiking,ASSUMPTION,2,spiking,0,BUILD_BRIEF.md 3.2 refined visual-family rule
AN_GNG_170,spiking,ASSUMPTION,2,spiking,0,BUILD_BRIEF.md 3.2 refined visual-family rule
AN_GNG_171,spiking,ASSUMPTION,4,spiking,0,BUILD_BRIEF.md 3.2 refined visual-family rule
AN_GNG_172,spiking,ASSUMPTION,16,spiking,0,BUILD_BRIEF.md 3.2 refined visual-family rule
AN_GNG_173,spiking,ASSUMPTION,4,spiking,0,BUILD_BRIEF.md 3.2 refined visual-family rule
AN_GNG_174,spiking,ASSUMPTION,2,spiking,0,BUILD_BRIEF.md 3.2 refined visual-family rule
AN_GNG_175,spiking,ASSUMPTION,27,spiking,0,BUILD_BRIEF.md 3.2 refined visual-family rule
AN_GNG_176,spiking,ASSUMPTION,3,spiking,0,BUILD_BRIEF.md 3.2 refined visual-family rule
AN_GNG_177,spiking,ASSUMPTION,5,spiking,0,BUILD_BRIEF.md 3.2 refined visual-family rule
AN_GNG_178,spiking,ASSUMPTION,6,spiking,0,BUILD_BRIEF.md 3.2 refined visual-family rule
AN_GNG_179,spiking,ASSUMPTION,8,spiking,0,BUILD_BRIEF.md 3.2 refined visual-family rule
AN_GNG_18,spiking,ASSUMPTION,2,spiking,0,BUILD_BRIEF.md 3.2 refined visual-family rule
AN_GNG_180,spiking,ASSUMPTION,4,spiking,0,BUILD_BRIEF.md 3.2 refined visual-family rule
AN_GNG_181,spiking,ASSUMPTION,4,spiking,0,BUILD_BRIEF.md 3.2 refined visual-family rule
AN_GNG_182,spiking,ASSUMPTION,5,spiking,0,BUILD_BRIEF.md 3.2 refined visual-family rule
AN_GNG_183,spiking,ASSUMPTION,4,spiking,0,BUILD_BRIEF.md 3.2 refined visual-family rule
AN_GNG_184,spiking,ASSUMPTION,7,spiking,0,BUILD_BRIEF.md 3.2 refined visual-family rule
AN_GNG_185,spiking,ASSUMPTION,4,spiking,0,BUILD_BRIEF.md 3.2 refined visual-family rule
AN_GNG_186,spiking,ASSUMPTION,4,spiking,0,BUILD_BRIEF.md 3.2 refined visual-family rule
AN_GNG_187,spiking,ASSUMPTION,9,spiking,0,BUILD_BRIEF.md 3.2 refined visual-family rule
AN_GNG_188,spiking,ASSUMPTION,5,spiking,0,BUILD_BRIEF.md 3.2 refined visual-family rule
AN_GNG_189,spiking,ASSUMPTION,2,spiking,0,BUILD_BRIEF.md 3.2 refined visual-family rule
AN_GNG_19,spiking,ASSUMPTION,2,spiking,0,BUILD_BRIEF.md 3.2 refined visual-family rule
AN_GNG_190,spiking,ASSUMPTION,5,spiking,0,BUILD_BRIEF.md 3.2 refined visual-family rule
AN_GNG_191,spiking,ASSUMPTION,5,spiking,0,BUILD_BRIEF.md 3.2 refined visual-family rule
AN_GNG_192,spiking,ASSUMPTION,6,spiking,0,BUILD_BRIEF.md 3.2 refined visual-family rule
AN_GNG_193,spiking,ASSUMPTION,5,spiking,0,BUILD_BRIEF.md 3.2 refined visual-family rule
AN_GNG_194,spiking,ASSUMPTION,3,spiking,0,BUILD_BRIEF.md 3.2 refined visual-family rule
AN_GNG_195,spiking,ASSUMPTION,2,spiking,0,BUILD_BRIEF.md 3.2 refined visual-family rule
AN_GNG_196,spiking,ASSUMPTION,6,spiking,0,BUILD_BRIEF.md 3.2 refined visual-family rule
AN_GNG_197,spiking,ASSUMPTION,15,spiking,0,BUILD_BRIEF.md 3.2 refined visual-family rule
AN_GNG_198,spiking,ASSUMPTION,4,spiking,0,BUILD_BRIEF.md 3.2 refined visual-family rule
AN_GNG_199,spiking,ASSUMPTION,3,spiking,0,BUILD_BRIEF.md 3.2 refined visual-family rule
AN_GNG_2,spiking,ASSUMPTION,2,spiking,0,BUILD_BRIEF.md 3.2 refined visual-family rule
AN_GNG_20,spiking,ASSUMPTION,2,spiking,0,BUILD_BRIEF.md 3.2 refined visual-family rule
AN_GNG_200,spiking,ASSUMPTION,6,spiking,0,BUILD_BRIEF.md 3.2 refined visual-family rule
AN_GNG_201,spiking,ASSUMPTION,3,spiking,0,BUILD_BRIEF.md 3.2 refined visual-family rule
AN_GNG_202,spiking,ASSUMPTION,2,spiking,0,BUILD_BRIEF.md 3.2 refined visual-family rule
AN_GNG_203,spiking,ASSUMPTION,3,spiking,0,BUILD_BRIEF.md 3.2 refined visual-family rule
AN_GNG_204,spiking,ASSUMPTION,7,spiking,0,BUILD_BRIEF.md 3.2 refined visual-family rule
AN_GNG_21,spiking,ASSUMPTION,2,spiking,0,BUILD_BRIEF.md 3.2 refined visual-family rule
AN_GNG_22,spiking,ASSUMPTION,4,spiking,0,BUILD_BRIEF.md 3.2 refined visual-family rule
AN_GNG_23,spiking,ASSUMPTION,2,spiking,0,BUILD_BRIEF.md 3.2 refined visual-family rule
AN_GNG_24,spiking,ASSUMPTION,2,spiking,0,BUILD_BRIEF.md 3.2 refined visual-family rule
AN_GNG_25,spiking,ASSUMPTION,2,spiking,0,BUILD_BRIEF.md 3.2 refined visual-family rule
AN_GNG_26,spiking,ASSUMPTION,2,spiking,0,BUILD_BRIEF.md 3.2 refined visual-family rule
AN_GNG_27,spiking,ASSUMPTION,2,spiking,0,BUILD_BRIEF.md 3.2 refined visual-family rule
AN_GNG_28,spiking,ASSUMPTION,2,spiking,0,BUILD_BRIEF.md 3.2 refined visual-family rule
AN_GNG_29,spiking,ASSUMPTION,2,spiking,0,BUILD_BRIEF.md 3.2 refined visual-family rule
AN_GNG_3,spiking,ASSUMPTION,2,spiking,0,BUILD_BRIEF.md 3.2 refined visual-family rule
AN_GNG_30,spiking,ASSUMPTION,2,spiking,0,BUILD_BRIEF.md 3.2 refined visual-family rule
AN_GNG_31,spiking,ASSUMPTION,2,spiking,0,BUILD_BRIEF.md 3.2 refined visual-family rule
AN_GNG_32,spiking,ASSUMPTION,2,spiking,0,BUILD_BRIEF.md 3.2 refined visual-family rule
AN_GNG_33,spiking,ASSUMPTION,2,spiking,0,BUILD_BRIEF.md 3.2 refined visual-family rule
AN_GNG_34,spiking,ASSUMPTION,2,spiking,0,BUILD_BRIEF.md 3.2 refined visual-family rule
AN_GNG_35,spiking,ASSUMPTION,2,spiking,0,BUILD_BRIEF.md 3.2 refined visual-family rule
AN_GNG_36,spiking,ASSUMPTION,2,spiking,0,BUILD_BRIEF.md 3.2 refined visual-family rule
AN_GNG_37,spiking,ASSUMPTION,2,spiking,0,BUILD_BRIEF.md 3.2 refined visual-family rule
AN_GNG_38,spiking,ASSUMPTION,2,spiking,0,BUILD_BRIEF.md 3.2 refined visual-family rule
AN_GNG_39,spiking,ASSUMPTION,2,spiking,0,BUILD_BRIEF.md 3.2 refined visual-family rule
AN_GNG_4,spiking,ASSUMPTION,2,spiking,0,BUILD_BRIEF.md 3.2 refined visual-family rule
AN_GNG_40,spiking,ASSUMPTION,2,spiking,0,BUILD_BRIEF.md 3.2 refined visual-family rule
AN_GNG_41,spiking,ASSUMPTION,2,spiking,0,BUILD_BRIEF.md 3.2 refined visual-family rule
AN_GNG_42,spiking,ASSUMPTION,2,spiking,0,BUILD_BRIEF.md 3.2 refined visual-family rule
AN_GNG_43,spiking,ASSUMPTION,3,spiking,0,BUILD_BRIEF.md 3.2 refined visual-family rule
AN_GNG_44,spiking,ASSUMPTION,2,spiking,0,BUILD_BRIEF.md 3.2 refined visual-family rule
AN_GNG_45,spiking,ASSUMPTION,2,spiking,0,BUILD_BRIEF.md 3.2 refined visual-family rule
AN_GNG_46,spiking,ASSUMPTION,2,spiking,0,BUILD_BRIEF.md 3.2 refined visual-family rule
AN_GNG_47,spiking,ASSUMPTION,2,spiking,0,BUILD_BRIEF.md 3.2 refined visual-family rule
AN_GNG_48,spiking,ASSUMPTION,2,spiking,0,BUILD_BRIEF.md 3.2 refined visual-family rule
AN_GNG_49,spiking,ASSUMPTION,2,spiking,0,BUILD_BRIEF.md 3.2 refined visual-family rule
AN_GNG_5,spiking,ASSUMPTION,2,spiking,0,BUILD_BRIEF.md 3.2 refined visual-family rule
AN_GNG_51,spiking,ASSUMPTION,2,spiking,0,BUILD_BRIEF.md 3.2 refined visual-family rule
AN_GNG_52,spiking,ASSUMPTION,2,spiking,0,BUILD_BRIEF.md 3.2 refined visual-family rule
AN_GNG_53,spiking,ASSUMPTION,2,spiking,0,BUILD_BRIEF.md 3.2 refined visual-family rule
AN_GNG_54,spiking,ASSUMPTION,2,spiking,0,BUILD_BRIEF.md 3.2 refined visual-family rule
AN_GNG_55,spiking,ASSUMPTION,2,spiking,0,BUILD_BRIEF.md 3.2 refined visual-family rule
AN_GNG_56,spiking,ASSUMPTION,2,spiking,0,BUILD_BRIEF.md 3.2 refined visual-family rule
AN_GNG_57,spiking,ASSUMPTION,2,spiking,0,BUILD_BRIEF.md 3.2 refined visual-family rule
AN_GNG_58,spiking,ASSUMPTION,2,spiking,0,BUILD_BRIEF.md 3.2 refined visual-family rule
AN_GNG_59,spiking,ASSUMPTION,4,spiking,0,BUILD_BRIEF.md 3.2 refined visual-family rule
AN_GNG_6,spiking,ASSUMPTION,2,spiking,0,BUILD_BRIEF.md 3.2 refined visual-family rule
AN_GNG_60,spiking,ASSUMPTION,4,spiking,0,BUILD_BRIEF.md 3.2 refined visual-family rule
AN_GNG_61,spiking,ASSUMPTION,2,spiking,0,BUILD_BRIEF.md 3.2 refined visual-family rule
AN_GNG_62,spiking,ASSUMPTION,2,spiking,0,BUILD_BRIEF.md 3.2 refined visual-family rule
AN_GNG_63,spiking,ASSUMPTION,2,spiking,0,BUILD_BRIEF.md 3.2 refined visual-family rule
AN_GNG_64,spiking,ASSUMPTION,2,spiking,0,BUILD_BRIEF.md 3.2 refined visual-family rule
AN_GNG_65,spiking,ASSUMPTION,2,spiking,0,BUILD_BRIEF.md 3.2 refined visual-family rule
AN_GNG_66,spiking,ASSUMPTION,2,spiking,0,BUILD_BRIEF.md 3.2 refined visual-family rule
AN_GNG_67,spiking,ASSUMPTION,2,spiking,0,BUILD_BRIEF.md 3.2 refined visual-family rule
AN_GNG_68,spiking,ASSUMPTION,2,spiking,0,BUILD_BRIEF.md 3.2 refined visual-family rule
AN_GNG_69,spiking,ASSUMPTION,11,spiking,0,BUILD_BRIEF.md 3.2 refined visual-family rule
AN_GNG_7,spiking,ASSUMPTION,2,spiking,0,BUILD_BRIEF.md 3.2 refined visual-family rule
AN_GNG_70,spiking,ASSUMPTION,2,spiking,0,BUILD_BRIEF.md 3.2 refined visual-family rule
AN_GNG_71,spiking,ASSUMPTION,2,spiking,0,BUILD_BRIEF.md 3.2 refined visual-family rule
AN_GNG_72,spiking,ASSUMPTION,2,spiking,0,BUILD_BRIEF.md 3.2 refined visual-family rule
AN_GNG_73,spiking,ASSUMPTION,2,spiking,0,BUILD_BRIEF.md 3.2 refined visual-family rule
AN_GNG_74,spiking,ASSUMPTION,2,spiking,0,BUILD_BRIEF.md 3.2 refined visual-family rule
AN_GNG_75,spiking,ASSUMPTION,2,spiking,0,BUILD_BRIEF.md 3.2 refined visual-family rule
AN_GNG_76,spiking,ASSUMPTION,2,spiking,0,BUILD_BRIEF.md 3.2 refined visual-family rule
AN_GNG_77,spiking,ASSUMPTION,2,spiking,0,BUILD_BRIEF.md 3.2 refined visual-family rule
AN_GNG_78,spiking,ASSUMPTION,2,spiking,0,BUILD_BRIEF.md 3.2 refined visual-family rule
AN_GNG_79,spiking,ASSUMPTION,2,spiking,0,BUILD_BRIEF.md 3.2 refined visual-family rule
AN_GNG_8,spiking,ASSUMPTION,2,spiking,0,BUILD_BRIEF.md 3.2 refined visual-family rule
AN_GNG_80,spiking,ASSUMPTION,2,spiking,0,BUILD_BRIEF.md 3.2 refined visual-family rule
AN_GNG_81,spiking,ASSUMPTION,2,spiking,0,BUILD_BRIEF.md 3.2 refined visual-family rule
AN_GNG_82,spiking,ASSUMPTION,2,spiking,0,BUILD_BRIEF.md 3.2 refined visual-family rule
AN_GNG_83,spiking,ASSUMPTION,2,spiking,0,BUILD_BRIEF.md 3.2 refined visual-family rule
AN_GNG_84,spiking,ASSUMPTION,2,spiking,0,BUILD_BRIEF.md 3.2 refined visual-family rule
AN_GNG_85,spiking,ASSUMPTION,2,spiking,0,BUILD_BRIEF.md 3.2 refined visual-family rule
AN_GNG_86,spiking,ASSUMPTION,2,spiking,0,BUILD_BRIEF.md 3.2 refined visual-family rule
AN_GNG_87,spiking,ASSUMPTION,2,spiking,0,BUILD_BRIEF.md 3.2 refined visual-family rule
AN_GNG_88,spiking,ASSUMPTION,2,spiking,0,BUILD_BRIEF.md 3.2 refined visual-family rule
AN_GNG_89,spiking,ASSUMPTION,2,spiking,0,BUILD_BRIEF.md 3.2 refined visual-family rule
AN_GNG_9,spiking,ASSUMPTION,2,spiking,0,BUILD_BRIEF.md 3.2 refined visual-family rule
AN_GNG_90,spiking,ASSUMPTION,2,spiking,0,BUILD_BRIEF.md 3.2 refined visual-family rule
AN_GNG_91,spiking,ASSUMPTION,2,spiking,0,BUILD_BRIEF.md 3.2 refined visual-family rule
AN_GNG_92,spiking,ASSUMPTION,7,spiking,0,BUILD_BRIEF.md 3.2 refined visual-family rule
AN_GNG_93,spiking,ASSUMPTION,2,spiking,0,BUILD_BRIEF.md 3.2 refined visual-family rule
AN_GNG_94,spiking,ASSUMPTION,4,spiking,0,BUILD_BRIEF.md 3.2 refined visual-family rule
AN_GNG_95,spiking,ASSUMPTION,2,spiking,0,BUILD_BRIEF.md 3.2 refined visual-family rule
AN_GNG_96,spiking,ASSUMPTION,2,spiking,0,BUILD_BRIEF.md 3.2 refined visual-family rule
AN_GNG_97,spiking,ASSUMPTION,2,spiking,0,BUILD_BRIEF.md 3.2 refined visual-family rule
AN_GNG_98,spiking,ASSUMPTION,2,spiking,0,BUILD_BRIEF.md 3.2 refined visual-family rule
AN_GNG_99,spiking,ASSUMPTION,3,spiking,0,BUILD_BRIEF.md 3.2 refined visual-family rule
AN_GNG_AMMC_1,spiking,ASSUMPTION,2,spiking,0,BUILD_BRIEF.md 3.2 refined visual-family rule
AN_GNG_AMMC_2,spiking,ASSUMPTION,2,spiking,0,BUILD_BRIEF.md 3.2 refined visual-family rule
AN_GNG_AMMC_3,spiking,ASSUMPTION,2,spiking,0,BUILD_BRIEF.md 3.2 refined visual-family rule
AN_GNG_AVLP_1,spiking,ASSUMPTION,4,spiking,0,BUILD_BRIEF.md 3.2 refined visual-family rule
AN_GNG_AVLP_2,spiking,ASSUMPTION,2,spiking,0,BUILD_BRIEF.md 3.2 refined visual-family rule
AN_GNG_FLA_1,spiking,ASSUMPTION,2,spiking,0,BUILD_BRIEF.md 3.2 refined visual-family rule
AN_GNG_FLA_2,spiking,ASSUMPTION,2,spiking,0,BUILD_BRIEF.md 3.2 refined visual-family rule
AN_GNG_FLA_3,spiking,ASSUMPTION,2,spiking,0,BUILD_BRIEF.md 3.2 refined visual-family rule
AN_GNG_FLA_4,spiking,ASSUMPTION,2,spiking,0,BUILD_BRIEF.md 3.2 refined visual-family rule
AN_GNG_FLA_5,spiking,ASSUMPTION,2,spiking,0,BUILD_BRIEF.md 3.2 refined visual-family rule
AN_GNG_FLA_6,spiking,ASSUMPTION,2,spiking,0,BUILD_BRIEF.md 3.2 refined visual-family rule
AN_GNG_IPS_1,spiking,ASSUMPTION,2,spiking,0,BUILD_BRIEF.md 3.2 refined visual-family rule
AN_GNG_IPS_10,spiking,ASSUMPTION,2,spiking,0,BUILD_BRIEF.md 3.2 refined visual-family rule
AN_GNG_IPS_11,spiking,ASSUMPTION,2,spiking,0,BUILD_BRIEF.md 3.2 refined visual-family rule
AN_GNG_IPS_12,spiking,ASSUMPTION,2,spiking,0,BUILD_BRIEF.md 3.2 refined visual-family rule
AN_GNG_IPS_13,spiking,ASSUMPTION,3,spiking,0,BUILD_BRIEF.md 3.2 refined visual-family rule
AN_GNG_IPS_14,spiking,ASSUMPTION,7,spiking,0,BUILD_BRIEF.md 3.2 refined visual-family rule
AN_GNG_IPS_15,spiking,ASSUMPTION,3,spiking,0,BUILD_BRIEF.md 3.2 refined visual-family rule
AN_GNG_IPS_16,spiking,ASSUMPTION,3,spiking,0,BUILD_BRIEF.md 3.2 refined visual-family rule
AN_GNG_IPS_17,spiking,ASSUMPTION,3,spiking,0,BUILD_BRIEF.md 3.2 refined visual-family rule
AN_GNG_IPS_18,spiking,ASSUMPTION,5,spiking,0,BUILD_BRIEF.md 3.2 refined visual-family rule
AN_GNG_IPS_19,spiking,ASSUMPTION,10,spiking,0,BUILD_BRIEF.md 3.2 refined visual-family rule
AN_GNG_IPS_2,spiking,ASSUMPTION,2,spiking,0,BUILD_BRIEF.md 3.2 refined visual-family rule
AN_GNG_IPS_20,spiking,ASSUMPTION,4,spiking,0,BUILD_BRIEF.md 3.2 refined visual-family rule
AN_GNG_IPS_3,spiking,ASSUMPTION,2,spiking,0,BUILD_BRIEF.md 3.2 refined visual-family rule
AN_GNG_IPS_4,spiking,ASSUMPTION,2,spiking,0,BUILD_BRIEF.md 3.2 refined visual-family rule
AN_GNG_IPS_5,spiking,ASSUMPTION,2,spiking,0,BUILD_BRIEF.md 3.2 refined visual-family rule
AN_GNG_IPS_6,spiking,ASSUMPTION,2,spiking,0,BUILD_BRIEF.md 3.2 refined visual-family rule
AN_GNG_IPS_7,spiking,ASSUMPTION,2,spiking,0,BUILD_BRIEF.md 3.2 refined visual-family rule
AN_GNG_IPS_8,spiking,ASSUMPTION,2,spiking,0,BUILD_BRIEF.md 3.2 refined visual-family rule
AN_GNG_IPS_9,spiking,ASSUMPTION,2,spiking,0,BUILD_BRIEF.md 3.2 refined visual-family rule
AN_GNG_LAL_1,spiking,ASSUMPTION,2,spiking,0,BUILD_BRIEF.md 3.2 refined visual-family rule
AN_GNG_PRW_1,spiking,ASSUMPTION,2,spiking,0,BUILD_BRIEF.md 3.2 refined visual-family rule
AN_GNG_PRW_2,spiking,ASSUMPTION,2,spiking,0,BUILD_BRIEF.md 3.2 refined visual-family rule
AN_GNG_PRW_3,spiking,ASSUMPTION,2,spiking,0,BUILD_BRIEF.md 3.2 refined visual-family rule
AN_GNG_PRW_4,spiking,ASSUMPTION,2,spiking,0,BUILD_BRIEF.md 3.2 refined visual-family rule
AN_GNG_SAD33,spiking,ASSUMPTION,2,spiking,0,BUILD_BRIEF.md 3.2 refined visual-family rule
AN_GNG_SAD_1,spiking,ASSUMPTION,2,spiking,0,BUILD_BRIEF.md 3.2 refined visual-family rule
AN_GNG_SAD_10,spiking,ASSUMPTION,2,spiking,0,BUILD_BRIEF.md 3.2 refined visual-family rule
AN_GNG_SAD_11,spiking,ASSUMPTION,2,spiking,0,BUILD_BRIEF.md 3.2 refined visual-family rule
AN_GNG_SAD_12,spiking,ASSUMPTION,2,spiking,0,BUILD_BRIEF.md 3.2 refined visual-family rule
AN_GNG_SAD_13,spiking,ASSUMPTION,2,spiking,0,BUILD_BRIEF.md 3.2 refined visual-family rule
AN_GNG_SAD_14,spiking,ASSUMPTION,2,spiking,0,BUILD_BRIEF.md 3.2 refined visual-family rule
AN_GNG_SAD_15,spiking,ASSUMPTION,2,spiking,0,BUILD_BRIEF.md 3.2 refined visual-family rule
AN_GNG_SAD_16,spiking,ASSUMPTION,2,spiking,0,BUILD_BRIEF.md 3.2 refined visual-family rule
AN_GNG_SAD_17,spiking,ASSUMPTION,2,spiking,0,BUILD_BRIEF.md 3.2 refined visual-family rule
AN_GNG_SAD_18,spiking,ASSUMPTION,2,spiking,0,BUILD_BRIEF.md 3.2 refined visual-family rule
AN_GNG_SAD_19,spiking,ASSUMPTION,2,spiking,0,BUILD_BRIEF.md 3.2 refined visual-family rule
AN_GNG_SAD_2,spiking,ASSUMPTION,2,spiking,0,BUILD_BRIEF.md 3.2 refined visual-family rule
AN_GNG_SAD_20,spiking,ASSUMPTION,2,spiking,0,BUILD_BRIEF.md 3.2 refined visual-family rule
AN_GNG_SAD_21,spiking,ASSUMPTION,2,spiking,0,BUILD_BRIEF.md 3.2 refined visual-family rule
AN_GNG_SAD_22,spiking,ASSUMPTION,2,spiking,0,BUILD_BRIEF.md 3.2 refined visual-family rule
AN_GNG_SAD_23,spiking,ASSUMPTION,2,spiking,0,BUILD_BRIEF.md 3.2 refined visual-family rule
AN_GNG_SAD_24,spiking,ASSUMPTION,2,spiking,0,BUILD_BRIEF.md 3.2 refined visual-family rule
AN_GNG_SAD_25,spiking,ASSUMPTION,2,spiking,0,BUILD_BRIEF.md 3.2 refined visual-family rule
AN_GNG_SAD_26,spiking,ASSUMPTION,5,spiking,0,BUILD_BRIEF.md 3.2 refined visual-family rule
AN_GNG_SAD_27,spiking,ASSUMPTION,2,spiking,0,BUILD_BRIEF.md 3.2 refined visual-family rule
AN_GNG_SAD_28,spiking,ASSUMPTION,2,spiking,0,BUILD_BRIEF.md 3.2 refined visual-family rule
AN_GNG_SAD_29,spiking,ASSUMPTION,2,spiking,0,BUILD_BRIEF.md 3.2 refined visual-family rule
AN_GNG_SAD_3,spiking,ASSUMPTION,2,spiking,0,BUILD_BRIEF.md 3.2 refined visual-family rule
AN_GNG_SAD_30,spiking,ASSUMPTION,4,spiking,0,BUILD_BRIEF.md 3.2 refined visual-family rule
AN_GNG_SAD_31,spiking,ASSUMPTION,3,spiking,0,BUILD_BRIEF.md 3.2 refined visual-family rule
AN_GNG_SAD_32,spiking,ASSUMPTION,8,spiking,0,BUILD_BRIEF.md 3.2 refined visual-family rule
AN_GNG_SAD_33,spiking,ASSUMPTION,4,spiking,0,BUILD_BRIEF.md 3.2 refined visual-family rule
AN_GNG_SAD_34,spiking,ASSUMPTION,4,spiking,0,BUILD_BRIEF.md 3.2 refined visual-family rule
AN_GNG_SAD_35,spiking,ASSUMPTION,2,spiking,0,BUILD_BRIEF.md 3.2 refined visual-family rule
AN_GNG_SAD_4,spiking,ASSUMPTION,2,spiking,0,BUILD_BRIEF.md 3.2 refined visual-family rule
AN_GNG_SAD_5,spiking,ASSUMPTION,2,spiking,0,BUILD_BRIEF.md 3.2 refined visual-family rule
AN_GNG_SAD_6,spiking,ASSUMPTION,2,spiking,0,BUILD_BRIEF.md 3.2 refined visual-family rule
AN_GNG_SAD_7,spiking,ASSUMPTION,2,spiking,0,BUILD_BRIEF.md 3.2 refined visual-family rule
AN_GNG_SAD_8,spiking,ASSUMPTION,2,spiking,0,BUILD_BRIEF.md 3.2 refined visual-family rule
AN_GNG_SAD_9,spiking,ASSUMPTION,2,spiking,0,BUILD_BRIEF.md 3.2 refined visual-family rule
AN_GNG_SPS_1,spiking,ASSUMPTION,4,spiking,0,BUILD_BRIEF.md 3.2 refined visual-family rule
AN_GNG_VES_1,spiking,ASSUMPTION,2,spiking,0,BUILD_BRIEF.md 3.2 refined visual-family rule
AN_GNG_VES_10,spiking,ASSUMPTION,4,spiking,0,BUILD_BRIEF.md 3.2 refined visual-family rule
AN_GNG_VES_11,spiking,ASSUMPTION,2,spiking,0,BUILD_BRIEF.md 3.2 refined visual-family rule
AN_GNG_VES_12,spiking,ASSUMPTION,3,spiking,0,BUILD_BRIEF.md 3.2 refined visual-family rule
AN_GNG_VES_2,spiking,ASSUMPTION,2,spiking,0,BUILD_BRIEF.md 3.2 refined visual-family rule
AN_GNG_VES_3,spiking,ASSUMPTION,2,spiking,0,BUILD_BRIEF.md 3.2 refined visual-family rule
AN_GNG_VES_4,spiking,ASSUMPTION,6,spiking,0,BUILD_BRIEF.md 3.2 refined visual-family rule
AN_GNG_VES_5,spiking,ASSUMPTION,2,spiking,0,BUILD_BRIEF.md 3.2 refined visual-family rule
AN_GNG_VES_6,spiking,ASSUMPTION,2,spiking,0,BUILD_BRIEF.md 3.2 refined visual-family rule
AN_GNG_VES_7,spiking,ASSUMPTION,6,spiking,0,BUILD_BRIEF.md 3.2 refined visual-family rule
AN_GNG_VES_8,spiking,ASSUMPTION,2,spiking,0,BUILD_BRIEF.md 3.2 refined visual-family rule
AN_GNG_VES_9,spiking,ASSUMPTION,4,spiking,0,BUILD_BRIEF.md 3.2 refined visual-family rule
AN_GNG_WED_1,spiking,ASSUMPTION,2,spiking,0,BUILD_BRIEF.md 3.2 refined visual-family rule
AN_GNG_WED_2,spiking,ASSUMPTION,4,spiking,0,BUILD_BRIEF.md 3.2 refined visual-family rule
AN_GNG_WED_3,spiking,ASSUMPTION,2,spiking,0,BUILD_BRIEF.md 3.2 refined visual-family rule
AN_IPS_1,spiking,ASSUMPTION,2,spiking,0,BUILD_BRIEF.md 3.2 refined visual-family rule
AN_IPS_GNG_1,spiking,ASSUMPTION,2,spiking,0,BUILD_BRIEF.md 3.2 refined visual-family rule
AN_IPS_GNG_2,spiking,ASSUMPTION,2,spiking,0,BUILD_BRIEF.md 3.2 refined visual-family rule
AN_IPS_GNG_3,spiking,ASSUMPTION,2,spiking,0,BUILD_BRIEF.md 3.2 refined visual-family rule
AN_IPS_GNG_4,spiking,ASSUMPTION,2,spiking,0,BUILD_BRIEF.md 3.2 refined visual-family rule
AN_IPS_GNG_5,spiking,ASSUMPTION,2,spiking,0,BUILD_BRIEF.md 3.2 refined visual-family rule
AN_IPS_GNG_6,spiking,ASSUMPTION,13,spiking,0,BUILD_BRIEF.md 3.2 refined visual-family rule
AN_IPS_GNG_7,spiking,ASSUMPTION,12,spiking,0,BUILD_BRIEF.md 3.2 refined visual-family rule
AN_IPS_LAL_1,spiking,ASSUMPTION,6,spiking,0,BUILD_BRIEF.md 3.2 refined visual-family rule
AN_IPS_SPS_1,spiking,ASSUMPTION,2,spiking,0,BUILD_BRIEF.md 3.2 refined visual-family rule
AN_IPS_WED_1,spiking,ASSUMPTION,2,spiking,0,BUILD_BRIEF.md 3.2 refined visual-family rule
AN_IPS_WED_2,spiking,ASSUMPTION,2,spiking,0,BUILD_BRIEF.md 3.2 refined visual-family rule
AN_LAL_1,spiking,ASSUMPTION,2,spiking,0,BUILD_BRIEF.md 3.2 refined visual-family rule
AN_LH_AVLP_1,spiking,ASSUMPTION,4,spiking,0,BUILD_BRIEF.md 3.2 refined visual-family rule
AN_PRW_FLA_1,spiking,ASSUMPTION,3,spiking,0,BUILD_BRIEF.md 3.2 refined visual-family rule
AN_SAD_FLA_1,spiking,ASSUMPTION,2,spiking,0,BUILD_BRIEF.md 3.2 refined visual-family rule
AN_SAD_GNG_1,spiking,ASSUMPTION,2,spiking,0,BUILD_BRIEF.md 3.2 refined visual-family rule
AN_SAD_GNG_2,spiking,ASSUMPTION,2,spiking,0,BUILD_BRIEF.md 3.2 refined visual-family rule
AN_SLP_AVLP_1,spiking,ASSUMPTION,4,spiking,0,BUILD_BRIEF.md 3.2 refined visual-family rule
AN_SLP_LH_1,spiking,ASSUMPTION,2,spiking,0,BUILD_BRIEF.md 3.2 refined visual-family rule
AN_SMP_1,spiking,ASSUMPTION,5,spiking,0,BUILD_BRIEF.md 3.2 refined visual-family rule
AN_SMP_2,spiking,ASSUMPTION,2,spiking,0,BUILD_BRIEF.md 3.2 refined visual-family rule
AN_SMP_3,spiking,ASSUMPTION,2,spiking,0,BUILD_BRIEF.md 3.2 refined visual-family rule
AN_SMP_FLA_1,spiking,ASSUMPTION,2,spiking,0,BUILD_BRIEF.md 3.2 refined visual-family rule
AN_SPS_GNG_1,spiking,ASSUMPTION,2,spiking,0,BUILD_BRIEF.md 3.2 refined visual-family rule
AN_SPS_IPS_1,spiking,ASSUMPTION,2,spiking,0,BUILD_BRIEF.md 3.2 refined visual-family rule
AN_SPS_IPS_2,spiking,ASSUMPTION,6,spiking,0,BUILD_BRIEF.md 3.2 refined visual-family rule
AN_SPS_IPS_3,spiking,ASSUMPTION,2,spiking,0,BUILD_BRIEF.md 3.2 refined visual-family rule
AN_SPS_IPS_4,spiking,ASSUMPTION,2,spiking,0,BUILD_BRIEF.md 3.2 refined visual-family rule
AN_SPS_IPS_5,spiking,ASSUMPTION,2,spiking,0,BUILD_BRIEF.md 3.2 refined visual-family rule
AN_SPS_IPS_6,spiking,ASSUMPTION,2,spiking,0,BUILD_BRIEF.md 3.2 refined visual-family rule
AN_VES_GNG_1,spiking,ASSUMPTION,2,spiking,0,BUILD_BRIEF.md 3.2 refined visual-family rule
AN_VES_GNG_2,spiking,ASSUMPTION,2,spiking,0,BUILD_BRIEF.md 3.2 refined visual-family rule
AN_VES_GNG_3,spiking,ASSUMPTION,2,spiking,0,BUILD_BRIEF.md 3.2 refined visual-family rule
AN_VES_GNG_4,spiking,ASSUMPTION,2,spiking,0,BUILD_BRIEF.md 3.2 refined visual-family rule
AN_VES_GNG_5,spiking,ASSUMPTION,2,spiking,0,BUILD_BRIEF.md 3.2 refined visual-family rule
AN_VES_GNG_6,spiking,ASSUMPTION,2,spiking,0,BUILD_BRIEF.md 3.2 refined visual-family rule
AN_VES_GNG_7,spiking,ASSUMPTION,2,spiking,0,BUILD_BRIEF.md 3.2 refined visual-family rule
AN_VES_GNG_8,spiking,ASSUMPTION,4,spiking,0,BUILD_BRIEF.md 3.2 refined visual-family rule
AN_VES_WED_1,spiking,ASSUMPTION,2,spiking,0,BUILD_BRIEF.md 3.2 refined visual-family rule
AN_VES_WED_2,spiking,ASSUMPTION,2,spiking,0,BUILD_BRIEF.md 3.2 refined visual-family rule
AN_VES_WED_3,spiking,ASSUMPTION,2,spiking,0,BUILD_BRIEF.md 3.2 refined visual-family rule
AN_WED_GNG_1,spiking,ASSUMPTION,2,spiking,0,BUILD_BRIEF.md 3.2 refined visual-family rule
AN_WED_GNG_2,spiking,ASSUMPTION,4,spiking,0,BUILD_BRIEF.md 3.2 refined visual-family rule
AN_multi_1,spiking,ASSUMPTION,2,spiking,0,BUILD_BRIEF.md 3.2 refined visual-family rule
AN_multi_10,spiking,ASSUMPTION,2,spiking,0,BUILD_BRIEF.md 3.2 refined visual-family rule
AN_multi_100,spiking,ASSUMPTION,2,spiking,0,BUILD_BRIEF.md 3.2 refined visual-family rule
AN_multi_101,spiking,ASSUMPTION,2,spiking,0,BUILD_BRIEF.md 3.2 refined visual-family rule
AN_multi_102,spiking,ASSUMPTION,2,spiking,0,BUILD_BRIEF.md 3.2 refined visual-family rule
AN_multi_103,spiking,ASSUMPTION,2,spiking,0,BUILD_BRIEF.md 3.2 refined visual-family rule
AN_multi_104,spiking,ASSUMPTION,2,spiking,0,BUILD_BRIEF.md 3.2 refined visual-family rule
AN_multi_105,spiking,ASSUMPTION,2,spiking,0,BUILD_BRIEF.md 3.2 refined visual-family rule
AN_multi_106,spiking,ASSUMPTION,4,spiking,0,BUILD_BRIEF.md 3.2 refined visual-family rule
AN_multi_107,spiking,ASSUMPTION,2,spiking,0,BUILD_BRIEF.md 3.2 refined visual-family rule
AN_multi_108,spiking,ASSUMPTION,2,spiking,0,BUILD_BRIEF.md 3.2 refined visual-family rule
AN_multi_109,spiking,ASSUMPTION,2,spiking,0,BUILD_BRIEF.md 3.2 refined visual-family rule
AN_multi_11,spiking,ASSUMPTION,2,spiking,0,BUILD_BRIEF.md 3.2 refined visual-family rule
AN_multi_110,spiking,ASSUMPTION,2,spiking,0,BUILD_BRIEF.md 3.2 refined visual-family rule
AN_multi_111,spiking,ASSUMPTION,2,spiking,0,BUILD_BRIEF.md 3.2 refined visual-family rule
AN_multi_112,spiking,ASSUMPTION,2,spiking,0,BUILD_BRIEF.md 3.2 refined visual-family rule
AN_multi_113,spiking,ASSUMPTION,2,spiking,0,BUILD_BRIEF.md 3.2 refined visual-family rule
AN_multi_114,spiking,ASSUMPTION,2,spiking,0,BUILD_BRIEF.md 3.2 refined visual-family rule
AN_multi_115,spiking,ASSUMPTION,2,spiking,0,BUILD_BRIEF.md 3.2 refined visual-family rule
AN_multi_116,spiking,ASSUMPTION,2,spiking,0,BUILD_BRIEF.md 3.2 refined visual-family rule
AN_multi_117,spiking,ASSUMPTION,4,spiking,0,BUILD_BRIEF.md 3.2 refined visual-family rule
AN_multi_118,spiking,ASSUMPTION,2,spiking,0,BUILD_BRIEF.md 3.2 refined visual-family rule
AN_multi_119,spiking,ASSUMPTION,2,spiking,0,BUILD_BRIEF.md 3.2 refined visual-family rule
AN_multi_12,spiking,ASSUMPTION,2,spiking,0,BUILD_BRIEF.md 3.2 refined visual-family rule
AN_multi_120,spiking,ASSUMPTION,2,spiking,0,BUILD_BRIEF.md 3.2 refined visual-family rule
AN_multi_121,spiking,ASSUMPTION,2,spiking,0,BUILD_BRIEF.md 3.2 refined visual-family rule
AN_multi_122,spiking,ASSUMPTION,2,spiking,0,BUILD_BRIEF.md 3.2 refined visual-family rule
AN_multi_124,spiking,ASSUMPTION,10,spiking,0,BUILD_BRIEF.md 3.2 refined visual-family rule
AN_multi_125,spiking,ASSUMPTION,2,spiking,0,BUILD_BRIEF.md 3.2 refined visual-family rule
AN_multi_127,spiking,ASSUMPTION,4,spiking,0,BUILD_BRIEF.md 3.2 refined visual-family rule
AN_multi_128,spiking,ASSUMPTION,4,spiking,0,BUILD_BRIEF.md 3.2 refined visual-family rule
AN_multi_13,spiking,ASSUMPTION,2,spiking,0,BUILD_BRIEF.md 3.2 refined visual-family rule
AN_multi_14,spiking,ASSUMPTION,2,spiking,0,BUILD_BRIEF.md 3.2 refined visual-family rule
AN_multi_15,spiking,ASSUMPTION,2,spiking,0,BUILD_BRIEF.md 3.2 refined visual-family rule
AN_multi_16,spiking,ASSUMPTION,2,spiking,0,BUILD_BRIEF.md 3.2 refined visual-family rule
AN_multi_17,spiking,ASSUMPTION,2,spiking,0,BUILD_BRIEF.md 3.2 refined visual-family rule
AN_multi_18,spiking,ASSUMPTION,4,spiking,0,BUILD_BRIEF.md 3.2 refined visual-family rule
AN_multi_19,spiking,ASSUMPTION,2,spiking,0,BUILD_BRIEF.md 3.2 refined visual-family rule
AN_multi_2,spiking,ASSUMPTION,2,spiking,0,BUILD_BRIEF.md 3.2 refined visual-family rule
AN_multi_20,spiking,ASSUMPTION,2,spiking,0,BUILD_BRIEF.md 3.2 refined visual-family rule
AN_multi_21,spiking,ASSUMPTION,2,spiking,0,BUILD_BRIEF.md 3.2 refined visual-family rule
AN_multi_22,spiking,ASSUMPTION,2,spiking,0,BUILD_BRIEF.md 3.2 refined visual-family rule
AN_multi_23,spiking,ASSUMPTION,2,spiking,0,BUILD_BRIEF.md 3.2 refined visual-family rule
AN_multi_24,spiking,ASSUMPTION,2,spiking,0,BUILD_BRIEF.md 3.2 refined visual-family rule
AN_multi_25,spiking,ASSUMPTION,2,spiking,0,BUILD_BRIEF.md 3.2 refined visual-family rule
AN_multi_26,spiking,ASSUMPTION,2,spiking,0,BUILD_BRIEF.md 3.2 refined visual-family rule
AN_multi_27,spiking,ASSUMPTION,2,spiking,0,BUILD_BRIEF.md 3.2 refined visual-family rule
AN_multi_28,spiking,ASSUMPTION,2,spiking,0,BUILD_BRIEF.md 3.2 refined visual-family rule
AN_multi_29,spiking,ASSUMPTION,2,spiking,0,BUILD_BRIEF.md 3.2 refined visual-family rule
AN_multi_3,spiking,ASSUMPTION,2,spiking,0,BUILD_BRIEF.md 3.2 refined visual-family rule
AN_multi_30,spiking,ASSUMPTION,2,spiking,0,BUILD_BRIEF.md 3.2 refined visual-family rule
AN_multi_31,spiking,ASSUMPTION,2,spiking,0,BUILD_BRIEF.md 3.2 refined visual-family rule
AN_multi_32,spiking,ASSUMPTION,2,spiking,0,BUILD_BRIEF.md 3.2 refined visual-family rule
AN_multi_33,spiking,ASSUMPTION,2,spiking,0,BUILD_BRIEF.md 3.2 refined visual-family rule
AN_multi_34,spiking,ASSUMPTION,2,spiking,0,BUILD_BRIEF.md 3.2 refined visual-family rule
AN_multi_35,spiking,ASSUMPTION,2,spiking,0,BUILD_BRIEF.md 3.2 refined visual-family rule
AN_multi_36,spiking,ASSUMPTION,2,spiking,0,BUILD_BRIEF.md 3.2 refined visual-family rule
AN_multi_37,spiking,ASSUMPTION,2,spiking,0,BUILD_BRIEF.md 3.2 refined visual-family rule
AN_multi_38,spiking,ASSUMPTION,2,spiking,0,BUILD_BRIEF.md 3.2 refined visual-family rule
AN_multi_39,spiking,ASSUMPTION,2,spiking,0,BUILD_BRIEF.md 3.2 refined visual-family rule
AN_multi_4,spiking,ASSUMPTION,2,spiking,0,BUILD_BRIEF.md 3.2 refined visual-family rule
AN_multi_40,spiking,ASSUMPTION,2,spiking,0,BUILD_BRIEF.md 3.2 refined visual-family rule
AN_multi_41,spiking,ASSUMPTION,2,spiking,0,BUILD_BRIEF.md 3.2 refined visual-family rule
AN_multi_42,spiking,ASSUMPTION,2,spiking,0,BUILD_BRIEF.md 3.2 refined visual-family rule
AN_multi_43,spiking,ASSUMPTION,2,spiking,0,BUILD_BRIEF.md 3.2 refined visual-family rule
AN_multi_44,spiking,ASSUMPTION,2,spiking,0,BUILD_BRIEF.md 3.2 refined visual-family rule
AN_multi_45,spiking,ASSUMPTION,2,spiking,0,BUILD_BRIEF.md 3.2 refined visual-family rule
AN_multi_46,spiking,ASSUMPTION,2,spiking,0,BUILD_BRIEF.md 3.2 refined visual-family rule
AN_multi_47,spiking,ASSUMPTION,2,spiking,0,BUILD_BRIEF.md 3.2 refined visual-family rule
AN_multi_48,spiking,ASSUMPTION,2,spiking,0,BUILD_BRIEF.md 3.2 refined visual-family rule
AN_multi_49,spiking,ASSUMPTION,2,spiking,0,BUILD_BRIEF.md 3.2 refined visual-family rule
AN_multi_50,spiking,ASSUMPTION,2,spiking,0,BUILD_BRIEF.md 3.2 refined visual-family rule
AN_multi_51,spiking,ASSUMPTION,2,spiking,0,BUILD_BRIEF.md 3.2 refined visual-family rule
AN_multi_52,spiking,ASSUMPTION,2,spiking,0,BUILD_BRIEF.md 3.2 refined visual-family rule
AN_multi_53,spiking,ASSUMPTION,2,spiking,0,BUILD_BRIEF.md 3.2 refined visual-family rule
AN_multi_54,spiking,ASSUMPTION,2,spiking,0,BUILD_BRIEF.md 3.2 refined visual-family rule
AN_multi_55,spiking,ASSUMPTION,2,spiking,0,BUILD_BRIEF.md 3.2 refined visual-family rule
AN_multi_56,spiking,ASSUMPTION,2,spiking,0,BUILD_BRIEF.md 3.2 refined visual-family rule
AN_multi_57,spiking,ASSUMPTION,2,spiking,0,BUILD_BRIEF.md 3.2 refined visual-family rule
AN_multi_58,spiking,ASSUMPTION,2,spiking,0,BUILD_BRIEF.md 3.2 refined visual-family rule
AN_multi_59,spiking,ASSUMPTION,2,spiking,0,BUILD_BRIEF.md 3.2 refined visual-family rule
AN_multi_6,spiking,ASSUMPTION,2,spiking,0,BUILD_BRIEF.md 3.2 refined visual-family rule
AN_multi_60,spiking,ASSUMPTION,2,spiking,0,BUILD_BRIEF.md 3.2 refined visual-family rule
AN_multi_61,spiking,ASSUMPTION,2,spiking,0,BUILD_BRIEF.md 3.2 refined visual-family rule
AN_multi_62,spiking,ASSUMPTION,2,spiking,0,BUILD_BRIEF.md 3.2 refined visual-family rule
AN_multi_63,spiking,ASSUMPTION,2,spiking,0,BUILD_BRIEF.md 3.2 refined visual-family rule
AN_multi_64,spiking,ASSUMPTION,2,spiking,0,BUILD_BRIEF.md 3.2 refined visual-family rule
AN_multi_65,spiking,ASSUMPTION,2,spiking,0,BUILD_BRIEF.md 3.2 refined visual-family rule
AN_multi_66,spiking,ASSUMPTION,2,spiking,0,BUILD_BRIEF.md 3.2 refined visual-family rule
AN_multi_67,spiking,ASSUMPTION,2,spiking,0,BUILD_BRIEF.md 3.2 refined visual-family rule
AN_multi_68,spiking,ASSUMPTION,2,spiking,0,BUILD_BRIEF.md 3.2 refined visual-family rule
AN_multi_69,spiking,ASSUMPTION,2,spiking,0,BUILD_BRIEF.md 3.2 refined visual-family rule
AN_multi_7,spiking,ASSUMPTION,2,spiking,0,BUILD_BRIEF.md 3.2 refined visual-family rule
AN_multi_70,spiking,ASSUMPTION,2,spiking,0,BUILD_BRIEF.md 3.2 refined visual-family rule
AN_multi_71,spiking,ASSUMPTION,2,spiking,0,BUILD_BRIEF.md 3.2 refined visual-family rule
AN_multi_72,spiking,ASSUMPTION,2,spiking,0,BUILD_BRIEF.md 3.2 refined visual-family rule
AN_multi_73,spiking,ASSUMPTION,2,spiking,0,BUILD_BRIEF.md 3.2 refined visual-family rule
AN_multi_74,spiking,ASSUMPTION,2,spiking,0,BUILD_BRIEF.md 3.2 refined visual-family rule
AN_multi_75,spiking,ASSUMPTION,2,spiking,0,BUILD_BRIEF.md 3.2 refined visual-family rule
AN_multi_76,spiking,ASSUMPTION,2,spiking,0,BUILD_BRIEF.md 3.2 refined visual-family rule
AN_multi_77,spiking,ASSUMPTION,2,spiking,0,BUILD_BRIEF.md 3.2 refined visual-family rule
AN_multi_78,spiking,ASSUMPTION,2,spiking,0,BUILD_BRIEF.md 3.2 refined visual-family rule
AN_multi_79,spiking,ASSUMPTION,2,spiking,0,BUILD_BRIEF.md 3.2 refined visual-family rule
AN_multi_8,spiking,ASSUMPTION,2,spiking,0,BUILD_BRIEF.md 3.2 refined visual-family rule
AN_multi_80,spiking,ASSUMPTION,2,spiking,0,BUILD_BRIEF.md 3.2 refined visual-family rule
AN_multi_81,spiking,ASSUMPTION,2,spiking,0,BUILD_BRIEF.md 3.2 refined visual-family rule
AN_multi_82,spiking,ASSUMPTION,2,spiking,0,BUILD_BRIEF.md 3.2 refined visual-family rule
AN_multi_83,spiking,ASSUMPTION,2,spiking,0,BUILD_BRIEF.md 3.2 refined visual-family rule
AN_multi_84,spiking,ASSUMPTION,2,spiking,0,BUILD_BRIEF.md 3.2 refined visual-family rule
AN_multi_85,spiking,ASSUMPTION,2,spiking,0,BUILD_BRIEF.md 3.2 refined visual-family rule
AN_multi_86,spiking,ASSUMPTION,2,spiking,0,BUILD_BRIEF.md 3.2 refined visual-family rule
AN_multi_87,spiking,ASSUMPTION,2,spiking,0,BUILD_BRIEF.md 3.2 refined visual-family rule
AN_multi_88,spiking,ASSUMPTION,2,spiking,0,BUILD_BRIEF.md 3.2 refined visual-family rule
AN_multi_89,spiking,ASSUMPTION,2,spiking,0,BUILD_BRIEF.md 3.2 refined visual-family rule
AN_multi_9,spiking,ASSUMPTION,2,spiking,0,BUILD_BRIEF.md 3.2 refined visual-family rule
AN_multi_90,spiking,ASSUMPTION,2,spiking,0,BUILD_BRIEF.md 3.2 refined visual-family rule
AN_multi_91,spiking,ASSUMPTION,2,spiking,0,BUILD_BRIEF.md 3.2 refined visual-family rule
AN_multi_92,spiking,ASSUMPTION,2,spiking,0,BUILD_BRIEF.md 3.2 refined visual-family rule
AN_multi_93,spiking,ASSUMPTION,2,spiking,0,BUILD_BRIEF.md 3.2 refined visual-family rule
AN_multi_94,spiking,ASSUMPTION,2,spiking,0,BUILD_BRIEF.md 3.2 refined visual-family rule
AN_multi_95,spiking,ASSUMPTION,2,spiking,0,BUILD_BRIEF.md 3.2 refined visual-family rule
AN_multi_96,spiking,ASSUMPTION,2,spiking,0,BUILD_BRIEF.md 3.2 refined visual-family rule
AN_multi_97,spiking,ASSUMPTION,2,spiking,0,BUILD_BRIEF.md 3.2 refined visual-family rule
AN_multi_98,spiking,ASSUMPTION,4,spiking,0,BUILD_BRIEF.md 3.2 refined visual-family rule
AN_multi_99,spiking,ASSUMPTION,2,spiking,0,BUILD_BRIEF.md 3.2 refined visual-family rule
AOTU007,spiking,ASSUMPTION,11,spiking,0,BUILD_BRIEF.md 3.2 refined visual-family rule
AOTU008a,spiking,ASSUMPTION,8,spiking,0,BUILD_BRIEF.md 3.2 refined visual-family rule
AOTU008b,spiking,ASSUMPTION,2,spiking,0,BUILD_BRIEF.md 3.2 refined visual-family rule
AOTU008c,spiking,ASSUMPTION,4,spiking,0,BUILD_BRIEF.md 3.2 refined visual-family rule
AOTU008d,spiking,ASSUMPTION,8,spiking,0,BUILD_BRIEF.md 3.2 refined visual-family rule
AOTU009,spiking,ASSUMPTION,2,spiking,0,BUILD_BRIEF.md 3.2 refined visual-family rule
AOTU011,spiking,ASSUMPTION,4,spiking,0,BUILD_BRIEF.md 3.2 refined visual-family rule
AOTU012,spiking,ASSUMPTION,2,spiking,0,BUILD_BRIEF.md 3.2 refined visual-family rule
AOTU013,spiking,ASSUMPTION,2,spiking,0,BUILD_BRIEF.md 3.2 refined visual-family rule
AOTU014,spiking,ASSUMPTION,2,spiking,0,BUILD_BRIEF.md 3.2 refined visual-family rule
AOTU015a,spiking,ASSUMPTION,4,spiking,0,BUILD_BRIEF.md 3.2 refined visual-family rule
AOTU015b,spiking,ASSUMPTION,2,spiking,0,BUILD_BRIEF.md 3.2 refined visual-family rule
"AOTU018,AOTU031",spiking,ASSUMPTION,4,spiking,0,BUILD_BRIEF.md 3.2 refined visual-family rule
AOTU019,spiking,ASSUMPTION,2,spiking,0,BUILD_BRIEF.md 3.2 refined visual-family rule
AOTU020,spiking,ASSUMPTION,4,spiking,0,BUILD_BRIEF.md 3.2 refined visual-family rule
AOTU021,spiking,ASSUMPTION,4,spiking,0,BUILD_BRIEF.md 3.2 refined visual-family rule
AOTU022,spiking,ASSUMPTION,2,spiking,0,BUILD_BRIEF.md 3.2 refined visual-family rule
AOTU023,spiking,ASSUMPTION,2,spiking,0,BUILD_BRIEF.md 3.2 refined visual-family rule
AOTU024,spiking,ASSUMPTION,2,spiking,0,BUILD_BRIEF.md 3.2 refined visual-family rule
AOTU025,spiking,ASSUMPTION,2,spiking,0,BUILD_BRIEF.md 3.2 refined visual-family rule
AOTU026,spiking,ASSUMPTION,2,spiking,0,BUILD_BRIEF.md 3.2 refined visual-family rule
AOTU027,spiking,ASSUMPTION,2,spiking,0,BUILD_BRIEF.md 3.2 refined visual-family rule
AOTU028,spiking,ASSUMPTION,2,spiking,0,BUILD_BRIEF.md 3.2 refined visual-family rule
AOTU030,spiking,ASSUMPTION,2,spiking,0,BUILD_BRIEF.md 3.2 refined visual-family rule
"AOTU032,AOTU034",spiking,ASSUMPTION,12,spiking,0,BUILD_BRIEF.md 3.2 refined visual-family rule
AOTU033,spiking,ASSUMPTION,2,spiking,0,BUILD_BRIEF.md 3.2 refined visual-family rule
AOTU035,spiking,ASSUMPTION,2,spiking,0,BUILD_BRIEF.md 3.2 refined visual-family rule
AOTU036,spiking,ASSUMPTION,2,spiking,0,BUILD_BRIEF.md 3.2 refined visual-family rule
AOTU037,spiking,ASSUMPTION,6,spiking,0,BUILD_BRIEF.md 3.2 refined visual-family rule
AOTU038,spiking,ASSUMPTION,8,spiking,0,BUILD_BRIEF.md 3.2 refined visual-family rule
AOTU039,spiking,ASSUMPTION,8,spiking,0,BUILD_BRIEF.md 3.2 refined visual-family rule
AOTU041,spiking,ASSUMPTION,4,spiking,0,BUILD_BRIEF.md 3.2 refined visual-family rule
AOTU042,spiking,ASSUMPTION,4,spiking,0,BUILD_BRIEF.md 3.2 refined visual-family rule
AOTU046,spiking,ASSUMPTION,4,spiking,0,BUILD_BRIEF.md 3.2 refined visual-family rule
AOTU047,spiking,ASSUMPTION,2,spiking,0,BUILD_BRIEF.md 3.2 refined visual-family rule
AOTU048,spiking,ASSUMPTION,3,spiking,0,BUILD_BRIEF.md 3.2 refined visual-family rule
AOTU049,spiking,ASSUMPTION,2,spiking,0,BUILD_BRIEF.md 3.2 refined visual-family rule
AOTU050,spiking,ASSUMPTION,1,spiking,0,BUILD_BRIEF.md 3.2 refined visual-family rule
AOTU050a,spiking,ASSUMPTION,2,spiking,0,BUILD_BRIEF.md 3.2 refined visual-family rule
AOTU050b,spiking,ASSUMPTION,8,spiking,0,BUILD_BRIEF.md 3.2 refined visual-family rule
AOTU051,spiking,ASSUMPTION,6,spiking,0,BUILD_BRIEF.md 3.2 refined visual-family rule
AOTU052,spiking,ASSUMPTION,7,spiking,0,BUILD_BRIEF.md 3.2 refined visual-family rule
AOTU053,spiking,ASSUMPTION,3,spiking,0,BUILD_BRIEF.md 3.2 refined visual-family rule
AOTU054,spiking,ASSUMPTION,2,spiking,0,BUILD_BRIEF.md 3.2 refined visual-family rule
AOTU059,spiking,ASSUMPTION,13,spiking,0,BUILD_BRIEF.md 3.2 refined visual-family rule
AOTU060,spiking,ASSUMPTION,8,spiking,0,BUILD_BRIEF.md 3.2 refined visual-family rule
AOTU061,spiking,ASSUMPTION,5,spiking,0,BUILD_BRIEF.md 3.2 refined visual-family rule
AOTU062,spiking,ASSUMPTION,10,spiking,0,BUILD_BRIEF.md 3.2 refined visual-family rule
AOTU063a,spiking,ASSUMPTION,2,spiking,0,BUILD_BRIEF.md 3.2 refined visual-family rule
AOTU063b,spiking,ASSUMPTION,2,spiking,0,BUILD_BRIEF.md 3.2 refined visual-family rule
AOTU064,spiking,ASSUMPTION,2,spiking,0,BUILD_BRIEF.md 3.2 refined visual-family rule
AOTU065,spiking,ASSUMPTION,2,spiking,0,BUILD_BRIEF.md 3.2 refined visual-family rule
AOTUv1A_T01,spiking,ASSUMPTION,4,spiking,0,BUILD_BRIEF.md 3.2 refined visual-family rule
AOTUv3B_M01,spiking,ASSUMPTION,2,spiking,0,BUILD_BRIEF.md 3.2 refined visual-family rule
AOTUv3B_P01,spiking,ASSUMPTION,2,spiking,0,BUILD_BRIEF.md 3.2 refined visual-family rule
AOTUv3B_P02,spiking,ASSUMPTION,2,spiking,0,BUILD_BRIEF.md 3.2 refined visual-family rule
AOTUv3B_P06,spiking,ASSUMPTION,2,spiking,0,BUILD_BRIEF.md 3.2 refined visual-family rule
AOTUv4B_P02,spiking,ASSUMPTION,2,spiking,0,BUILD_BRIEF.md 3.2 refined visual-family rule
APDN3,spiking,ASSUMPTION,6,spiking,0,BUILD_BRIEF.md 3.2 refined visual-family rule
APL,spiking,ASSUMPTION,2,spiking,0,BUILD_BRIEF.md 3.2 refined visual-family rule
ATL001,spiking,ASSUMPTION,2,spiking,0,BUILD_BRIEF.md 3.2 refined visual-family rule
ATL002,spiking,ASSUMPTION,2,spiking,0,BUILD_BRIEF.md 3.2 refined visual-family rule
ATL003,spiking,ASSUMPTION,2,spiking,0,BUILD_BRIEF.md 3.2 refined visual-family rule
ATL004,spiking,ASSUMPTION,2,spiking,0,BUILD_BRIEF.md 3.2 refined visual-family rule
ATL006,spiking,ASSUMPTION,2,spiking,0,BUILD_BRIEF.md 3.2 refined visual-family rule
ATL008,spiking,ASSUMPTION,2,spiking,0,BUILD_BRIEF.md 3.2 refined visual-family rule
ATL009,spiking,ASSUMPTION,9,spiking,0,BUILD_BRIEF.md 3.2 refined visual-family rule
ATL010,spiking,ASSUMPTION,4,spiking,0,BUILD_BRIEF.md 3.2 refined visual-family rule
ATL011,spiking,ASSUMPTION,2,spiking,0,BUILD_BRIEF.md 3.2 refined visual-family rule
ATL012,spiking,ASSUMPTION,4,spiking,0,BUILD_BRIEF.md 3.2 refined visual-family rule
ATL013,spiking,ASSUMPTION,4,spiking,0,BUILD_BRIEF.md 3.2 refined visual-family rule
ATL014,spiking,ASSUMPTION,2,spiking,0,BUILD_BRIEF.md 3.2 refined visual-family rule
ATL015,spiking,ASSUMPTION,2,spiking,0,BUILD_BRIEF.md 3.2 refined visual-family rule
ATL016,spiking,ASSUMPTION,2,spiking,0,BUILD_BRIEF.md 3.2 refined visual-family rule
"ATL017,ATL018",spiking,ASSUMPTION,6,spiking,0,BUILD_BRIEF.md 3.2 refined visual-family rule
ATL021,spiking,ASSUMPTION,2,spiking,0,BUILD_BRIEF.md 3.2 refined visual-family rule
ATL022,spiking,ASSUMPTION,2,spiking,0,BUILD_BRIEF.md 3.2 refined visual-family rule
ATL023,spiking,ASSUMPTION,2,spiking,0,BUILD_BRIEF.md 3.2 refined visual-family rule
"ATL024,IB042",spiking,ASSUMPTION,4,spiking,0,BUILD_BRIEF.md 3.2 refined visual-family rule
ATL025,spiking,ASSUMPTION,2,spiking,0,BUILD_BRIEF.md 3.2 refined visual-family rule
ATL026,spiking,ASSUMPTION,2,spiking,0,BUILD_BRIEF.md 3.2 refined visual-family rule
ATL027,spiking,ASSUMPTION,2,spiking,0,BUILD_BRIEF.md 3.2 refined visual-family rule
ATL028,spiking,ASSUMPTION,2,spiking,0,BUILD_BRIEF.md 3.2 refined visual-family rule
ATL029,spiking,ASSUMPTION,2,spiking,0,BUILD_BRIEF.md 3.2 refined visual-family rule
ATL030,spiking,ASSUMPTION,2,spiking,0,BUILD_BRIEF.md 3.2 refined visual-family rule
ATL031,spiking,ASSUMPTION,2,spiking,0,BUILD_BRIEF.md 3.2 refined visual-family rule
ATL032,spiking,ASSUMPTION,2,spiking,0,BUILD_BRIEF.md 3.2 refined visual-family rule
ATL033,spiking,ASSUMPTION,2,spiking,0,BUILD_BRIEF.md 3.2 refined visual-family rule
ATL034,spiking,ASSUMPTION,2,spiking,0,BUILD_BRIEF.md 3.2 refined visual-family rule
"ATL035,ATL036",spiking,ASSUMPTION,5,spiking,0,BUILD_BRIEF.md 3.2 refined visual-family rule
ATL037,spiking,ASSUMPTION,2,spiking,0,BUILD_BRIEF.md 3.2 refined visual-family rule
"ATL038,ATL039",spiking,ASSUMPTION,4,spiking,0,BUILD_BRIEF.md 3.2 refined visual-family rule
ATL040,spiking,ASSUMPTION,2,spiking,0,BUILD_BRIEF.md 3.2 refined visual-family rule
ATL042,spiking,ASSUMPTION,2,spiking,0,BUILD_BRIEF.md 3.2 refined visual-family rule
ATL043,spiking,ASSUMPTION,2,spiking,0,BUILD_BRIEF.md 3.2 refined visual-family rule
ATL044,spiking,ASSUMPTION,2,spiking,0,BUILD_BRIEF.md 3.2 refined visual-family rule
AVLP001,spiking,ASSUMPTION,2,spiking,0,BUILD_BRIEF.md 3.2 refined visual-family rule
AVLP006a,spiking,ASSUMPTION,2,spiking,0,BUILD_BRIEF.md 3.2 refined visual-family rule
AVLP006b,spiking,ASSUMPTION,2,spiking,0,BUILD_BRIEF.md 3.2 refined visual-family rule
AVLP008,spiking,ASSUMPTION,10,spiking,0,BUILD_BRIEF.md 3.2 refined visual-family rule
AVLP009,spiking,ASSUMPTION,7,spiking,0,BUILD_BRIEF.md 3.2 refined visual-family rule
AVLP010,spiking,ASSUMPTION,8,spiking,0,BUILD_BRIEF.md 3.2 refined visual-family rule
"AVLP011,AVLP012",spiking,ASSUMPTION,9,spiking,0,BUILD_BRIEF.md 3.2 refined visual-family rule
AVLP013,spiking,ASSUMPTION,4,spiking,0,BUILD_BRIEF.md 3.2 refined visual-family rule
AVLP014,spiking,ASSUMPTION,3,spiking,0,BUILD_BRIEF.md 3.2 refined visual-family rule
AVLP015,spiking,ASSUMPTION,2,spiking,0,BUILD_BRIEF.md 3.2 refined visual-family rule
AVLP016,spiking,ASSUMPTION,2,spiking,0,BUILD_BRIEF.md 3.2 refined visual-family rule
AVLP017,spiking,ASSUMPTION,2,spiking,0,BUILD_BRIEF.md 3.2 refined visual-family rule
AVLP018,spiking,ASSUMPTION,2,spiking,0,BUILD_BRIEF.md 3.2 refined visual-family rule
AVLP019,spiking,ASSUMPTION,2,spiking,0,BUILD_BRIEF.md 3.2 refined visual-family rule
AVLP020,spiking,ASSUMPTION,2,spiking,0,BUILD_BRIEF.md 3.2 refined visual-family rule
AVLP021,spiking,ASSUMPTION,2,spiking,0,BUILD_BRIEF.md 3.2 refined visual-family rule
AVLP022,spiking,ASSUMPTION,2,spiking,0,BUILD_BRIEF.md 3.2 refined visual-family rule
AVLP023,spiking,ASSUMPTION,2,spiking,0,BUILD_BRIEF.md 3.2 refined visual-family rule
AVLP024a,spiking,ASSUMPTION,2,spiking,0,BUILD_BRIEF.md 3.2 refined visual-family rule
AVLP024b,spiking,ASSUMPTION,2,spiking,0,BUILD_BRIEF.md 3.2 refined visual-family rule
AVLP024c,spiking,ASSUMPTION,2,spiking,0,BUILD_BRIEF.md 3.2 refined visual-family rule
AVLP025,spiking,ASSUMPTION,2,spiking,0,BUILD_BRIEF.md 3.2 refined visual-family rule
AVLP026,spiking,ASSUMPTION,11,spiking,0,BUILD_BRIEF.md 3.2 refined visual-family rule
AVLP027,spiking,ASSUMPTION,4,spiking,0,BUILD_BRIEF.md 3.2 refined visual-family rule
AVLP028,spiking,ASSUMPTION,10,spiking,0,BUILD_BRIEF.md 3.2 refined visual-family rule
AVLP029,spiking,ASSUMPTION,2,spiking,0,BUILD_BRIEF.md 3.2 refined visual-family rule
AVLP030,spiking,ASSUMPTION,2,spiking,0,BUILD_BRIEF.md 3.2 refined visual-family rule
AVLP031,spiking,ASSUMPTION,2,spiking,0,BUILD_BRIEF.md 3.2 refined visual-family rule
AVLP032,spiking,ASSUMPTION,2,spiking,0,BUILD_BRIEF.md 3.2 refined visual-family rule
AVLP033,spiking,ASSUMPTION,2,spiking,0,BUILD_BRIEF.md 3.2 refined visual-family rule
AVLP034,spiking,ASSUMPTION,2,spiking,0,BUILD_BRIEF.md 3.2 refined visual-family rule
AVLP035,spiking,ASSUMPTION,2,spiking,0,BUILD_BRIEF.md 3.2 refined visual-family rule
"AVLP037,AVLP038",spiking,ASSUMPTION,4,spiking,0,BUILD_BRIEF.md 3.2 refined visual-family rule
AVLP038,spiking,ASSUMPTION,3,spiking,0,BUILD_BRIEF.md 3.2 refined visual-family rule
AVLP039,spiking,ASSUMPTION,6,spiking,0,BUILD_BRIEF.md 3.2 refined visual-family rule
AVLP040,spiking,ASSUMPTION,9,spiking,0,BUILD_BRIEF.md 3.2 refined visual-family rule
AVLP041,spiking,ASSUMPTION,3,spiking,0,BUILD_BRIEF.md 3.2 refined visual-family rule
AVLP042,spiking,ASSUMPTION,4,spiking,0,BUILD_BRIEF.md 3.2 refined visual-family rule
AVLP043,spiking,ASSUMPTION,4,spiking,0,BUILD_BRIEF.md 3.2 refined visual-family rule
AVLP044_a,spiking,ASSUMPTION,4,spiking,0,BUILD_BRIEF.md 3.2 refined visual-family rule
AVLP044b,spiking,ASSUMPTION,3,spiking,0,BUILD_BRIEF.md 3.2 refined visual-family rule
AVLP045,spiking,ASSUMPTION,10,spiking,0,BUILD_BRIEF.md 3.2 refined visual-family rule
AVLP046,spiking,ASSUMPTION,4,spiking,0,BUILD_BRIEF.md 3.2 refined visual-family rule
AVLP047,spiking,ASSUMPTION,6,spiking,0,BUILD_BRIEF.md 3.2 refined visual-family rule
AVLP048,spiking,ASSUMPTION,4,spiking,0,BUILD_BRIEF.md 3.2 refined visual-family rule
AVLP049,spiking,ASSUMPTION,6,spiking,0,BUILD_BRIEF.md 3.2 refined visual-family rule
AVLP050,spiking,ASSUMPTION,6,spiking,0,BUILD_BRIEF.md 3.2 refined visual-family rule
AVLP051,spiking,ASSUMPTION,5,spiking,0,BUILD_BRIEF.md 3.2 refined visual-family rule
AVLP053,spiking,ASSUMPTION,2,spiking,0,BUILD_BRIEF.md 3.2 refined visual-family rule
AVLP055,spiking,ASSUMPTION,7,spiking,0,BUILD_BRIEF.md 3.2 refined visual-family rule
AVLP059,spiking,ASSUMPTION,4,spiking,0,BUILD_BRIEF.md 3.2 refined visual-family rule
AVLP069,spiking,ASSUMPTION,13,spiking,0,BUILD_BRIEF.md 3.2 refined visual-family rule
AVLP075,spiking,ASSUMPTION,2,spiking,0,BUILD_BRIEF.md 3.2 refined visual-family rule
AVLP076,spiking,ASSUMPTION,2,spiking,0,BUILD_BRIEF.md 3.2 refined visual-family rule
AVLP077,spiking,ASSUMPTION,2,spiking,0,BUILD_BRIEF.md 3.2 refined visual-family rule
AVLP078,spiking,ASSUMPTION,2,spiking,0,BUILD_BRIEF.md 3.2 refined visual-family rule
AVLP079,spiking,ASSUMPTION,2,spiking,0,BUILD_BRIEF.md 3.2 refined visual-family rule
AVLP080,spiking,ASSUMPTION,2,spiking,0,BUILD_BRIEF.md 3.2 refined visual-family rule
AVLP081,spiking,ASSUMPTION,2,spiking,0,BUILD_BRIEF.md 3.2 refined visual-family rule
AVLP082,spiking,ASSUMPTION,2,spiking,0,BUILD_BRIEF.md 3.2 refined visual-family rule
AVLP083,spiking,ASSUMPTION,2,spiking,0,BUILD_BRIEF.md 3.2 refined visual-family rule
AVLP084,spiking,ASSUMPTION,2,spiking,0,BUILD_BRIEF.md 3.2 refined visual-family rule
AVLP085,spiking,ASSUMPTION,2,spiking,0,BUILD_BRIEF.md 3.2 refined visual-family rule
AVLP086,spiking,ASSUMPTION,2,spiking,0,BUILD_BRIEF.md 3.2 refined visual-family rule
AVLP087,spiking,ASSUMPTION,2,spiking,0,BUILD_BRIEF.md 3.2 refined visual-family rule
AVLP088,spiking,ASSUMPTION,2,spiking,0,BUILD_BRIEF.md 3.2 refined visual-family rule
AVLP089,spiking,ASSUMPTION,4,spiking,0,BUILD_BRIEF.md 3.2 refined visual-family rule
AVLP090,spiking,ASSUMPTION,1,spiking,0,BUILD_BRIEF.md 3.2 refined visual-family rule
AVLP091,spiking,ASSUMPTION,2,spiking,0,BUILD_BRIEF.md 3.2 refined visual-family rule
AVLP093,spiking,ASSUMPTION,2,spiking,0,BUILD_BRIEF.md 3.2 refined visual-family rule
AVLP094,spiking,ASSUMPTION,2,spiking,0,BUILD_BRIEF.md 3.2 refined visual-family rule
AVLP096,spiking,ASSUMPTION,5,spiking,0,BUILD_BRIEF.md 3.2 refined visual-family rule
AVLP097,spiking,ASSUMPTION,2,spiking,0,BUILD_BRIEF.md 3.2 refined visual-family rule
AVLP098,spiking,ASSUMPTION,2,spiking,0,BUILD_BRIEF.md 3.2 refined visual-family rule
AVLP099,spiking,ASSUMPTION,4,spiking,0,BUILD_BRIEF.md 3.2 refined visual-family rule
AVLP100,spiking,ASSUMPTION,2,spiking,0,BUILD_BRIEF.md 3.2 refined visual-family rule
AVLP101,spiking,ASSUMPTION,2,spiking,0,BUILD_BRIEF.md 3.2 refined visual-family rule
AVLP102,spiking,ASSUMPTION,2,spiking,0,BUILD_BRIEF.md 3.2 refined visual-family rule
AVLP105,spiking,ASSUMPTION,6,spiking,0,BUILD_BRIEF.md 3.2 refined visual-family rule
AVLP107,spiking,ASSUMPTION,4,spiking,0,BUILD_BRIEF.md 3.2 refined visual-family rule
AVLP108,spiking,ASSUMPTION,2,spiking,0,BUILD_BRIEF.md 3.2 refined visual-family rule
AVLP109,spiking,ASSUMPTION,5,spiking,0,BUILD_BRIEF.md 3.2 refined visual-family rule
AVLP116,spiking,ASSUMPTION,4,spiking,0,BUILD_BRIEF.md 3.2 refined visual-family rule
AVLP120,spiking,ASSUMPTION,4,spiking,0,BUILD_BRIEF.md 3.2 refined visual-family rule
AVLP121,spiking,ASSUMPTION,5,spiking,0,BUILD_BRIEF.md 3.2 refined visual-family rule
AVLP129,spiking,ASSUMPTION,2,spiking,0,BUILD_BRIEF.md 3.2 refined visual-family rule
AVLP132,spiking,ASSUMPTION,2,spiking,0,BUILD_BRIEF.md 3.2 refined visual-family rule
AVLP136,spiking,ASSUMPTION,4,spiking,0,BUILD_BRIEF.md 3.2 refined visual-family rule
AVLP140,spiking,ASSUMPTION,3,spiking,0,BUILD_BRIEF.md 3.2 refined visual-family rule
AVLP143a,spiking,ASSUMPTION,2,spiking,0,BUILD_BRIEF.md 3.2 refined visual-family rule
AVLP143b,spiking,ASSUMPTION,2,spiking,0,BUILD_BRIEF.md 3.2 refined visual-family rule
AVLP147,spiking,ASSUMPTION,4,spiking,0,BUILD_BRIEF.md 3.2 refined visual-family rule
AVLP149,spiking,ASSUMPTION,12,spiking,0,BUILD_BRIEF.md 3.2 refined visual-family rule
AVLP151,spiking,ASSUMPTION,2,spiking,0,BUILD_BRIEF.md 3.2 refined visual-family rule
AVLP152,spiking,ASSUMPTION,2,spiking,0,BUILD_BRIEF.md 3.2 refined visual-family rule
AVLP153,spiking,ASSUMPTION,2,spiking,0,BUILD_BRIEF.md 3.2 refined visual-family rule
AVLP154,spiking,ASSUMPTION,2,spiking,0,BUILD_BRIEF.md 3.2 refined visual-family rule
AVLP155,spiking,ASSUMPTION,2,spiking,0,BUILD_BRIEF.md 3.2 refined visual-family rule
AVLP156,spiking,ASSUMPTION,2,spiking,0,BUILD_BRIEF.md 3.2 refined visual-family rule
AVLP157,spiking,ASSUMPTION,2,spiking,0,BUILD_BRIEF.md 3.2 refined visual-family rule
AVLP158,spiking,ASSUMPTION,2,spiking,0,BUILD_BRIEF.md 3.2 refined visual-family rule
AVLP159,spiking,ASSUMPTION,2,spiking,0,BUILD_BRIEF.md 3.2 refined visual-family rule
AVLP160,spiking,ASSUMPTION,2,spiking,0,BUILD_BRIEF.md 3.2 refined visual-family rule
AVLP161,spiking,ASSUMPTION,2,spiking,0,BUILD_BRIEF.md 3.2 refined visual-family rule
AVLP162,spiking,ASSUMPTION,2,spiking,0,BUILD_BRIEF.md 3.2 refined visual-family rule
AVLP164,spiking,ASSUMPTION,3,spiking,0,BUILD_BRIEF.md 3.2 refined visual-family rule
AVLP165,spiking,ASSUMPTION,4,spiking,0,BUILD_BRIEF.md 3.2 refined visual-family rule
AVLP169,spiking,ASSUMPTION,2,spiking,0,BUILD_BRIEF.md 3.2 refined visual-family rule
AVLP176_c,spiking,ASSUMPTION,6,spiking,0,BUILD_BRIEF.md 3.2 refined visual-family rule
AVLP178,spiking,ASSUMPTION,2,spiking,0,BUILD_BRIEF.md 3.2 refined visual-family rule
AVLP180,spiking,ASSUMPTION,2,spiking,0,BUILD_BRIEF.md 3.2 refined visual-family rule
AVLP182,spiking,ASSUMPTION,2,spiking,0,BUILD_BRIEF.md 3.2 refined visual-family rule
AVLP184,spiking,ASSUMPTION,2,spiking,0,BUILD_BRIEF.md 3.2 refined visual-family rule
AVLP186,spiking,ASSUMPTION,4,spiking,0,BUILD_BRIEF.md 3.2 refined visual-family rule
AVLP187,spiking,ASSUMPTION,9,spiking,0,BUILD_BRIEF.md 3.2 refined visual-family rule
AVLP189_a,spiking,ASSUMPTION,4,spiking,0,BUILD_BRIEF.md 3.2 refined visual-family rule
AVLP189_b,spiking,ASSUMPTION,5,spiking,0,BUILD_BRIEF.md 3.2 refined visual-family rule
"AVLP190,AVLP191",spiking,ASSUMPTION,16,spiking,0,BUILD_BRIEF.md 3.2 refined visual-family rule
AVLP193,spiking,ASSUMPTION,2,spiking,0,BUILD_BRIEF.md 3.2 refined visual-family rule
AVLP194,spiking,ASSUMPTION,3,spiking,0,BUILD_BRIEF.md 3.2 refined visual-family rule
AVLP194_a,spiking,ASSUMPTION,4,spiking,0,BUILD_BRIEF.md 3.2 refined visual-family rule
AVLP194_b,spiking,ASSUMPTION,4,spiking,0,BUILD_BRIEF.md 3.2 refined visual-family rule
AVLP194_c,spiking,ASSUMPTION,7,spiking,0,BUILD_BRIEF.md 3.2 refined visual-family rule
AVLP195,spiking,ASSUMPTION,4,spiking,0,BUILD_BRIEF.md 3.2 refined visual-family rule
AVLP200,spiking,ASSUMPTION,2,spiking,0,BUILD_BRIEF.md 3.2 refined visual-family rule
AVLP201,spiking,ASSUMPTION,2,spiking,0,BUILD_BRIEF.md 3.2 refined visual-family rule
AVLP202,spiking,ASSUMPTION,2,spiking,0,BUILD_BRIEF.md 3.2 refined visual-family rule
AVLP203,spiking,ASSUMPTION,2,spiking,0,BUILD_BRIEF.md 3.2 refined visual-family rule
AVLP205a,spiking,ASSUMPTION,2,spiking,0,BUILD_BRIEF.md 3.2 refined visual-family rule
AVLP205b,spiking,ASSUMPTION,2,spiking,0,BUILD_BRIEF.md 3.2 refined visual-family rule
AVLP209,spiking,ASSUMPTION,2,spiking,0,BUILD_BRIEF.md 3.2 refined visual-family rule
AVLP210,spiking,ASSUMPTION,2,spiking,0,BUILD_BRIEF.md 3.2 refined visual-family rule
AVLP211,spiking,ASSUMPTION,2,spiking,0,BUILD_BRIEF.md 3.2 refined visual-family rule
AVLP212,spiking,ASSUMPTION,2,spiking,0,BUILD_BRIEF.md 3.2 refined visual-family rule
AVLP213,spiking,ASSUMPTION,2,spiking,0,BUILD_BRIEF.md 3.2 refined visual-family rule
AVLP214,spiking,ASSUMPTION,2,spiking,0,BUILD_BRIEF.md 3.2 refined visual-family rule
AVLP215,spiking,ASSUMPTION,2,spiking,0,BUILD_BRIEF.md 3.2 refined visual-family rule
AVLP216,spiking,ASSUMPTION,2,spiking,0,BUILD_BRIEF.md 3.2 refined visual-family rule
AVLP217,spiking,ASSUMPTION,2,spiking,0,BUILD_BRIEF.md 3.2 refined visual-family rule
AVLP218a,spiking,ASSUMPTION,2,spiking,0,BUILD_BRIEF.md 3.2 refined visual-family rule
AVLP218b,spiking,ASSUMPTION,4,spiking,0,BUILD_BRIEF.md 3.2 refined visual-family rule
AVLP219a,spiking,ASSUMPTION,4,spiking,0,BUILD_BRIEF.md 3.2 refined visual-family rule
AVLP219b,spiking,ASSUMPTION,4,spiking,0,BUILD_BRIEF.md 3.2 refined visual-family rule
AVLP219c,spiking,ASSUMPTION,7,spiking,0,BUILD_BRIEF.md 3.2 refined visual-family rule
AVLP220,spiking,ASSUMPTION,4,spiking,0,BUILD_BRIEF.md 3.2 refined visual-family rule
AVLP222,spiking,ASSUMPTION,5,spiking,0,BUILD_BRIEF.md 3.2 refined visual-family rule
AVLP224_a,spiking,ASSUMPTION,5,spiking,0,BUILD_BRIEF.md 3.2 refined visual-family rule
AVLP227,spiking,ASSUMPTION,6,spiking,0,BUILD_BRIEF.md 3.2 refined visual-family rule
AVLP229,spiking,ASSUMPTION,6,spiking,0,BUILD_BRIEF.md 3.2 refined visual-family rule
AVLP230,spiking,ASSUMPTION,5,spiking,0,BUILD_BRIEF.md 3.2 refined visual-family rule
AVLP232,spiking,ASSUMPTION,15,spiking,0,BUILD_BRIEF.md 3.2 refined visual-family rule
AVLP234a,spiking,ASSUMPTION,2,spiking,0,BUILD_BRIEF.md 3.2 refined visual-family rule
AVLP234b,spiking,ASSUMPTION,2,spiking,0,BUILD_BRIEF.md 3.2 refined visual-family rule
AVLP235,spiking,ASSUMPTION,6,spiking,0,BUILD_BRIEF.md 3.2 refined visual-family rule
AVLP243,spiking,ASSUMPTION,4,spiking,0,BUILD_BRIEF.md 3.2 refined visual-family rule
AVLP244,spiking,ASSUMPTION,6,spiking,0,BUILD_BRIEF.md 3.2 refined visual-family rule
AVLP251,spiking,ASSUMPTION,2,spiking,0,BUILD_BRIEF.md 3.2 refined visual-family rule
AVLP252,spiking,ASSUMPTION,3,spiking,0,BUILD_BRIEF.md 3.2 refined visual-family rule
"AVLP253,AVLP254",spiking,ASSUMPTION,4,spiking,0,BUILD_BRIEF.md 3.2 refined visual-family rule
AVLP255,spiking,ASSUMPTION,2,spiking,0,BUILD_BRIEF.md 3.2 refined visual-family rule
AVLP256,spiking,ASSUMPTION,5,spiking,0,BUILD_BRIEF.md 3.2 refined visual-family rule
AVLP257,spiking,ASSUMPTION,2,spiking,0,BUILD_BRIEF.md 3.2 refined visual-family rule
AVLP258,spiking,ASSUMPTION,2,spiking,0,BUILD_BRIEF.md 3.2 refined visual-family rule
AVLP259,spiking,ASSUMPTION,4,spiking,0,BUILD_BRIEF.md 3.2 refined visual-family rule
AVLP260,spiking,ASSUMPTION,2,spiking,0,BUILD_BRIEF.md 3.2 refined visual-family rule
AVLP263,spiking,ASSUMPTION,2,spiking,0,BUILD_BRIEF.md 3.2 refined visual-family rule
AVLP265a,spiking,ASSUMPTION,6,spiking,0,BUILD_BRIEF.md 3.2 refined visual-family rule
AVLP265b,spiking,ASSUMPTION,2,spiking,0,BUILD_BRIEF.md 3.2 refined visual-family rule
AVLP266,spiking,ASSUMPTION,2,spiking,0,BUILD_BRIEF.md 3.2 refined visual-family rule
AVLP267,spiking,ASSUMPTION,2,spiking,0,BUILD_BRIEF.md 3.2 refined visual-family rule
AVLP268,spiking,ASSUMPTION,2,spiking,0,BUILD_BRIEF.md 3.2 refined visual-family rule
AVLP269_a,spiking,ASSUMPTION,4,spiking,0,BUILD_BRIEF.md 3.2 refined visual-family rule
AVLP279,spiking,ASSUMPTION,2,spiking,0,BUILD_BRIEF.md 3.2 refined visual-family rule
AVLP280,spiking,ASSUMPTION,2,spiking,0,BUILD_BRIEF.md 3.2 refined visual-family rule
AVLP281,spiking,ASSUMPTION,2,spiking,0,BUILD_BRIEF.md 3.2 refined visual-family rule
AVLP282,spiking,ASSUMPTION,4,spiking,0,BUILD_BRIEF.md 3.2 refined visual-family rule
AVLP283,spiking,ASSUMPTION,7,spiking,0,BUILD_BRIEF.md 3.2 refined visual-family rule
AVLP284,spiking,ASSUMPTION,3,spiking,0,BUILD_BRIEF.md 3.2 refined visual-family rule
AVLP286,spiking,ASSUMPTION,2,spiking,0,BUILD_BRIEF.md 3.2 refined visual-family rule
AVLP287,spiking,ASSUMPTION,4,spiking,0,BUILD_BRIEF.md 3.2 refined visual-family rule
AVLP288,spiking,ASSUMPTION,4,spiking,0,BUILD_BRIEF.md 3.2 refined visual-family rule
AVLP289,spiking,ASSUMPTION,2,spiking,0,BUILD_BRIEF.md 3.2 refined visual-family rule
AVLP290a,spiking,ASSUMPTION,2,spiking,0,BUILD_BRIEF.md 3.2 refined visual-family rule
AVLP290b,spiking,ASSUMPTION,4,spiking,0,BUILD_BRIEF.md 3.2 refined visual-family rule
AVLP292,spiking,ASSUMPTION,6,spiking,0,BUILD_BRIEF.md 3.2 refined visual-family rule
AVLP293,spiking,ASSUMPTION,4,spiking,0,BUILD_BRIEF.md 3.2 refined visual-family rule
AVLP294,spiking,ASSUMPTION,4,spiking,0,BUILD_BRIEF.md 3.2 refined visual-family rule
AVLP295,spiking,ASSUMPTION,6,spiking,0,BUILD_BRIEF.md 3.2 refined visual-family rule
AVLP297,spiking,ASSUMPTION,9,spiking,0,BUILD_BRIEF.md 3.2 refined visual-family rule
AVLP298,spiking,ASSUMPTION,7,spiking,0,BUILD_BRIEF.md 3.2 refined visual-family rule
AVLP299_a,spiking,ASSUMPTION,4,spiking,0,BUILD_BRIEF.md 3.2 refined visual-family rule
AVLP299_b,spiking,ASSUMPTION,6,spiking,0,BUILD_BRIEF.md 3.2 refined visual-family rule
AVLP299_c,spiking,ASSUMPTION,5,spiking,0,BUILD_BRIEF.md 3.2 refined visual-family rule
AVLP300_a,spiking,ASSUMPTION,6,spiking,0,BUILD_BRIEF.md 3.2 refined visual-family rule
AVLP300_b,spiking,ASSUMPTION,4,spiking,0,BUILD_BRIEF.md 3.2 refined visual-family rule
AVLP302,spiking,ASSUMPTION,3,spiking,0,BUILD_BRIEF.md 3.2 refined visual-family rule
AVLP303,spiking,ASSUMPTION,4,spiking,0,BUILD_BRIEF.md 3.2 refined visual-family rule
AVLP304,spiking,ASSUMPTION,3,spiking,0,BUILD_BRIEF.md 3.2 refined visual-family rule
AVLP305,spiking,ASSUMPTION,4,spiking,0,BUILD_BRIEF.md 3.2 refined visual-family rule
AVLP306,spiking,ASSUMPTION,6,spiking,0,BUILD_BRIEF.md 3.2 refined visual-family rule
AVLP308,spiking,ASSUMPTION,4,spiking,0,BUILD_BRIEF.md 3.2 refined visual-family rule
AVLP309,spiking,ASSUMPTION,5,spiking,0,BUILD_BRIEF.md 3.2 refined visual-family rule
AVLP310a,spiking,ASSUMPTION,4,spiking,0,BUILD_BRIEF.md 3.2 refined visual-family rule
AVLP310b,spiking,ASSUMPTION,2,spiking,0,BUILD_BRIEF.md 3.2 refined visual-family rule
AVLP312a,spiking,ASSUMPTION,3,spiking,0,BUILD_BRIEF.md 3.2 refined visual-family rule
AVLP312b,spiking,ASSUMPTION,5,spiking,0,BUILD_BRIEF.md 3.2 refined visual-family rule
AVLP313,spiking,ASSUMPTION,2,spiking,0,BUILD_BRIEF.md 3.2 refined visual-family rule
AVLP314,spiking,ASSUMPTION,2,spiking,0,BUILD_BRIEF.md 3.2 refined visual-family rule
AVLP315,spiking,ASSUMPTION,2,spiking,0,BUILD_BRIEF.md 3.2 refined visual-family rule
AVLP316,spiking,ASSUMPTION,4,spiking,0,BUILD_BRIEF.md 3.2 refined visual-family rule
AVLP317,spiking,ASSUMPTION,2,spiking,0,BUILD_BRIEF.md 3.2 refined visual-family rule
AVLP322,spiking,ASSUMPTION,2,spiking,0,BUILD_BRIEF.md 3.2 refined visual-family rule
AVLP323,spiking,ASSUMPTION,4,spiking,0,BUILD_BRIEF.md 3.2 refined visual-family rule
AVLP330,spiking,ASSUMPTION,3,spiking,0,BUILD_BRIEF.md 3.2 refined visual-family rule
AVLP339,spiking,ASSUMPTION,2,spiking,0,BUILD_BRIEF.md 3.2 refined visual-family rule
AVLP340,spiking,ASSUMPTION,2,spiking,0,BUILD_BRIEF.md 3.2 refined visual-family rule
AVLP342,spiking,ASSUMPTION,2,spiking,0,BUILD_BRIEF.md 3.2 refined visual-family rule
AVLP343,spiking,ASSUMPTION,1,spiking,0,BUILD_BRIEF.md 3.2 refined visual-family rule
AVLP344,spiking,ASSUMPTION,3,spiking,0,BUILD_BRIEF.md 3.2 refined visual-family rule
AVLP345,spiking,ASSUMPTION,2,spiking,0,BUILD_BRIEF.md 3.2 refined visual-family rule
AVLP345_a,spiking,ASSUMPTION,2,spiking,0,BUILD_BRIEF.md 3.2 refined visual-family rule
AVLP346,spiking,ASSUMPTION,6,spiking,0,BUILD_BRIEF.md 3.2 refined visual-family rule
AVLP347,spiking,ASSUMPTION,5,spiking,0,BUILD_BRIEF.md 3.2 refined visual-family rule
AVLP348,spiking,ASSUMPTION,6,spiking,0,BUILD_BRIEF.md 3.2 refined visual-family rule
AVLP363,spiking,ASSUMPTION,4,spiking,0,BUILD_BRIEF.md 3.2 refined visual-family rule
AVLP369,spiking,ASSUMPTION,2,spiking,0,BUILD_BRIEF.md 3.2 refined visual-family rule
AVLP370a,spiking,ASSUMPTION,2,spiking,0,BUILD_BRIEF.md 3.2 refined visual-family rule
AVLP370b,spiking,ASSUMPTION,2,spiking,0,BUILD_BRIEF.md 3.2 refined visual-family rule
AVLP371,spiking,ASSUMPTION,2,spiking,0,BUILD_BRIEF.md 3.2 refined visual-family rule
AVLP373,spiking,ASSUMPTION,2,spiking,0,BUILD_BRIEF.md 3.2 refined visual-family rule
AVLP380a,spiking,ASSUMPTION,2,spiking,0,BUILD_BRIEF.md 3.2 refined visual-family rule
AVLP380b,spiking,ASSUMPTION,4,spiking,0,BUILD_BRIEF.md 3.2 refined visual-family rule
AVLP381,spiking,ASSUMPTION,2,spiking,0,BUILD_BRIEF.md 3.2 refined visual-family rule
"AVLP386,AVLP388",spiking,ASSUMPTION,2,spiking,0,BUILD_BRIEF.md 3.2 refined visual-family rule
AVLP390,spiking,ASSUMPTION,4,spiking,0,BUILD_BRIEF.md 3.2 refined visual-family rule
"AVLP393,AVLP395",spiking,ASSUMPTION,5,spiking,0,BUILD_BRIEF.md 3.2 refined visual-family rule
AVLP394,spiking,ASSUMPTION,4,spiking,0,BUILD_BRIEF.md 3.2 refined visual-family rule
AVLP396,spiking,ASSUMPTION,2,spiking,0,BUILD_BRIEF.md 3.2 refined visual-family rule
AVLP397,spiking,ASSUMPTION,2,spiking,0,BUILD_BRIEF.md 3.2 refined visual-family rule
AVLP398,spiking,ASSUMPTION,2,spiking,0,BUILD_BRIEF.md 3.2 refined visual-family rule
AVLP399,spiking,ASSUMPTION,2,spiking,0,BUILD_BRIEF.md 3.2 refined visual-family rule
AVLP402,spiking,ASSUMPTION,2,spiking,0,BUILD_BRIEF.md 3.2 refined visual-family rule
AVLP409,spiking,ASSUMPTION,5,spiking,0,BUILD_BRIEF.md 3.2 refined visual-family rule
AVLP411,spiking,ASSUMPTION,4,spiking,0,BUILD_BRIEF.md 3.2 refined visual-family rule
"AVLP417,AVLP438",spiking,ASSUMPTION,4,spiking,0,BUILD_BRIEF.md 3.2 refined visual-family rule
AVLP418,spiking,ASSUMPTION,2,spiking,0,BUILD_BRIEF.md 3.2 refined visual-family rule
AVLP419a,spiking,ASSUMPTION,2,spiking,0,BUILD_BRIEF.md 3.2 refined visual-family rule
AVLP419b,spiking,ASSUMPTION,4,spiking,0,BUILD_BRIEF.md 3.2 refined visual-family rule
"AVLP420_a,AVLP427",spiking,ASSUMPTION,4,spiking,0,BUILD_BRIEF.md 3.2 refined visual-family rule
AVLP420_b,spiking,ASSUMPTION,4,spiking,0,BUILD_BRIEF.md 3.2 refined visual-family rule
AVLP421,spiking,ASSUMPTION,4,spiking,0,BUILD_BRIEF.md 3.2 refined visual-family rule
AVLP423,spiking,ASSUMPTION,7,spiking,0,BUILD_BRIEF.md 3.2 refined visual-family rule
AVLP428,spiking,ASSUMPTION,2,spiking,0,BUILD_BRIEF.md 3.2 refined visual-family rule
AVLP429,spiking,ASSUMPTION,2,spiking,0,BUILD_BRIEF.md 3.2 refined visual-family rule
AVLP430,spiking,ASSUMPTION,2,spiking,0,BUILD_BRIEF.md 3.2 refined visual-family rule
AVLP432,spiking,ASSUMPTION,2,spiking,0,BUILD_BRIEF.md 3.2 refined visual-family rule
AVLP433_a,spiking,ASSUMPTION,2,spiking,0,BUILD_BRIEF.md 3.2 refined visual-family rule
AVLP433_b,spiking,ASSUMPTION,2,spiking,0,BUILD_BRIEF.md 3.2 refined visual-family rule
AVLP434_a,spiking,ASSUMPTION,2,spiking,0,BUILD_BRIEF.md 3.2 refined visual-family rule
AVLP434_b,spiking,ASSUMPTION,2,spiking,0,BUILD_BRIEF.md 3.2 refined visual-family rule
AVLP435a,spiking,ASSUMPTION,2,spiking,0,BUILD_BRIEF.md 3.2 refined visual-family rule
AVLP435b,spiking,ASSUMPTION,2,spiking,0,BUILD_BRIEF.md 3.2 refined visual-family rule
AVLP436,spiking,ASSUMPTION,4,spiking,0,BUILD_BRIEF.md 3.2 refined visual-family rule
AVLP437,spiking,ASSUMPTION,2,spiking,0,BUILD_BRIEF.md 3.2 refined visual-family rule
AVLP439,spiking,ASSUMPTION,2,spiking,0,BUILD_BRIEF.md 3.2 refined visual-family rule
AVLP441,spiking,ASSUMPTION,8,spiking,0,BUILD_BRIEF.md 3.2 refined visual-family rule
AVLP442,spiking,ASSUMPTION,2,spiking,0,BUILD_BRIEF.md 3.2 refined visual-family rule
AVLP443,spiking,ASSUMPTION,2,spiking,0,BUILD_BRIEF.md 3.2 refined visual-family rule
AVLP444,spiking,ASSUMPTION,4,spiking,0,BUILD_BRIEF.md 3.2 refined visual-family rule
AVLP445,spiking,ASSUMPTION,2,spiking,0,BUILD_BRIEF.md 3.2 refined visual-family rule
AVLP446,spiking,ASSUMPTION,2,spiking,0,BUILD_BRIEF.md 3.2 refined visual-family rule
AVLP447,spiking,ASSUMPTION,2,spiking,0,BUILD_BRIEF.md 3.2 refined visual-family rule
AVLP448,spiking,ASSUMPTION,2,spiking,0,BUILD_BRIEF.md 3.2 refined visual-family rule
AVLP449,spiking,ASSUMPTION,2,spiking,0,BUILD_BRIEF.md 3.2 refined visual-family rule
AVLP451a,spiking,ASSUMPTION,2,spiking,0,BUILD_BRIEF.md 3.2 refined visual-family rule
AVLP451b,spiking,ASSUMPTION,4,spiking,0,BUILD_BRIEF.md 3.2 refined visual-family rule
AVLP451c,spiking,ASSUMPTION,3,spiking,0,BUILD_BRIEF.md 3.2 refined visual-family rule
AVLP454_a,spiking,ASSUMPTION,10,spiking,0,BUILD_BRIEF.md 3.2 refined visual-family rule
AVLP454_b,spiking,ASSUMPTION,10,spiking,0,BUILD_BRIEF.md 3.2 refined visual-family rule
AVLP455,spiking,ASSUMPTION,4,spiking,0,BUILD_BRIEF.md 3.2 refined visual-family rule
AVLP457,spiking,ASSUMPTION,3,spiking,0,BUILD_BRIEF.md 3.2 refined visual-family rule
AVLP458,spiking,ASSUMPTION,1,spiking,0,BUILD_BRIEF.md 3.2 refined visual-family rule
AVLP459,spiking,ASSUMPTION,4,spiking,0,BUILD_BRIEF.md 3.2 refined visual-family rule
AVLP460,spiking,ASSUMPTION,2,spiking,0,BUILD_BRIEF.md 3.2 refined visual-family rule
AVLP461,spiking,ASSUMPTION,5,spiking,0,BUILD_BRIEF.md 3.2 refined visual-family rule
AVLP462a,spiking,ASSUMPTION,5,spiking,0,BUILD_BRIEF.md 3.2 refined visual-family rule
AVLP462b,spiking,ASSUMPTION,5,spiking,0,BUILD_BRIEF.md 3.2 refined visual-family rule
AVLP464,spiking,ASSUMPTION,2,spiking,0,BUILD_BRIEF.md 3.2 refined visual-family rule
AVLP465a,spiking,ASSUMPTION,7,spiking,0,BUILD_BRIEF.md 3.2 refined visual-family rule
AVLP465b,spiking,ASSUMPTION,6,spiking,0,BUILD_BRIEF.md 3.2 refined visual-family rule
AVLP465c,spiking,ASSUMPTION,4,spiking,0,BUILD_BRIEF.md 3.2 refined visual-family rule
AVLP469a,spiking,ASSUMPTION,2,spiking,0,BUILD_BRIEF.md 3.2 refined visual-family rule
AVLP469b,spiking,ASSUMPTION,6,spiking,0,BUILD_BRIEF.md 3.2 refined visual-family rule
AVLP470a,spiking,ASSUMPTION,2,spiking,0,BUILD_BRIEF.md 3.2 refined visual-family rule
AVLP470b,spiking,ASSUMPTION,2,spiking,0,BUILD_BRIEF.md 3.2 refined visual-family rule
AVLP471,spiking,ASSUMPTION,4,spiking,0,BUILD_BRIEF.md 3.2 refined visual-family rule
AVLP473,spiking,ASSUMPTION,2,spiking,0,BUILD_BRIEF.md 3.2 refined visual-family rule
AVLP474,spiking,ASSUMPTION,2,spiking,0,BUILD_BRIEF.md 3.2 refined visual-family rule
AVLP475a,spiking,ASSUMPTION,2,spiking,0,BUILD_BRIEF.md 3.2 refined visual-family rule
AVLP475b,spiking,ASSUMPTION,2,spiking,0,BUILD_BRIEF.md 3.2 refined visual-family rule
AVLP476,spiking,ASSUMPTION,2,spiking,0,BUILD_BRIEF.md 3.2 refined visual-family rule
AVLP477,spiking,ASSUMPTION,2,spiking,0,BUILD_BRIEF.md 3.2 refined visual-family rule
AVLP478,spiking,ASSUMPTION,2,spiking,0,BUILD_BRIEF.md 3.2 refined visual-family rule
AVLP479,spiking,ASSUMPTION,4,spiking,0,BUILD_BRIEF.md 3.2 refined visual-family rule
AVLP486,spiking,ASSUMPTION,8,spiking,0,BUILD_BRIEF.md 3.2 refined visual-family rule
AVLP487,spiking,ASSUMPTION,3,spiking,0,BUILD_BRIEF.md 3.2 refined visual-family rule
AVLP488,spiking,ASSUMPTION,4,spiking,0,BUILD_BRIEF.md 3.2 refined visual-family rule
AVLP489,spiking,ASSUMPTION,4,spiking,0,BUILD_BRIEF.md 3.2 refined visual-family rule
AVLP490,spiking,ASSUMPTION,4,spiking,0,BUILD_BRIEF.md 3.2 refined visual-family rule
AVLP491,spiking,ASSUMPTION,2,spiking,0,BUILD_BRIEF.md 3.2 refined visual-family rule
AVLP492,spiking,ASSUMPTION,4,spiking,0,BUILD_BRIEF.md 3.2 refined visual-family rule
AVLP494,spiking,ASSUMPTION,6,spiking,0,BUILD_BRIEF.md 3.2 refined visual-family rule
AVLP496a,spiking,ASSUMPTION,4,spiking,0,BUILD_BRIEF.md 3.2 refined visual-family rule
AVLP496b,spiking,ASSUMPTION,6,spiking,0,BUILD_BRIEF.md 3.2 refined visual-family rule
AVLP497,spiking,ASSUMPTION,2,spiking,0,BUILD_BRIEF.md 3.2 refined visual-family rule
AVLP498,spiking,ASSUMPTION,2,spiking,0,BUILD_BRIEF.md 3.2 refined visual-family rule
AVLP500,spiking,ASSUMPTION,2,spiking,0,BUILD_BRIEF.md 3.2 refined visual-family rule
AVLP501,spiking,ASSUMPTION,2,spiking,0,BUILD_BRIEF.md 3.2 refined visual-family rule
AVLP502,spiking,ASSUMPTION,2,spiking,0,BUILD_BRIEF.md 3.2 refined visual-family rule
AVLP503,spiking,ASSUMPTION,2,spiking,0,BUILD_BRIEF.md 3.2 refined visual-family rule
AVLP504,spiking,ASSUMPTION,2,spiking,0,BUILD_BRIEF.md 3.2 refined visual-family rule
AVLP505,spiking,ASSUMPTION,2,spiking,0,BUILD_BRIEF.md 3.2 refined visual-family rule
AVLP506,spiking,ASSUMPTION,2,spiking,0,BUILD_BRIEF.md 3.2 refined visual-family rule
AVLP507,spiking,ASSUMPTION,2,spiking,0,BUILD_BRIEF.md 3.2 refined visual-family rule
AVLP508,spiking,ASSUMPTION,2,spiking,0,BUILD_BRIEF.md 3.2 refined visual-family rule
AVLP509,spiking,ASSUMPTION,2,spiking,0,BUILD_BRIEF.md 3.2 refined visual-family rule
AVLP517,spiking,ASSUMPTION,4,spiking,0,BUILD_BRIEF.md 3.2 refined visual-family rule
AVLP519a,spiking,ASSUMPTION,2,spiking,0,BUILD_BRIEF.md 3.2 refined visual-family rule
AVLP519b,spiking,ASSUMPTION,2,spiking,0,BUILD_BRIEF.md 3.2 refined visual-family rule
AVLP520,spiking,ASSUMPTION,2,spiking,0,BUILD_BRIEF.md 3.2 refined visual-family rule
AVLP521,spiking,ASSUMPTION,2,spiking,0,BUILD_BRIEF.md 3.2 refined visual-family rule
AVLP522,spiking,ASSUMPTION,2,spiking,0,BUILD_BRIEF.md 3.2 refined visual-family rule
AVLP523,spiking,ASSUMPTION,5,spiking,0,BUILD_BRIEF.md 3.2 refined visual-family rule
"AVLP530,AVLP561",spiking,ASSUMPTION,5,spiking,0,BUILD_BRIEF.md 3.2 refined visual-family rule
AVLP531,spiking,ASSUMPTION,2,spiking,0,BUILD_BRIEF.md 3.2 refined visual-family rule
AVLP532,spiking,ASSUMPTION,2,spiking,0,BUILD_BRIEF.md 3.2 refined visual-family rule
AVLP533,spiking,ASSUMPTION,2,spiking,0,BUILD_BRIEF.md 3.2 refined visual-family rule
AVLP534,spiking,ASSUMPTION,2,spiking,0,BUILD_BRIEF.md 3.2 refined visual-family rule
AVLP535,spiking,ASSUMPTION,2,spiking,0,BUILD_BRIEF.md 3.2 refined visual-family rule
AVLP536,spiking,ASSUMPTION,2,spiking,0,BUILD_BRIEF.md 3.2 refined visual-family rule
AVLP537,spiking,ASSUMPTION,2,spiking,0,BUILD_BRIEF.md 3.2 refined visual-family rule
AVLP538,spiking,ASSUMPTION,2,spiking,0,BUILD_BRIEF.md 3.2 refined visual-family rule
AVLP541a,spiking,ASSUMPTION,6,spiking,0,BUILD_BRIEF.md 3.2 refined visual-family rule
AVLP541b,spiking,ASSUMPTION,2,spiking,0,BUILD_BRIEF.md 3.2 refined visual-family rule
AVLP542,spiking,ASSUMPTION,2,spiking,0,BUILD_BRIEF.md 3.2 refined visual-family rule
AVLP543,spiking,ASSUMPTION,2,spiking,0,BUILD_BRIEF.md 3.2 refined visual-family rule
AVLP544,spiking,ASSUMPTION,2,spiking,0,BUILD_BRIEF.md 3.2 refined visual-family rule
AVLP546,spiking,ASSUMPTION,2,spiking,0,BUILD_BRIEF.md 3.2 refined visual-family rule
AVLP547a,spiking,ASSUMPTION,2,spiking,0,BUILD_BRIEF.md 3.2 refined visual-family rule
AVLP547b,spiking,ASSUMPTION,2,spiking,0,BUILD_BRIEF.md 3.2 refined visual-family rule
AVLP548_b,spiking,ASSUMPTION,6,spiking,0,BUILD_BRIEF.md 3.2 refined visual-family rule
AVLP548_d,spiking,ASSUMPTION,4,spiking,0,BUILD_BRIEF.md 3.2 refined visual-family rule
AVLP548_e,spiking,ASSUMPTION,3,spiking,0,BUILD_BRIEF.md 3.2 refined visual-family rule
AVLP548_f,spiking,ASSUMPTION,4,spiking,0,BUILD_BRIEF.md 3.2 refined visual-family rule
AVLP550a,spiking,ASSUMPTION,4,spiking,0,BUILD_BRIEF.md 3.2 refined visual-family rule
AVLP550b,spiking,ASSUMPTION,10,spiking,0,BUILD_BRIEF.md 3.2 refined visual-family rule
AVLP555,spiking,ASSUMPTION,2,spiking,0,BUILD_BRIEF.md 3.2 refined visual-family rule
AVLP557,spiking,ASSUMPTION,4,spiking,0,BUILD_BRIEF.md 3.2 refined visual-family rule
AVLP558,spiking,ASSUMPTION,6,spiking,0,BUILD_BRIEF.md 3.2 refined visual-family rule
AVLP559a,spiking,ASSUMPTION,4,spiking,0,BUILD_BRIEF.md 3.2 refined visual-family rule
AVLP559b,spiking,ASSUMPTION,3,spiking,0,BUILD_BRIEF.md 3.2 refined visual-family rule
AVLP559c,spiking,ASSUMPTION,2,spiking,0,BUILD_BRIEF.md 3.2 refined visual-family rule
AVLP560,spiking,ASSUMPTION,2,spiking,0,BUILD_BRIEF.md 3.2 refined visual-family rule
AVLP562,spiking,ASSUMPTION,2,spiking,0,BUILD_BRIEF.md 3.2 refined visual-family rule
AVLP563,spiking,ASSUMPTION,2,spiking,0,BUILD_BRIEF.md 3.2 refined visual-family rule
AVLP565,spiking,ASSUMPTION,2,spiking,0,BUILD_BRIEF.md 3.2 refined visual-family rule
AVLP566,spiking,ASSUMPTION,4,spiking,0,BUILD_BRIEF.md 3.2 refined visual-family rule
AVLP567,spiking,ASSUMPTION,4,spiking,0,BUILD_BRIEF.md 3.2 refined visual-family rule
AVLP568,spiking,ASSUMPTION,2,spiking,0,BUILD_BRIEF.md 3.2 refined visual-family rule
AVLP569,spiking,ASSUMPTION,4,spiking,0,BUILD_BRIEF.md 3.2 refined visual-family rule
AVLP570,spiking,ASSUMPTION,4,spiking,0,BUILD_BRIEF.md 3.2 refined visual-family rule
AVLP571,spiking,ASSUMPTION,2,spiking,0,BUILD_BRIEF.md 3.2 refined visual-family rule
AVLP572,spiking,ASSUMPTION,2,spiking,0,BUILD_BRIEF.md 3.2 refined visual-family rule
AVLP573,spiking,ASSUMPTION,2,spiking,0,BUILD_BRIEF.md 3.2 refined visual-family rule
AVLP574,spiking,ASSUMPTION,4,spiking,0,BUILD_BRIEF.md 3.2 refined visual-family rule
AVLP575,spiking,ASSUMPTION,2,spiking,0,BUILD_BRIEF.md 3.2 refined visual-family rule
AVLP576,spiking,ASSUMPTION,2,spiking,0,BUILD_BRIEF.md 3.2 refined visual-family rule
AVLP577,spiking,ASSUMPTION,4,spiking,0,BUILD_BRIEF.md 3.2 refined visual-family rule
AVLP578,spiking,ASSUMPTION,2,spiking,0,BUILD_BRIEF.md 3.2 refined visual-family rule
AVLP579,spiking,ASSUMPTION,2,spiking,0,BUILD_BRIEF.md 3.2 refined visual-family rule
AVLP580,spiking,ASSUMPTION,1,spiking,0,BUILD_BRIEF.md 3.2 refined visual-family rule
AVLP584,spiking,ASSUMPTION,6,spiking,0,BUILD_BRIEF.md 3.2 refined visual-family rule
AVLP586,spiking,ASSUMPTION,2,spiking,0,BUILD_BRIEF.md 3.2 refined visual-family rule
AVLP590,spiking,ASSUMPTION,2,spiking,0,BUILD_BRIEF.md 3.2 refined visual-family rule
AVLP591,spiking,ASSUMPTION,2,spiking,0,BUILD_BRIEF.md 3.2 refined visual-family rule
AVLP592,spiking,ASSUMPTION,2,spiking,0,BUILD_BRIEF.md 3.2 refined visual-family rule
AVLP593,spiking,ASSUMPTION,2,spiking,0,BUILD_BRIEF.md 3.2 refined visual-family rule
AVLP594,spiking,ASSUMPTION,2,spiking,0,BUILD_BRIEF.md 3.2 refined visual-family rule
AVLP595,spiking,ASSUMPTION,2,spiking,0,BUILD_BRIEF.md 3.2 refined visual-family rule
AVLP596,spiking,ASSUMPTION,2,spiking,0,BUILD_BRIEF.md 3.2 refined visual-family rule
Am,spiking,ASSUMPTION,2,spiking,0,BUILD_BRIEF.md 3.2 refined visual-family rule
Am1,spiking,ASSUMPTION,2,spiking,0,BUILD_BRIEF.md 3.2 refined visual-family rule
AstA1,spiking,ASSUMPTION,2,spiking,0,BUILD_BRIEF.md 3.2 refined visual-family rule
BM_Ant,spiking,ASSUMPTION,41,spiking,0,BUILD_BRIEF.md 3.2 refined visual-family rule
BM_Fr,spiking,ASSUMPTION,13,spiking,0,BUILD_BRIEF.md 3.2 refined visual-family rule
BM_FrOr,spiking,ASSUMPTION,13,spiking,0,BUILD_BRIEF.md 3.2 refined visual-family rule
BM_Hau,spiking,ASSUMPTION,10,spiking,0,BUILD_BRIEF.md 3.2 refined visual-family rule
BM_InOc,spiking,ASSUMPTION,6,spiking,0,BUILD_BRIEF.md 3.2 refined visual-family rule
BM_InOm,spiking,ASSUMPTION,1113,spiking,0,BUILD_BRIEF.md 3.2 refined visual-family rule
BM_MaPa,spiking,ASSUMPTION,24,spiking,0,BUILD_BRIEF.md 3.2 refined visual-family rule
BM_Oc,spiking,ASSUMPTION,2,spiking,0,BUILD_BRIEF.md 3.2 refined visual-family rule
BM_Or,spiking,ASSUMPTION,6,spiking,0,BUILD_BRIEF.md 3.2 refined visual-family rule
BM_Taste,spiking,ASSUMPTION,72,spiking,0,BUILD_BRIEF.md 3.2 refined visual-family rule
BM_Vib,spiking,ASSUMPTION,37,spiking,0,BUILD_BRIEF.md 3.2 refined visual-family rule
BM_Vt_PoOc,spiking,ASSUMPTION,10,spiking,0,BUILD_BRIEF.md 3.2 refined visual-family rule
BM_dOcci,spiking,ASSUMPTION,6,spiking,0,BUILD_BRIEF.md 3.2 refined visual-family rule
BM_dPoOr,spiking,ASSUMPTION,12,spiking,0,BUILD_BRIEF.md 3.2 refined visual-family rule
BM_vOcci_vPoOr,spiking,ASSUMPTION,52,spiking,0,BUILD_BRIEF.md 3.2 refined visual-family rule
BiT,spiking,ASSUMPTION,2,spiking,0,BUILD_BRIEF.md 3.2 refined visual-family rule
C2,graded,ASSUMPTION,1416,graded,1416,BUILD_BRIEF.md 3.2 refined visual-family rule
C3,graded,ASSUMPTION,1530,graded,1530,BUILD_BRIEF.md 3.2 refined visual-family rule
CAPA,spiking,ASSUMPTION,2,spiking,0,BUILD_BRIEF.md 3.2 refined visual-family rule
CB0004,spiking,ASSUMPTION,2,spiking,0,BUILD_BRIEF.md 3.2 refined visual-family rule
CB0005,spiking,ASSUMPTION,2,spiking,0,BUILD_BRIEF.md 3.2 refined visual-family rule
CB0007,spiking,ASSUMPTION,6,spiking,0,BUILD_BRIEF.md 3.2 refined visual-family rule
CB0008,spiking,ASSUMPTION,2,spiking,0,BUILD_BRIEF.md 3.2 refined visual-family rule
CB0009,spiking,ASSUMPTION,2,spiking,0,BUILD_BRIEF.md 3.2 refined visual-family rule
CB0010,spiking,ASSUMPTION,2,spiking,0,BUILD_BRIEF.md 3.2 refined visual-family rule
CB0011,spiking,ASSUMPTION,2,spiking,0,BUILD_BRIEF.md 3.2 refined visual-family rule
CB0013,spiking,ASSUMPTION,2,spiking,0,BUILD_BRIEF.md 3.2 refined visual-family rule
CB0014,spiking,ASSUMPTION,2,spiking,0,BUILD_BRIEF.md 3.2 refined visual-family rule
CB0015,spiking,ASSUMPTION,2,spiking,0,BUILD_BRIEF.md 3.2 refined visual-family rule
CB0016,spiking,ASSUMPTION,2,spiking,0,BUILD_BRIEF.md 3.2 refined visual-family rule
CB0017,spiking,ASSUMPTION,2,spiking,0,BUILD_BRIEF.md 3.2 refined visual-family rule
CB0018,spiking,ASSUMPTION,2,spiking,0,BUILD_BRIEF.md 3.2 refined visual-family rule
CB0019,spiking,ASSUMPTION,2,spiking,0,BUILD_BRIEF.md 3.2 refined visual-family rule
CB0020,spiking,ASSUMPTION,2,spiking,0,BUILD_BRIEF.md 3.2 refined visual-family rule
CB0021,spiking,ASSUMPTION,2,spiking,0,BUILD_BRIEF.md 3.2 refined visual-family rule
CB0022,spiking,ASSUMPTION,2,spiking,0,BUILD_BRIEF.md 3.2 refined visual-family rule
CB0023,spiking,ASSUMPTION,2,spiking,0,BUILD_BRIEF.md 3.2 refined visual-family rule
CB0024,spiking,ASSUMPTION,2,spiking,0,BUILD_BRIEF.md 3.2 refined visual-family rule
CB0025,spiking,ASSUMPTION,2,spiking,0,BUILD_BRIEF.md 3.2 refined visual-family rule
CB0026,spiking,ASSUMPTION,2,spiking,0,BUILD_BRIEF.md 3.2 refined visual-family rule
CB0027,spiking,ASSUMPTION,2,spiking,0,BUILD_BRIEF.md 3.2 refined visual-family rule
CB0029,spiking,ASSUMPTION,2,spiking,0,BUILD_BRIEF.md 3.2 refined visual-family rule
CB0030,spiking,ASSUMPTION,2,spiking,0,BUILD_BRIEF.md 3.2 refined visual-family rule
CB0031,spiking,ASSUMPTION,2,spiking,0,BUILD_BRIEF.md 3.2 refined visual-family rule
CB0032,spiking,ASSUMPTION,2,spiking,0,BUILD_BRIEF.md 3.2 refined visual-family rule
CB0033,spiking,ASSUMPTION,2,spiking,0,BUILD_BRIEF.md 3.2 refined visual-family rule
CB0034,spiking,ASSUMPTION,2,spiking,0,BUILD_BRIEF.md 3.2 refined visual-family rule
CB0035,spiking,ASSUMPTION,2,spiking,0,BUILD_BRIEF.md 3.2 refined visual-family rule
CB0036,spiking,ASSUMPTION,2,spiking,0,BUILD_BRIEF.md 3.2 refined visual-family rule
CB0038,spiking,ASSUMPTION,2,spiking,0,BUILD_BRIEF.md 3.2 refined visual-family rule
CB0039,spiking,ASSUMPTION,2,spiking,0,BUILD_BRIEF.md 3.2 refined visual-family rule
CB0040,spiking,ASSUMPTION,2,spiking,0,BUILD_BRIEF.md 3.2 refined visual-family rule
CB0041,spiking,ASSUMPTION,2,spiking,0,BUILD_BRIEF.md 3.2 refined visual-family rule
CB0045,spiking,ASSUMPTION,2,spiking,0,BUILD_BRIEF.md 3.2 refined visual-family rule
CB0046,spiking,ASSUMPTION,2,spiking,0,BUILD_BRIEF.md 3.2 refined visual-family rule
CB0047,spiking,ASSUMPTION,2,spiking,0,BUILD_BRIEF.md 3.2 refined visual-family rule
CB0048,spiking,ASSUMPTION,2,spiking,0,BUILD_BRIEF.md 3.2 refined visual-family rule
CB0049,spiking,ASSUMPTION,2,spiking,0,BUILD_BRIEF.md 3.2 refined visual-family rule
CB0050,spiking,ASSUMPTION,2,spiking,0,BUILD_BRIEF.md 3.2 refined visual-family rule
CB0051,spiking,ASSUMPTION,2,spiking,0,BUILD_BRIEF.md 3.2 refined visual-family rule
CB0053,spiking,ASSUMPTION,2,spiking,0,BUILD_BRIEF.md 3.2 refined visual-family rule
CB0055,spiking,ASSUMPTION,2,spiking,0,BUILD_BRIEF.md 3.2 refined visual-family rule
CB0056,spiking,ASSUMPTION,2,spiking,0,BUILD_BRIEF.md 3.2 refined visual-family rule
CB0057,spiking,ASSUMPTION,2,spiking,0,BUILD_BRIEF.md 3.2 refined visual-family rule
CB0058,spiking,ASSUMPTION,2,spiking,0,BUILD_BRIEF.md 3.2 refined visual-family rule
CB0059,spiking,ASSUMPTION,2,spiking,0,BUILD_BRIEF.md 3.2 refined visual-family rule
CB0060,spiking,ASSUMPTION,2,spiking,0,BUILD_BRIEF.md 3.2 refined visual-family rule
CB0061,spiking,ASSUMPTION,2,spiking,0,BUILD_BRIEF.md 3.2 refined visual-family rule
CB0062,spiking,ASSUMPTION,2,spiking,0,BUILD_BRIEF.md 3.2 refined visual-family rule
CB0064,spiking,ASSUMPTION,2,spiking,0,BUILD_BRIEF.md 3.2 refined visual-family rule
CB0065,spiking,ASSUMPTION,2,spiking,0,BUILD_BRIEF.md 3.2 refined visual-family rule
CB0066,spiking,ASSUMPTION,2,spiking,0,BUILD_BRIEF.md 3.2 refined visual-family rule
CB0067,spiking,ASSUMPTION,2,spiking,0,BUILD_BRIEF.md 3.2 refined visual-family rule
CB0069,spiking,ASSUMPTION,2,spiking,0,BUILD_BRIEF.md 3.2 refined visual-family rule
CB0070,spiking,ASSUMPTION,2,spiking,0,BUILD_BRIEF.md 3.2 refined visual-family rule
CB0071,spiking,ASSUMPTION,2,spiking,0,BUILD_BRIEF.md 3.2 refined visual-family rule
CB0072,spiking,ASSUMPTION,2,spiking,0,BUILD_BRIEF.md 3.2 refined visual-family rule
CB0073,spiking,ASSUMPTION,2,spiking,0,BUILD_BRIEF.md 3.2 refined visual-family rule
CB0074,spiking,ASSUMPTION,2,spiking,0,BUILD_BRIEF.md 3.2 refined visual-family rule
CB0075,spiking,ASSUMPTION,4,spiking,0,BUILD_BRIEF.md 3.2 refined visual-family rule
CB0076,spiking,ASSUMPTION,2,spiking,0,BUILD_BRIEF.md 3.2 refined visual-family rule
CB0078,spiking,ASSUMPTION,2,spiking,0,BUILD_BRIEF.md 3.2 refined visual-family rule
CB0079,spiking,ASSUMPTION,2,spiking,0,BUILD_BRIEF.md 3.2 refined visual-family rule
CB0080,spiking,ASSUMPTION,2,spiking,0,BUILD_BRIEF.md 3.2 refined visual-family rule
CB0082,spiking,ASSUMPTION,2,spiking,0,BUILD_BRIEF.md 3.2 refined visual-family rule
CB0083,spiking,ASSUMPTION,2,spiking,0,BUILD_BRIEF.md 3.2 refined visual-family rule
CB0084,spiking,ASSUMPTION,2,spiking,0,BUILD_BRIEF.md 3.2 refined visual-family rule
CB0086,spiking,ASSUMPTION,2,spiking,0,BUILD_BRIEF.md 3.2 refined visual-family rule
CB0087,spiking,ASSUMPTION,2,spiking,0,BUILD_BRIEF.md 3.2 refined visual-family rule
CB0088,spiking,ASSUMPTION,2,spiking,0,BUILD_BRIEF.md 3.2 refined visual-family rule
CB0089,spiking,ASSUMPTION,2,spiking,0,BUILD_BRIEF.md 3.2 refined visual-family rule
CB0090,spiking,ASSUMPTION,2,spiking,0,BUILD_BRIEF.md 3.2 refined visual-family rule
CB0091,spiking,ASSUMPTION,2,spiking,0,BUILD_BRIEF.md 3.2 refined visual-family rule
CB0094,spiking,ASSUMPTION,2,spiking,0,BUILD_BRIEF.md 3.2 refined visual-family rule
CB0095,spiking,ASSUMPTION,2,spiking,0,BUILD_BRIEF.md 3.2 refined visual-family rule
CB0096,spiking,ASSUMPTION,4,spiking,0,BUILD_BRIEF.md 3.2 refined visual-family rule
CB0097,spiking,ASSUMPTION,2,spiking,0,BUILD_BRIEF.md 3.2 refined visual-family rule
CB0098,spiking,ASSUMPTION,2,spiking,0,BUILD_BRIEF.md 3.2 refined visual-family rule
CB0099,spiking,ASSUMPTION,2,spiking,0,BUILD_BRIEF.md 3.2 refined visual-family rule
CB0100,spiking,ASSUMPTION,2,spiking,0,BUILD_BRIEF.md 3.2 refined visual-family rule
CB0101,spiking,ASSUMPTION,2,spiking,0,BUILD_BRIEF.md 3.2 refined visual-family rule
CB0102,spiking,ASSUMPTION,2,spiking,0,BUILD_BRIEF.md 3.2 refined visual-family rule
CB0103,spiking,ASSUMPTION,2,spiking,0,BUILD_BRIEF.md 3.2 refined visual-family rule
CB0104,spiking,ASSUMPTION,2,spiking,0,BUILD_BRIEF.md 3.2 refined visual-family rule
CB0106,spiking,ASSUMPTION,2,spiking,0,BUILD_BRIEF.md 3.2 refined visual-family rule
CB0107,spiking,ASSUMPTION,2,spiking,0,BUILD_BRIEF.md 3.2 refined visual-family rule
CB0108,spiking,ASSUMPTION,2,spiking,0,BUILD_BRIEF.md 3.2 refined visual-family rule
CB0109,spiking,ASSUMPTION,2,spiking,0,BUILD_BRIEF.md 3.2 refined visual-family rule
CB0110,spiking,ASSUMPTION,2,spiking,0,BUILD_BRIEF.md 3.2 refined visual-family rule
CB0113,spiking,ASSUMPTION,2,spiking,0,BUILD_BRIEF.md 3.2 refined visual-family rule
CB0114,spiking,ASSUMPTION,2,spiking,0,BUILD_BRIEF.md 3.2 refined visual-family rule
CB0115,spiking,ASSUMPTION,5,spiking,0,BUILD_BRIEF.md 3.2 refined visual-family rule
CB0117,spiking,ASSUMPTION,2,spiking,0,BUILD_BRIEF.md 3.2 refined visual-family rule
CB0118,spiking,ASSUMPTION,2,spiking,0,BUILD_BRIEF.md 3.2 refined visual-family rule
CB0121,spiking,ASSUMPTION,2,spiking,0,BUILD_BRIEF.md 3.2 refined visual-family rule
CB0122,spiking,ASSUMPTION,2,spiking,0,BUILD_BRIEF.md 3.2 refined visual-family rule
CB0124,spiking,ASSUMPTION,2,spiking,0,BUILD_BRIEF.md 3.2 refined visual-family rule
CB0125,spiking,ASSUMPTION,2,spiking,0,BUILD_BRIEF.md 3.2 refined visual-family rule
CB0126,spiking,ASSUMPTION,4,spiking,0,BUILD_BRIEF.md 3.2 refined visual-family rule
CB0128,spiking,ASSUMPTION,2,spiking,0,BUILD_BRIEF.md 3.2 refined visual-family rule
CB0129,spiking,ASSUMPTION,2,spiking,0,BUILD_BRIEF.md 3.2 refined visual-family rule
CB0130,spiking,ASSUMPTION,2,spiking,0,BUILD_BRIEF.md 3.2 refined visual-family rule
CB0131,spiking,ASSUMPTION,2,spiking,0,BUILD_BRIEF.md 3.2 refined visual-family rule
CB0132,spiking,ASSUMPTION,2,spiking,0,BUILD_BRIEF.md 3.2 refined visual-family rule
CB0135,spiking,ASSUMPTION,2,spiking,0,BUILD_BRIEF.md 3.2 refined visual-family rule
CB0136,spiking,ASSUMPTION,2,spiking,0,BUILD_BRIEF.md 3.2 refined visual-family rule
CB0137,spiking,ASSUMPTION,2,spiking,0,BUILD_BRIEF.md 3.2 refined visual-family rule
CB0138,spiking,ASSUMPTION,2,spiking,0,BUILD_BRIEF.md 3.2 refined visual-family rule
CB0140,spiking,ASSUMPTION,2,spiking,0,BUILD_BRIEF.md 3.2 refined visual-family rule
CB0141,spiking,ASSUMPTION,2,spiking,0,BUILD_BRIEF.md 3.2 refined visual-family rule
CB0142,spiking,ASSUMPTION,2,spiking,0,BUILD_BRIEF.md 3.2 refined visual-family rule
CB0143,spiking,ASSUMPTION,2,spiking,0,BUILD_BRIEF.md 3.2 refined visual-family rule
CB0144,spiking,ASSUMPTION,2,spiking,0,BUILD_BRIEF.md 3.2 refined visual-family rule
CB0148,spiking,ASSUMPTION,2,spiking,0,BUILD_BRIEF.md 3.2 refined visual-family rule
CB0149,spiking,ASSUMPTION,2,spiking,0,BUILD_BRIEF.md 3.2 refined visual-family rule
CB0150,spiking,ASSUMPTION,2,spiking,0,BUILD_BRIEF.md 3.2 refined visual-family rule
CB0151,spiking,ASSUMPTION,4,spiking,0,BUILD_BRIEF.md 3.2 refined visual-family rule
CB0152,spiking,ASSUMPTION,2,spiking,0,BUILD_BRIEF.md 3.2 refined visual-family rule
CB0153,spiking,ASSUMPTION,2,spiking,0,BUILD_BRIEF.md 3.2 refined visual-family rule
CB0154,spiking,ASSUMPTION,2,spiking,0,BUILD_BRIEF.md 3.2 refined visual-family rule
CB0155,spiking,ASSUMPTION,2,spiking,0,BUILD_BRIEF.md 3.2 refined visual-family rule
CB0157,spiking,ASSUMPTION,2,spiking,0,BUILD_BRIEF.md 3.2 refined visual-family rule
CB0158,spiking,ASSUMPTION,8,spiking,0,BUILD_BRIEF.md 3.2 refined visual-family rule
CB0159,spiking,ASSUMPTION,2,spiking,0,BUILD_BRIEF.md 3.2 refined visual-family rule
CB0161,spiking,ASSUMPTION,2,spiking,0,BUILD_BRIEF.md 3.2 refined visual-family rule
CB0163,spiking,ASSUMPTION,2,spiking,0,BUILD_BRIEF.md 3.2 refined visual-family rule
CB0164,spiking,ASSUMPTION,2,spiking,0,BUILD_BRIEF.md 3.2 refined visual-family rule
CB0166,spiking,ASSUMPTION,2,spiking,0,BUILD_BRIEF.md 3.2 refined visual-family rule
CB0168,spiking,ASSUMPTION,2,spiking,0,BUILD_BRIEF.md 3.2 refined visual-family rule
CB0170,spiking,ASSUMPTION,2,spiking,0,BUILD_BRIEF.md 3.2 refined visual-family rule
CB0172,spiking,ASSUMPTION,2,spiking,0,BUILD_BRIEF.md 3.2 refined visual-family rule
CB0174,spiking,ASSUMPTION,2,spiking,0,BUILD_BRIEF.md 3.2 refined visual-family rule
CB0175,spiking,ASSUMPTION,2,spiking,0,BUILD_BRIEF.md 3.2 refined visual-family rule
CB0176,spiking,ASSUMPTION,2,spiking,0,BUILD_BRIEF.md 3.2 refined visual-family rule
CB0177,spiking,ASSUMPTION,2,spiking,0,BUILD_BRIEF.md 3.2 refined visual-family rule
CB0179,spiking,ASSUMPTION,2,spiking,0,BUILD_BRIEF.md 3.2 refined visual-family rule
CB0180,spiking,ASSUMPTION,2,spiking,0,BUILD_BRIEF.md 3.2 refined visual-family rule
CB0182,spiking,ASSUMPTION,2,spiking,0,BUILD_BRIEF.md 3.2 refined visual-family rule
CB0183,spiking,ASSUMPTION,2,spiking,0,BUILD_BRIEF.md 3.2 refined visual-family rule
CB0184,spiking,ASSUMPTION,2,spiking,0,BUILD_BRIEF.md 3.2 refined visual-family rule
CB0186,spiking,ASSUMPTION,2,spiking,0,BUILD_BRIEF.md 3.2 refined visual-family rule
CB0187,spiking,ASSUMPTION,2,spiking,0,BUILD_BRIEF.md 3.2 refined visual-family rule
CB0188,spiking,ASSUMPTION,2,spiking,0,BUILD_BRIEF.md 3.2 refined visual-family rule
CB0189,spiking,ASSUMPTION,2,spiking,0,BUILD_BRIEF.md 3.2 refined visual-family rule
CB0190,spiking,ASSUMPTION,2,spiking,0,BUILD_BRIEF.md 3.2 refined visual-family rule
CB0191,spiking,ASSUMPTION,2,spiking,0,BUILD_BRIEF.md 3.2 refined visual-family rule
CB0192,spiking,ASSUMPTION,2,spiking,0,BUILD_BRIEF.md 3.2 refined visual-family rule
CB0194,spiking,ASSUMPTION,2,spiking,0,BUILD_BRIEF.md 3.2 refined visual-family rule
CB0195,spiking,ASSUMPTION,2,spiking,0,BUILD_BRIEF.md 3.2 refined visual-family rule
CB0196,spiking,ASSUMPTION,2,spiking,0,BUILD_BRIEF.md 3.2 refined visual-family rule
CB0197,spiking,ASSUMPTION,2,spiking,0,BUILD_BRIEF.md 3.2 refined visual-family rule
CB0198,spiking,ASSUMPTION,2,spiking,0,BUILD_BRIEF.md 3.2 refined visual-family rule
CB0200,spiking,ASSUMPTION,2,spiking,0,BUILD_BRIEF.md 3.2 refined visual-family rule
CB0202,spiking,ASSUMPTION,2,spiking,0,BUILD_BRIEF.md 3.2 refined visual-family rule
CB0204,spiking,ASSUMPTION,2,spiking,0,BUILD_BRIEF.md 3.2 refined visual-family rule
CB0206,spiking,ASSUMPTION,2,spiking,0,BUILD_BRIEF.md 3.2 refined visual-family rule
CB0207,spiking,ASSUMPTION,2,spiking,0,BUILD_BRIEF.md 3.2 refined visual-family rule
CB0208,spiking,ASSUMPTION,2,spiking,0,BUILD_BRIEF.md 3.2 refined visual-family rule
CB0211,spiking,ASSUMPTION,2,spiking,0,BUILD_BRIEF.md 3.2 refined visual-family rule
CB0212,spiking,ASSUMPTION,2,spiking,0,BUILD_BRIEF.md 3.2 refined visual-family rule
CB0213,spiking,ASSUMPTION,2,spiking,0,BUILD_BRIEF.md 3.2 refined visual-family rule
CB0214,spiking,ASSUMPTION,2,spiking,0,BUILD_BRIEF.md 3.2 refined visual-family rule
CB0215,spiking,ASSUMPTION,2,spiking,0,BUILD_BRIEF.md 3.2 refined visual-family rule
CB0216,spiking,ASSUMPTION,2,spiking,0,BUILD_BRIEF.md 3.2 refined visual-family rule
CB0217,spiking,ASSUMPTION,2,spiking,0,BUILD_BRIEF.md 3.2 refined visual-family rule
CB0218,spiking,ASSUMPTION,2,spiking,0,BUILD_BRIEF.md 3.2 refined visual-family rule
CB0219,spiking,ASSUMPTION,2,spiking,0,BUILD_BRIEF.md 3.2 refined visual-family rule
CB0220,spiking,ASSUMPTION,2,spiking,0,BUILD_BRIEF.md 3.2 refined visual-family rule
CB0221,spiking,ASSUMPTION,2,spiking,0,BUILD_BRIEF.md 3.2 refined visual-family rule
CB0222,spiking,ASSUMPTION,2,spiking,0,BUILD_BRIEF.md 3.2 refined visual-family rule
CB0223,spiking,ASSUMPTION,2,spiking,0,BUILD_BRIEF.md 3.2 refined visual-family rule
CB0224,spiking,ASSUMPTION,2,spiking,0,BUILD_BRIEF.md 3.2 refined visual-family rule
CB0225,spiking,ASSUMPTION,2,spiking,0,BUILD_BRIEF.md 3.2 refined visual-family rule
CB0226,spiking,ASSUMPTION,2,spiking,0,BUILD_BRIEF.md 3.2 refined visual-family rule
CB0227,spiking,ASSUMPTION,2,spiking,0,BUILD_BRIEF.md 3.2 refined visual-family rule
CB0228,spiking,ASSUMPTION,2,spiking,0,BUILD_BRIEF.md 3.2 refined visual-family rule
CB0229,spiking,ASSUMPTION,2,spiking,0,BUILD_BRIEF.md 3.2 refined visual-family rule
CB0230,spiking,ASSUMPTION,2,spiking,0,BUILD_BRIEF.md 3.2 refined visual-family rule
CB0231,spiking,ASSUMPTION,2,spiking,0,BUILD_BRIEF.md 3.2 refined visual-family rule
CB0232,spiking,ASSUMPTION,2,spiking,0,BUILD_BRIEF.md 3.2 refined visual-family rule
CB0233,spiking,ASSUMPTION,2,spiking,0,BUILD_BRIEF.md 3.2 refined visual-family rule
CB0235,spiking,ASSUMPTION,2,spiking,0,BUILD_BRIEF.md 3.2 refined visual-family rule
CB0237,spiking,ASSUMPTION,2,spiking,0,BUILD_BRIEF.md 3.2 refined visual-family rule
CB0238,spiking,ASSUMPTION,2,spiking,0,BUILD_BRIEF.md 3.2 refined visual-family rule
CB0239,spiking,ASSUMPTION,2,spiking,0,BUILD_BRIEF.md 3.2 refined visual-family rule
CB0240,spiking,ASSUMPTION,2,spiking,0,BUILD_BRIEF.md 3.2 refined visual-family rule
CB0241,spiking,ASSUMPTION,2,spiking,0,BUILD_BRIEF.md 3.2 refined visual-family rule
CB0242,spiking,ASSUMPTION,2,spiking,0,BUILD_BRIEF.md 3.2 refined visual-family rule
CB0244,spiking,ASSUMPTION,2,spiking,0,BUILD_BRIEF.md 3.2 refined visual-family rule
CB0245,spiking,ASSUMPTION,2,spiking,0,BUILD_BRIEF.md 3.2 refined visual-family rule
CB0246,spiking,ASSUMPTION,2,spiking,0,BUILD_BRIEF.md 3.2 refined visual-family rule
CB0247,spiking,ASSUMPTION,2,spiking,0,BUILD_BRIEF.md 3.2 refined visual-family rule
CB0248,spiking,ASSUMPTION,2,spiking,0,BUILD_BRIEF.md 3.2 refined visual-family rule
CB0249,spiking,ASSUMPTION,2,spiking,0,BUILD_BRIEF.md 3.2 refined visual-family rule
CB0250,spiking,ASSUMPTION,2,spiking,0,BUILD_BRIEF.md 3.2 refined visual-family rule
CB0251,spiking,ASSUMPTION,2,spiking,0,BUILD_BRIEF.md 3.2 refined visual-family rule
CB0254,spiking,ASSUMPTION,2,spiking,0,BUILD_BRIEF.md 3.2 refined visual-family rule
CB0255,spiking,ASSUMPTION,2,spiking,0,BUILD_BRIEF.md 3.2 refined visual-family rule
CB0256,spiking,ASSUMPTION,2,spiking,0,BUILD_BRIEF.md 3.2 refined visual-family rule
CB0257,spiking,ASSUMPTION,2,spiking,0,BUILD_BRIEF.md 3.2 refined visual-family rule
CB0258,spiking,ASSUMPTION,2,spiking,0,BUILD_BRIEF.md 3.2 refined visual-family rule
CB0259,spiking,ASSUMPTION,2,spiking,0,BUILD_BRIEF.md 3.2 refined visual-family rule
CB0261,spiking,ASSUMPTION,2,spiking,0,BUILD_BRIEF.md 3.2 refined visual-family rule
CB0262,spiking,ASSUMPTION,2,spiking,0,BUILD_BRIEF.md 3.2 refined visual-family rule
CB0264,spiking,ASSUMPTION,2,spiking,0,BUILD_BRIEF.md 3.2 refined visual-family rule
CB0265,spiking,ASSUMPTION,2,spiking,0,BUILD_BRIEF.md 3.2 refined visual-family rule
CB0266,spiking,ASSUMPTION,2,spiking,0,BUILD_BRIEF.md 3.2 refined visual-family rule
CB0267,spiking,ASSUMPTION,2,spiking,0,BUILD_BRIEF.md 3.2 refined visual-family rule
CB0268,spiking,ASSUMPTION,2,spiking,0,BUILD_BRIEF.md 3.2 refined visual-family rule
CB0269,spiking,ASSUMPTION,2,spiking,0,BUILD_BRIEF.md 3.2 refined visual-family rule
CB0270,spiking,ASSUMPTION,2,spiking,0,BUILD_BRIEF.md 3.2 refined visual-family rule
CB0272,spiking,ASSUMPTION,2,spiking,0,BUILD_BRIEF.md 3.2 refined visual-family rule
CB0276,spiking,ASSUMPTION,2,spiking,0,BUILD_BRIEF.md 3.2 refined visual-family rule
CB0277,spiking,ASSUMPTION,2,spiking,0,BUILD_BRIEF.md 3.2 refined visual-family rule
CB0278,spiking,ASSUMPTION,2,spiking,0,BUILD_BRIEF.md 3.2 refined visual-family rule
CB0279,spiking,ASSUMPTION,2,spiking,0,BUILD_BRIEF.md 3.2 refined visual-family rule
CB0280,spiking,ASSUMPTION,2,spiking,0,BUILD_BRIEF.md 3.2 refined visual-family rule
CB0282,spiking,ASSUMPTION,2,spiking,0,BUILD_BRIEF.md 3.2 refined visual-family rule
CB0283,spiking,ASSUMPTION,2,spiking,0,BUILD_BRIEF.md 3.2 refined visual-family rule
CB0284,spiking,ASSUMPTION,2,spiking,0,BUILD_BRIEF.md 3.2 refined visual-family rule
CB0285,spiking,ASSUMPTION,2,spiking,0,BUILD_BRIEF.md 3.2 refined visual-family rule
CB0286,spiking,ASSUMPTION,2,spiking,0,BUILD_BRIEF.md 3.2 refined visual-family rule
CB0287,spiking,ASSUMPTION,2,spiking,0,BUILD_BRIEF.md 3.2 refined visual-family rule
CB0288,spiking,ASSUMPTION,2,spiking,0,BUILD_BRIEF.md 3.2 refined visual-family rule
CB0289,spiking,ASSUMPTION,2,spiking,0,BUILD_BRIEF.md 3.2 refined visual-family rule
CB0292,spiking,ASSUMPTION,2,spiking,0,BUILD_BRIEF.md 3.2 refined visual-family rule
CB0294,spiking,ASSUMPTION,2,spiking,0,BUILD_BRIEF.md 3.2 refined visual-family rule
CB0295,spiking,ASSUMPTION,2,spiking,0,BUILD_BRIEF.md 3.2 refined visual-family rule
CB0296,spiking,ASSUMPTION,2,spiking,0,BUILD_BRIEF.md 3.2 refined visual-family rule
CB0297,spiking,ASSUMPTION,2,spiking,0,BUILD_BRIEF.md 3.2 refined visual-family rule
CB0298,spiking,ASSUMPTION,2,spiking,0,BUILD_BRIEF.md 3.2 refined visual-family rule
CB0299,spiking,ASSUMPTION,2,spiking,0,BUILD_BRIEF.md 3.2 refined visual-family rule
CB0300,spiking,ASSUMPTION,2,spiking,0,BUILD_BRIEF.md 3.2 refined visual-family rule
CB0302,spiking,ASSUMPTION,2,spiking,0,BUILD_BRIEF.md 3.2 refined visual-family rule
CB0303,spiking,ASSUMPTION,2,spiking,0,BUILD_BRIEF.md 3.2 refined visual-family rule
CB0305,spiking,ASSUMPTION,2,spiking,0,BUILD_BRIEF.md 3.2 refined visual-family rule
CB0306,spiking,ASSUMPTION,2,spiking,0,BUILD_BRIEF.md 3.2 refined visual-family rule
CB0307,spiking,ASSUMPTION,2,spiking,0,BUILD_BRIEF.md 3.2 refined visual-family rule
CB0309,spiking,ASSUMPTION,2,spiking,0,BUILD_BRIEF.md 3.2 refined visual-family rule
CB0310,spiking,ASSUMPTION,2,spiking,0,BUILD_BRIEF.md 3.2 refined visual-family rule
CB0311,spiking,ASSUMPTION,2,spiking,0,BUILD_BRIEF.md 3.2 refined visual-family rule
CB0312,spiking,ASSUMPTION,2,spiking,0,BUILD_BRIEF.md 3.2 refined visual-family rule
CB0313,spiking,ASSUMPTION,2,spiking,0,BUILD_BRIEF.md 3.2 refined visual-family rule
CB0314,spiking,ASSUMPTION,2,spiking,0,BUILD_BRIEF.md 3.2 refined visual-family rule
CB0316,spiking,ASSUMPTION,2,spiking,0,BUILD_BRIEF.md 3.2 refined visual-family rule
CB0317,spiking,ASSUMPTION,2,spiking,0,BUILD_BRIEF.md 3.2 refined visual-family rule
CB0318,spiking,ASSUMPTION,2,spiking,0,BUILD_BRIEF.md 3.2 refined visual-family rule
CB0319,spiking,ASSUMPTION,2,spiking,0,BUILD_BRIEF.md 3.2 refined visual-family rule
CB0320,spiking,ASSUMPTION,2,spiking,0,BUILD_BRIEF.md 3.2 refined visual-family rule
CB0323,spiking,ASSUMPTION,2,spiking,0,BUILD_BRIEF.md 3.2 refined visual-family rule
CB0324,spiking,ASSUMPTION,2,spiking,0,BUILD_BRIEF.md 3.2 refined visual-family rule
CB0325,spiking,ASSUMPTION,2,spiking,0,BUILD_BRIEF.md 3.2 refined visual-family rule
CB0327,spiking,ASSUMPTION,2,spiking,0,BUILD_BRIEF.md 3.2 refined visual-family rule
CB0328,spiking,ASSUMPTION,2,spiking,0,BUILD_BRIEF.md 3.2 refined visual-family rule
CB0331,spiking,ASSUMPTION,2,spiking,0,BUILD_BRIEF.md 3.2 refined visual-family rule
CB0333,spiking,ASSUMPTION,2,spiking,0,BUILD_BRIEF.md 3.2 refined visual-family rule
CB0335,spiking,ASSUMPTION,2,spiking,0,BUILD_BRIEF.md 3.2 refined visual-family rule
CB0336,spiking,ASSUMPTION,2,spiking,0,BUILD_BRIEF.md 3.2 refined visual-family rule
CB0337,spiking,ASSUMPTION,2,spiking,0,BUILD_BRIEF.md 3.2 refined visual-family rule
CB0339,spiking,ASSUMPTION,2,spiking,0,BUILD_BRIEF.md 3.2 refined visual-family rule
CB0340,spiking,ASSUMPTION,2,spiking,0,BUILD_BRIEF.md 3.2 refined visual-family rule
CB0341,spiking,ASSUMPTION,2,spiking,0,BUILD_BRIEF.md 3.2 refined visual-family rule
CB0342,spiking,ASSUMPTION,2,spiking,0,BUILD_BRIEF.md 3.2 refined visual-family rule
CB0343,spiking,ASSUMPTION,2,spiking,0,BUILD_BRIEF.md 3.2 refined visual-family rule
CB0344,spiking,ASSUMPTION,2,spiking,0,BUILD_BRIEF.md 3.2 refined visual-family rule
CB0345,spiking,ASSUMPTION,3,spiking,0,BUILD_BRIEF.md 3.2 refined visual-family rule
CB0346,spiking,ASSUMPTION,2,spiking,0,BUILD_BRIEF.md 3.2 refined visual-family rule
CB0349,spiking,ASSUMPTION,2,spiking,0,BUILD_BRIEF.md 3.2 refined visual-family rule
CB0350,spiking,ASSUMPTION,2,spiking,0,BUILD_BRIEF.md 3.2 refined visual-family rule
CB0351,spiking,ASSUMPTION,2,spiking,0,BUILD_BRIEF.md 3.2 refined visual-family rule
CB0352,spiking,ASSUMPTION,2,spiking,0,BUILD_BRIEF.md 3.2 refined visual-family rule
CB0354,spiking,ASSUMPTION,2,spiking,0,BUILD_BRIEF.md 3.2 refined visual-family rule
CB0356,spiking,ASSUMPTION,2,spiking,0,BUILD_BRIEF.md 3.2 refined visual-family rule
CB0357,spiking,ASSUMPTION,2,spiking,0,BUILD_BRIEF.md 3.2 refined visual-family rule
CB0358,spiking,ASSUMPTION,2,spiking,0,BUILD_BRIEF.md 3.2 refined visual-family rule
CB0359,spiking,ASSUMPTION,2,spiking,0,BUILD_BRIEF.md 3.2 refined visual-family rule
CB0360,spiking,ASSUMPTION,2,spiking,0,BUILD_BRIEF.md 3.2 refined visual-family rule
CB0361,spiking,ASSUMPTION,6,spiking,0,BUILD_BRIEF.md 3.2 refined visual-family rule
CB0362,spiking,ASSUMPTION,2,spiking,0,BUILD_BRIEF.md 3.2 refined visual-family rule
CB0363,spiking,ASSUMPTION,2,spiking,0,BUILD_BRIEF.md 3.2 refined visual-family rule
CB0364,spiking,ASSUMPTION,2,spiking,0,BUILD_BRIEF.md 3.2 refined visual-family rule
CB0366,spiking,ASSUMPTION,2,spiking,0,BUILD_BRIEF.md 3.2 refined visual-family rule
CB0367,spiking,ASSUMPTION,2,spiking,0,BUILD_BRIEF.md 3.2 refined visual-family rule
CB0368,spiking,ASSUMPTION,2,spiking,0,BUILD_BRIEF.md 3.2 refined visual-family rule
CB0369,spiking,ASSUMPTION,2,spiking,0,BUILD_BRIEF.md 3.2 refined visual-family rule
CB0370,spiking,ASSUMPTION,2,spiking,0,BUILD_BRIEF.md 3.2 refined visual-family rule
CB0373,spiking,ASSUMPTION,2,spiking,0,BUILD_BRIEF.md 3.2 refined visual-family rule
CB0374,spiking,ASSUMPTION,2,spiking,0,BUILD_BRIEF.md 3.2 refined visual-family rule
CB0376,spiking,ASSUMPTION,2,spiking,0,BUILD_BRIEF.md 3.2 refined visual-family rule
CB0377,spiking,ASSUMPTION,2,spiking,0,BUILD_BRIEF.md 3.2 refined visual-family rule
CB0378,spiking,ASSUMPTION,2,spiking,0,BUILD_BRIEF.md 3.2 refined visual-family rule
CB0379,spiking,ASSUMPTION,2,spiking,0,BUILD_BRIEF.md 3.2 refined visual-family rule
CB0380,spiking,ASSUMPTION,2,spiking,0,BUILD_BRIEF.md 3.2 refined visual-family rule
CB0381,spiking,ASSUMPTION,4,spiking,0,BUILD_BRIEF.md 3.2 refined visual-family rule
CB0382,spiking,ASSUMPTION,2,spiking,0,BUILD_BRIEF.md 3.2 refined visual-family rule
CB0385,spiking,ASSUMPTION,4,spiking,0,BUILD_BRIEF.md 3.2 refined visual-family rule
CB0386,spiking,ASSUMPTION,2,spiking,0,BUILD_BRIEF.md 3.2 refined visual-family rule
CB0387,spiking,ASSUMPTION,2,spiking,0,BUILD_BRIEF.md 3.2 refined visual-family rule
CB0390,spiking,ASSUMPTION,2,spiking,0,BUILD_BRIEF.md 3.2 refined visual-family rule
CB0391,spiking,ASSUMPTION,2,spiking,0,BUILD_BRIEF.md 3.2 refined visual-family rule
CB0392,spiking,ASSUMPTION,2,spiking,0,BUILD_BRIEF.md 3.2 refined visual-family rule
CB0393,spiking,ASSUMPTION,2,spiking,0,BUILD_BRIEF.md 3.2 refined visual-family rule
CB0394,spiking,ASSUMPTION,2,spiking,0,BUILD_BRIEF.md 3.2 refined visual-family rule
CB0396,spiking,ASSUMPTION,2,spiking,0,BUILD_BRIEF.md 3.2 refined visual-family rule
CB0397,spiking,ASSUMPTION,2,spiking,0,BUILD_BRIEF.md 3.2 refined visual-family rule
CB0398,spiking,ASSUMPTION,2,spiking,0,BUILD_BRIEF.md 3.2 refined visual-family rule
CB0399,spiking,ASSUMPTION,2,spiking,0,BUILD_BRIEF.md 3.2 refined visual-family rule
CB0400,spiking,ASSUMPTION,2,spiking,0,BUILD_BRIEF.md 3.2 refined visual-family rule
CB0402,spiking,ASSUMPTION,2,spiking,0,BUILD_BRIEF.md 3.2 refined visual-family rule
CB0404,spiking,ASSUMPTION,2,spiking,0,BUILD_BRIEF.md 3.2 refined visual-family rule
CB0405,spiking,ASSUMPTION,2,spiking,0,BUILD_BRIEF.md 3.2 refined visual-family rule
CB0407,spiking,ASSUMPTION,2,spiking,0,BUILD_BRIEF.md 3.2 refined visual-family rule
CB0408,spiking,ASSUMPTION,2,spiking,0,BUILD_BRIEF.md 3.2 refined visual-family rule
CB0409,spiking,ASSUMPTION,2,spiking,0,BUILD_BRIEF.md 3.2 refined visual-family rule
CB0410,spiking,ASSUMPTION,2,spiking,0,BUILD_BRIEF.md 3.2 refined visual-family rule
CB0413,spiking,ASSUMPTION,2,spiking,0,BUILD_BRIEF.md 3.2 refined visual-family rule
CB0414,spiking,ASSUMPTION,2,spiking,0,BUILD_BRIEF.md 3.2 refined visual-family rule
CB0415,spiking,ASSUMPTION,2,spiking,0,BUILD_BRIEF.md 3.2 refined visual-family rule
CB0416,spiking,ASSUMPTION,2,spiking,0,BUILD_BRIEF.md 3.2 refined visual-family rule
CB0417,spiking,ASSUMPTION,2,spiking,0,BUILD_BRIEF.md 3.2 refined visual-family rule
CB0418,spiking,ASSUMPTION,2,spiking,0,BUILD_BRIEF.md 3.2 refined visual-family rule
CB0419,spiking,ASSUMPTION,2,spiking,0,BUILD_BRIEF.md 3.2 refined visual-family rule
CB0420,spiking,ASSUMPTION,2,spiking,0,BUILD_BRIEF.md 3.2 refined visual-family rule
CB0421,spiking,ASSUMPTION,2,spiking,0,BUILD_BRIEF.md 3.2 refined visual-family rule
CB0422,spiking,ASSUMPTION,2,spiking,0,BUILD_BRIEF.md 3.2 refined visual-family rule
CB0423,spiking,ASSUMPTION,2,spiking,0,BUILD_BRIEF.md 3.2 refined visual-family rule
CB0424,spiking,ASSUMPTION,2,spiking,0,BUILD_BRIEF.md 3.2 refined visual-family rule
CB0426,spiking,ASSUMPTION,2,spiking,0,BUILD_BRIEF.md 3.2 refined visual-family rule
CB0429,spiking,ASSUMPTION,2,spiking,0,BUILD_BRIEF.md 3.2 refined visual-family rule
CB0430,spiking,ASSUMPTION,2,spiking,0,BUILD_BRIEF.md 3.2 refined visual-family rule
CB0431,spiking,ASSUMPTION,2,spiking,0,BUILD_BRIEF.md 3.2 refined visual-family rule
CB0432,spiking,ASSUMPTION,2,spiking,0,BUILD_BRIEF.md 3.2 refined visual-family rule
CB0433,spiking,ASSUMPTION,2,spiking,0,BUILD_BRIEF.md 3.2 refined visual-family rule
CB0434,spiking,ASSUMPTION,2,spiking,0,BUILD_BRIEF.md 3.2 refined visual-family rule
CB0435,spiking,ASSUMPTION,2,spiking,0,BUILD_BRIEF.md 3.2 refined visual-family rule
CB0436,spiking,ASSUMPTION,2,spiking,0,BUILD_BRIEF.md 3.2 refined visual-family rule
CB0437,spiking,ASSUMPTION,2,spiking,0,BUILD_BRIEF.md 3.2 refined visual-family rule
CB0438,spiking,ASSUMPTION,2,spiking,0,BUILD_BRIEF.md 3.2 refined visual-family rule
CB0440,spiking,ASSUMPTION,2,spiking,0,BUILD_BRIEF.md 3.2 refined visual-family rule
CB0441,spiking,ASSUMPTION,2,spiking,0,BUILD_BRIEF.md 3.2 refined visual-family rule
CB0442,spiking,ASSUMPTION,2,spiking,0,BUILD_BRIEF.md 3.2 refined visual-family rule
CB0443,spiking,ASSUMPTION,2,spiking,0,BUILD_BRIEF.md 3.2 refined visual-family rule
CB0444,spiking,ASSUMPTION,2,spiking,0,BUILD_BRIEF.md 3.2 refined visual-family rule
CB0445,spiking,ASSUMPTION,2,spiking,0,BUILD_BRIEF.md 3.2 refined visual-family rule
CB0446,spiking,ASSUMPTION,2,spiking,0,BUILD_BRIEF.md 3.2 refined visual-family rule
CB0448,spiking,ASSUMPTION,2,spiking,0,BUILD_BRIEF.md 3.2 refined visual-family rule
CB0449,spiking,ASSUMPTION,2,spiking,0,BUILD_BRIEF.md 3.2 refined visual-family rule
CB0450,spiking,ASSUMPTION,2,spiking,0,BUILD_BRIEF.md 3.2 refined visual-family rule
CB0451,spiking,ASSUMPTION,2,spiking,0,BUILD_BRIEF.md 3.2 refined visual-family rule
CB0452,spiking,ASSUMPTION,2,spiking,0,BUILD_BRIEF.md 3.2 refined visual-family rule
CB0453,spiking,ASSUMPTION,2,spiking,0,BUILD_BRIEF.md 3.2 refined visual-family rule
CB0454,spiking,ASSUMPTION,2,spiking,0,BUILD_BRIEF.md 3.2 refined visual-family rule
CB0455,spiking,ASSUMPTION,2,spiking,0,BUILD_BRIEF.md 3.2 refined visual-family rule
CB0456,spiking,ASSUMPTION,2,spiking,0,BUILD_BRIEF.md 3.2 refined visual-family rule
CB0457,spiking,ASSUMPTION,2,spiking,0,BUILD_BRIEF.md 3.2 refined visual-family rule
CB0458,spiking,ASSUMPTION,2,spiking,0,BUILD_BRIEF.md 3.2 refined visual-family rule
CB0459,spiking,ASSUMPTION,2,spiking,0,BUILD_BRIEF.md 3.2 refined visual-family rule
CB0460,spiking,ASSUMPTION,2,spiking,0,BUILD_BRIEF.md 3.2 refined visual-family rule
CB0461,spiking,ASSUMPTION,2,spiking,0,BUILD_BRIEF.md 3.2 refined visual-family rule
CB0462,spiking,ASSUMPTION,2,spiking,0,BUILD_BRIEF.md 3.2 refined visual-family rule
CB0463,spiking,ASSUMPTION,2,spiking,0,BUILD_BRIEF.md 3.2 refined visual-family rule
CB0465,spiking,ASSUMPTION,2,spiking,0,BUILD_BRIEF.md 3.2 refined visual-family rule
CB0466,spiking,ASSUMPTION,2,spiking,0,BUILD_BRIEF.md 3.2 refined visual-family rule
CB0467,spiking,ASSUMPTION,2,spiking,0,BUILD_BRIEF.md 3.2 refined visual-family rule
CB0468,spiking,ASSUMPTION,2,spiking,0,BUILD_BRIEF.md 3.2 refined visual-family rule
CB0469,spiking,ASSUMPTION,2,spiking,0,BUILD_BRIEF.md 3.2 refined visual-family rule
CB0473,spiking,ASSUMPTION,2,spiking,0,BUILD_BRIEF.md 3.2 refined visual-family rule
CB0475,spiking,ASSUMPTION,2,spiking,0,BUILD_BRIEF.md 3.2 refined visual-family rule
CB0477,spiking,ASSUMPTION,2,spiking,0,BUILD_BRIEF.md 3.2 refined visual-family rule
CB0478,spiking,ASSUMPTION,2,spiking,0,BUILD_BRIEF.md 3.2 refined visual-family rule
CB0479,spiking,ASSUMPTION,2,spiking,0,BUILD_BRIEF.md 3.2 refined visual-family rule
CB0480,spiking,ASSUMPTION,2,spiking,0,BUILD_BRIEF.md 3.2 refined visual-family rule
CB0481,spiking,ASSUMPTION,2,spiking,0,BUILD_BRIEF.md 3.2 refined visual-family rule
CB0483,spiking,ASSUMPTION,2,spiking,0,BUILD_BRIEF.md 3.2 refined visual-family rule
CB0484,spiking,ASSUMPTION,2,spiking,0,BUILD_BRIEF.md 3.2 refined visual-family rule
CB0485,spiking,ASSUMPTION,2,spiking,0,BUILD_BRIEF.md 3.2 refined visual-family rule
CB0486,spiking,ASSUMPTION,2,spiking,0,BUILD_BRIEF.md 3.2 refined visual-family rule
CB0487,spiking,ASSUMPTION,2,spiking,0,BUILD_BRIEF.md 3.2 refined visual-family rule
CB0488,spiking,ASSUMPTION,2,spiking,0,BUILD_BRIEF.md 3.2 refined visual-family rule
CB0489,spiking,ASSUMPTION,2,spiking,0,BUILD_BRIEF.md 3.2 refined visual-family rule
CB0491,spiking,ASSUMPTION,2,spiking,0,BUILD_BRIEF.md 3.2 refined visual-family rule
CB0492,spiking,ASSUMPTION,2,spiking,0,BUILD_BRIEF.md 3.2 refined visual-family rule
CB0493,spiking,ASSUMPTION,2,spiking,0,BUILD_BRIEF.md 3.2 refined visual-family rule
CB0494,spiking,ASSUMPTION,2,spiking,0,BUILD_BRIEF.md 3.2 refined visual-family rule
CB0495,spiking,ASSUMPTION,2,spiking,0,BUILD_BRIEF.md 3.2 refined visual-family rule
CB0496,spiking,ASSUMPTION,2,spiking,0,BUILD_BRIEF.md 3.2 refined visual-family rule
CB0497,spiking,ASSUMPTION,2,spiking,0,BUILD_BRIEF.md 3.2 refined visual-family rule
CB0498,spiking,ASSUMPTION,2,spiking,0,BUILD_BRIEF.md 3.2 refined visual-family rule
CB0499,spiking,ASSUMPTION,2,spiking,0,BUILD_BRIEF.md 3.2 refined visual-family rule
CB0500,spiking,ASSUMPTION,2,spiking,0,BUILD_BRIEF.md 3.2 refined visual-family rule
CB0501,spiking,ASSUMPTION,2,spiking,0,BUILD_BRIEF.md 3.2 refined visual-family rule
CB0502,spiking,ASSUMPTION,2,spiking,0,BUILD_BRIEF.md 3.2 refined visual-family rule
CB0503,spiking,ASSUMPTION,2,spiking,0,BUILD_BRIEF.md 3.2 refined visual-family rule
CB0504,spiking,ASSUMPTION,2,spiking,0,BUILD_BRIEF.md 3.2 refined visual-family rule
CB0507,spiking,ASSUMPTION,2,spiking,0,BUILD_BRIEF.md 3.2 refined visual-family rule
CB0508,spiking,ASSUMPTION,2,spiking,0,BUILD_BRIEF.md 3.2 refined visual-family rule
CB0509,spiking,ASSUMPTION,2,spiking,0,BUILD_BRIEF.md 3.2 refined visual-family rule
CB0510,spiking,ASSUMPTION,2,spiking,0,BUILD_BRIEF.md 3.2 refined visual-family rule
CB0512,spiking,ASSUMPTION,2,spiking,0,BUILD_BRIEF.md 3.2 refined visual-family rule
CB0514,spiking,ASSUMPTION,2,spiking,0,BUILD_BRIEF.md 3.2 refined visual-family rule
CB0515,spiking,ASSUMPTION,2,spiking,0,BUILD_BRIEF.md 3.2 refined visual-family rule
CB0516,spiking,ASSUMPTION,2,spiking,0,BUILD_BRIEF.md 3.2 refined visual-family rule
CB0517,spiking,ASSUMPTION,2,spiking,0,BUILD_BRIEF.md 3.2 refined visual-family rule
CB0518,spiking,ASSUMPTION,2,spiking,0,BUILD_BRIEF.md 3.2 refined visual-family rule
CB0519,spiking,ASSUMPTION,2,spiking,0,BUILD_BRIEF.md 3.2 refined visual-family rule
CB0521,spiking,ASSUMPTION,2,spiking,0,BUILD_BRIEF.md 3.2 refined visual-family rule
CB0522,spiking,ASSUMPTION,2,spiking,0,BUILD_BRIEF.md 3.2 refined visual-family rule
CB0523,spiking,ASSUMPTION,2,spiking,0,BUILD_BRIEF.md 3.2 refined visual-family rule
CB0524,spiking,ASSUMPTION,2,spiking,0,BUILD_BRIEF.md 3.2 refined visual-family rule
CB0525,spiking,ASSUMPTION,2,spiking,0,BUILD_BRIEF.md 3.2 refined visual-family rule
CB0526,spiking,ASSUMPTION,2,spiking,0,BUILD_BRIEF.md 3.2 refined visual-family rule
CB0527,spiking,ASSUMPTION,2,spiking,0,BUILD_BRIEF.md 3.2 refined visual-family rule
CB0528,spiking,ASSUMPTION,2,spiking,0,BUILD_BRIEF.md 3.2 refined visual-family rule
CB0529,spiking,ASSUMPTION,2,spiking,0,BUILD_BRIEF.md 3.2 refined visual-family rule
CB0530,spiking,ASSUMPTION,2,spiking,0,BUILD_BRIEF.md 3.2 refined visual-family rule
CB0531,spiking,ASSUMPTION,2,spiking,0,BUILD_BRIEF.md 3.2 refined visual-family rule
CB0532,spiking,ASSUMPTION,2,spiking,0,BUILD_BRIEF.md 3.2 refined visual-family rule
CB0533,spiking,ASSUMPTION,2,spiking,0,BUILD_BRIEF.md 3.2 refined visual-family rule
CB0534,spiking,ASSUMPTION,2,spiking,0,BUILD_BRIEF.md 3.2 refined visual-family rule
CB0538,spiking,ASSUMPTION,2,spiking,0,BUILD_BRIEF.md 3.2 refined visual-family rule
CB0539,spiking,ASSUMPTION,2,spiking,0,BUILD_BRIEF.md 3.2 refined visual-family rule
CB0540,spiking,ASSUMPTION,2,spiking,0,BUILD_BRIEF.md 3.2 refined visual-family rule
CB0541,spiking,ASSUMPTION,2,spiking,0,BUILD_BRIEF.md 3.2 refined visual-family rule
CB0542,spiking,ASSUMPTION,2,spiking,0,BUILD_BRIEF.md 3.2 refined visual-family rule
CB0543,spiking,ASSUMPTION,2,spiking,0,BUILD_BRIEF.md 3.2 refined visual-family rule
CB0544,spiking,ASSUMPTION,2,spiking,0,BUILD_BRIEF.md 3.2 refined visual-family rule
CB0545,spiking,ASSUMPTION,2,spiking,0,BUILD_BRIEF.md 3.2 refined visual-family rule
CB0546,spiking,ASSUMPTION,2,spiking,0,BUILD_BRIEF.md 3.2 refined visual-family rule
CB0547,spiking,ASSUMPTION,2,spiking,0,BUILD_BRIEF.md 3.2 refined visual-family rule
CB0548,spiking,ASSUMPTION,2,spiking,0,BUILD_BRIEF.md 3.2 refined visual-family rule
CB0549,spiking,ASSUMPTION,2,spiking,0,BUILD_BRIEF.md 3.2 refined visual-family rule
CB0550,spiking,ASSUMPTION,2,spiking,0,BUILD_BRIEF.md 3.2 refined visual-family rule
CB0552,spiking,ASSUMPTION,2,spiking,0,BUILD_BRIEF.md 3.2 refined visual-family rule
CB0553,spiking,ASSUMPTION,2,spiking,0,BUILD_BRIEF.md 3.2 refined visual-family rule
CB0555,spiking,ASSUMPTION,2,spiking,0,BUILD_BRIEF.md 3.2 refined visual-family rule
CB0556,spiking,ASSUMPTION,2,spiking,0,BUILD_BRIEF.md 3.2 refined visual-family rule
CB0557,spiking,ASSUMPTION,2,spiking,0,BUILD_BRIEF.md 3.2 refined visual-family rule
CB0558,spiking,ASSUMPTION,2,spiking,0,BUILD_BRIEF.md 3.2 refined visual-family rule
CB0559,spiking,ASSUMPTION,2,spiking,0,BUILD_BRIEF.md 3.2 refined visual-family rule
CB0560,spiking,ASSUMPTION,2,spiking,0,BUILD_BRIEF.md 3.2 refined visual-family rule
CB0561,spiking,ASSUMPTION,2,spiking,0,BUILD_BRIEF.md 3.2 refined visual-family rule
CB0563,spiking,ASSUMPTION,2,spiking,0,BUILD_BRIEF.md 3.2 refined visual-family rule
CB0564,spiking,ASSUMPTION,2,spiking,0,BUILD_BRIEF.md 3.2 refined visual-family rule
CB0565,spiking,ASSUMPTION,2,spiking,0,BUILD_BRIEF.md 3.2 refined visual-family rule
CB0567,spiking,ASSUMPTION,2,spiking,0,BUILD_BRIEF.md 3.2 refined visual-family rule
CB0568,spiking,ASSUMPTION,2,spiking,0,BUILD_BRIEF.md 3.2 refined visual-family rule
CB0571,spiking,ASSUMPTION,2,spiking,0,BUILD_BRIEF.md 3.2 refined visual-family rule
CB0572,spiking,ASSUMPTION,2,spiking,0,BUILD_BRIEF.md 3.2 refined visual-family rule
CB0573,spiking,ASSUMPTION,2,spiking,0,BUILD_BRIEF.md 3.2 refined visual-family rule
CB0574,spiking,ASSUMPTION,2,spiking,0,BUILD_BRIEF.md 3.2 refined visual-family rule
CB0575,spiking,ASSUMPTION,4,spiking,0,BUILD_BRIEF.md 3.2 refined visual-family rule
CB0576,spiking,ASSUMPTION,2,spiking,0,BUILD_BRIEF.md 3.2 refined visual-family rule
CB0579,spiking,ASSUMPTION,2,spiking,0,BUILD_BRIEF.md 3.2 refined visual-family rule
CB0580,spiking,ASSUMPTION,2,spiking,0,BUILD_BRIEF.md 3.2 refined visual-family rule
CB0581,spiking,ASSUMPTION,2,spiking,0,BUILD_BRIEF.md 3.2 refined visual-family rule
CB0582,spiking,ASSUMPTION,2,spiking,0,BUILD_BRIEF.md 3.2 refined visual-family rule
CB0583,spiking,ASSUMPTION,2,spiking,0,BUILD_BRIEF.md 3.2 refined visual-family rule
CB0584,spiking,ASSUMPTION,2,spiking,0,BUILD_BRIEF.md 3.2 refined visual-family rule
CB0585,spiking,ASSUMPTION,2,spiking,0,BUILD_BRIEF.md 3.2 refined visual-family rule
CB0586,spiking,ASSUMPTION,2,spiking,0,BUILD_BRIEF.md 3.2 refined visual-family rule
CB0587,spiking,ASSUMPTION,2,spiking,0,BUILD_BRIEF.md 3.2 refined visual-family rule
CB0588,spiking,ASSUMPTION,2,spiking,0,BUILD_BRIEF.md 3.2 refined visual-family rule
CB0591,spiking,ASSUMPTION,3,spiking,0,BUILD_BRIEF.md 3.2 refined visual-family rule
CB0593,spiking,ASSUMPTION,2,spiking,0,BUILD_BRIEF.md 3.2 refined visual-family rule
CB0595,spiking,ASSUMPTION,2,spiking,0,BUILD_BRIEF.md 3.2 refined visual-family rule
CB0596,spiking,ASSUMPTION,2,spiking,0,BUILD_BRIEF.md 3.2 refined visual-family rule
CB0597,spiking,ASSUMPTION,2,spiking,0,BUILD_BRIEF.md 3.2 refined visual-family rule
CB0598,spiking,ASSUMPTION,2,spiking,0,BUILD_BRIEF.md 3.2 refined visual-family rule
CB0599,spiking,ASSUMPTION,2,spiking,0,BUILD_BRIEF.md 3.2 refined visual-family rule
CB0600,spiking,ASSUMPTION,2,spiking,0,BUILD_BRIEF.md 3.2 refined visual-family rule
CB0601,spiking,ASSUMPTION,2,spiking,0,BUILD_BRIEF.md 3.2 refined visual-family rule
CB0602,spiking,ASSUMPTION,2,spiking,0,BUILD_BRIEF.md 3.2 refined visual-family rule
CB0603,spiking,ASSUMPTION,2,spiking,0,BUILD_BRIEF.md 3.2 refined visual-family rule
CB0604,spiking,ASSUMPTION,2,spiking,0,BUILD_BRIEF.md 3.2 refined visual-family rule
CB0605,spiking,ASSUMPTION,2,spiking,0,BUILD_BRIEF.md 3.2 refined visual-family rule
CB0606,spiking,ASSUMPTION,2,spiking,0,BUILD_BRIEF.md 3.2 refined visual-family rule
CB0607,spiking,ASSUMPTION,2,spiking,0,BUILD_BRIEF.md 3.2 refined visual-family rule
CB0608,spiking,ASSUMPTION,2,spiking,0,BUILD_BRIEF.md 3.2 refined visual-family rule
CB0609,spiking,ASSUMPTION,2,spiking,0,BUILD_BRIEF.md 3.2 refined visual-family rule
CB0610,spiking,ASSUMPTION,2,spiking,0,BUILD_BRIEF.md 3.2 refined visual-family rule
CB0611,spiking,ASSUMPTION,2,spiking,0,BUILD_BRIEF.md 3.2 refined visual-family rule
CB0612,spiking,ASSUMPTION,2,spiking,0,BUILD_BRIEF.md 3.2 refined visual-family rule
CB0615,spiking,ASSUMPTION,2,spiking,0,BUILD_BRIEF.md 3.2 refined visual-family rule
CB0616,spiking,ASSUMPTION,2,spiking,0,BUILD_BRIEF.md 3.2 refined visual-family rule
CB0617,spiking,ASSUMPTION,2,spiking,0,BUILD_BRIEF.md 3.2 refined visual-family rule
CB0618,spiking,ASSUMPTION,2,spiking,0,BUILD_BRIEF.md 3.2 refined visual-family rule
CB0619,spiking,ASSUMPTION,2,spiking,0,BUILD_BRIEF.md 3.2 refined visual-family rule
CB0620,spiking,ASSUMPTION,2,spiking,0,BUILD_BRIEF.md 3.2 refined visual-family rule
CB0623,spiking,ASSUMPTION,2,spiking,0,BUILD_BRIEF.md 3.2 refined visual-family rule
CB0624,spiking,ASSUMPTION,4,spiking,0,BUILD_BRIEF.md 3.2 refined visual-family rule
CB0625,spiking,ASSUMPTION,2,spiking,0,BUILD_BRIEF.md 3.2 refined visual-family rule
CB0626,spiking,ASSUMPTION,2,spiking,0,BUILD_BRIEF.md 3.2 refined visual-family rule
CB0627,spiking,ASSUMPTION,2,spiking,0,BUILD_BRIEF.md 3.2 refined visual-family rule
CB0628,spiking,ASSUMPTION,2,spiking,0,BUILD_BRIEF.md 3.2 refined visual-family rule
CB0629,spiking,ASSUMPTION,2,spiking,0,BUILD_BRIEF.md 3.2 refined visual-family rule
CB0630,spiking,ASSUMPTION,2,spiking,0,BUILD_BRIEF.md 3.2 refined visual-family rule
CB0631,spiking,ASSUMPTION,2,spiking,0,BUILD_BRIEF.md 3.2 refined visual-family rule
CB0632,spiking,ASSUMPTION,2,spiking,0,BUILD_BRIEF.md 3.2 refined visual-family rule
CB0633,spiking,ASSUMPTION,2,spiking,0,BUILD_BRIEF.md 3.2 refined visual-family rule
CB0635,spiking,ASSUMPTION,2,spiking,0,BUILD_BRIEF.md 3.2 refined visual-family rule
CB0637,spiking,ASSUMPTION,2,spiking,0,BUILD_BRIEF.md 3.2 refined visual-family rule
CB0638,spiking,ASSUMPTION,2,spiking,0,BUILD_BRIEF.md 3.2 refined visual-family rule
CB0640,spiking,ASSUMPTION,2,spiking,0,BUILD_BRIEF.md 3.2 refined visual-family rule
CB0641,spiking,ASSUMPTION,2,spiking,0,BUILD_BRIEF.md 3.2 refined visual-family rule
CB0642,spiking,ASSUMPTION,2,spiking,0,BUILD_BRIEF.md 3.2 refined visual-family rule
CB0643,spiking,ASSUMPTION,4,spiking,0,BUILD_BRIEF.md 3.2 refined visual-family rule
CB0644,spiking,ASSUMPTION,2,spiking,0,BUILD_BRIEF.md 3.2 refined visual-family rule
CB0645,spiking,ASSUMPTION,2,spiking,0,BUILD_BRIEF.md 3.2 refined visual-family rule
CB0646,spiking,ASSUMPTION,2,spiking,0,BUILD_BRIEF.md 3.2 refined visual-family rule
CB0647,spiking,ASSUMPTION,2,spiking,0,BUILD_BRIEF.md 3.2 refined visual-family rule
CB0648,spiking,ASSUMPTION,2,spiking,0,BUILD_BRIEF.md 3.2 refined visual-family rule
CB0649,spiking,ASSUMPTION,2,spiking,0,BUILD_BRIEF.md 3.2 refined visual-family rule
CB0650,spiking,ASSUMPTION,4,spiking,0,BUILD_BRIEF.md 3.2 refined visual-family rule
CB0651,spiking,ASSUMPTION,2,spiking,0,BUILD_BRIEF.md 3.2 refined visual-family rule
CB0652,spiking,ASSUMPTION,2,spiking,0,BUILD_BRIEF.md 3.2 refined visual-family rule
CB0653,spiking,ASSUMPTION,2,spiking,0,BUILD_BRIEF.md 3.2 refined visual-family rule
CB0654,spiking,ASSUMPTION,2,spiking,0,BUILD_BRIEF.md 3.2 refined visual-family rule
CB0655,spiking,ASSUMPTION,2,spiking,0,BUILD_BRIEF.md 3.2 refined visual-family rule
CB0656,spiking,ASSUMPTION,2,spiking,0,BUILD_BRIEF.md 3.2 refined visual-family rule
CB0657,spiking,ASSUMPTION,2,spiking,0,BUILD_BRIEF.md 3.2 refined visual-family rule
CB0658,spiking,ASSUMPTION,2,spiking,0,BUILD_BRIEF.md 3.2 refined visual-family rule
CB0659,spiking,ASSUMPTION,2,spiking,0,BUILD_BRIEF.md 3.2 refined visual-family rule
CB0660,spiking,ASSUMPTION,2,spiking,0,BUILD_BRIEF.md 3.2 refined visual-family rule
CB0661,spiking,ASSUMPTION,2,spiking,0,BUILD_BRIEF.md 3.2 refined visual-family rule
CB0662,spiking,ASSUMPTION,2,spiking,0,BUILD_BRIEF.md 3.2 refined visual-family rule
CB0663,spiking,ASSUMPTION,2,spiking,0,BUILD_BRIEF.md 3.2 refined visual-family rule
CB0665,spiking,ASSUMPTION,2,spiking,0,BUILD_BRIEF.md 3.2 refined visual-family rule
CB0666,spiking,ASSUMPTION,2,spiking,0,BUILD_BRIEF.md 3.2 refined visual-family rule
CB0667,spiking,ASSUMPTION,2,spiking,0,BUILD_BRIEF.md 3.2 refined visual-family rule
CB0668,spiking,ASSUMPTION,2,spiking,0,BUILD_BRIEF.md 3.2 refined visual-family rule
CB0669,spiking,ASSUMPTION,2,spiking,0,BUILD_BRIEF.md 3.2 refined visual-family rule
CB0670,spiking,ASSUMPTION,2,spiking,0,BUILD_BRIEF.md 3.2 refined visual-family rule
CB0671,spiking,ASSUMPTION,2,spiking,0,BUILD_BRIEF.md 3.2 refined visual-family rule
CB0674,spiking,ASSUMPTION,1,spiking,0,BUILD_BRIEF.md 3.2 refined visual-family rule
CB0675,spiking,ASSUMPTION,2,spiking,0,BUILD_BRIEF.md 3.2 refined visual-family rule
CB0676,spiking,ASSUMPTION,2,spiking,0,BUILD_BRIEF.md 3.2 refined visual-family rule
CB0677,spiking,ASSUMPTION,2,spiking,0,BUILD_BRIEF.md 3.2 refined visual-family rule
CB0678,spiking,ASSUMPTION,2,spiking,0,BUILD_BRIEF.md 3.2 refined visual-family rule
CB0679,spiking,ASSUMPTION,2,spiking,0,BUILD_BRIEF.md 3.2 refined visual-family rule
CB0681,spiking,ASSUMPTION,2,spiking,0,BUILD_BRIEF.md 3.2 refined visual-family rule
CB0682,spiking,ASSUMPTION,2,spiking,0,BUILD_BRIEF.md 3.2 refined visual-family rule
CB0683,spiking,ASSUMPTION,2,spiking,0,BUILD_BRIEF.md 3.2 refined visual-family rule
CB0684,spiking,ASSUMPTION,2,spiking,0,BUILD_BRIEF.md 3.2 refined visual-family rule
CB0685,spiking,ASSUMPTION,2,spiking,0,BUILD_BRIEF.md 3.2 refined visual-family rule
CB0687,spiking,ASSUMPTION,2,spiking,0,BUILD_BRIEF.md 3.2 refined visual-family rule
CB0688,spiking,ASSUMPTION,2,spiking,0,BUILD_BRIEF.md 3.2 refined visual-family rule
CB0689,spiking,ASSUMPTION,2,spiking,0,BUILD_BRIEF.md 3.2 refined visual-family rule
CB0690,spiking,ASSUMPTION,2,spiking,0,BUILD_BRIEF.md 3.2 refined visual-family rule
CB0695,spiking,ASSUMPTION,2,spiking,0,BUILD_BRIEF.md 3.2 refined visual-family rule
CB0696,spiking,ASSUMPTION,2,spiking,0,BUILD_BRIEF.md 3.2 refined visual-family rule
CB0698,spiking,ASSUMPTION,2,spiking,0,BUILD_BRIEF.md 3.2 refined visual-family rule
CB0699,spiking,ASSUMPTION,2,spiking,0,BUILD_BRIEF.md 3.2 refined visual-family rule
CB0700,spiking,ASSUMPTION,2,spiking,0,BUILD_BRIEF.md 3.2 refined visual-family rule
CB0701,spiking,ASSUMPTION,2,spiking,0,BUILD_BRIEF.md 3.2 refined visual-family rule
CB0703,spiking,ASSUMPTION,2,spiking,0,BUILD_BRIEF.md 3.2 refined visual-family rule
CB0704,spiking,ASSUMPTION,4,spiking,0,BUILD_BRIEF.md 3.2 refined visual-family rule
CB0705,spiking,ASSUMPTION,4,spiking,0,BUILD_BRIEF.md 3.2 refined visual-family rule
CB0706,spiking,ASSUMPTION,2,spiking,0,BUILD_BRIEF.md 3.2 refined visual-family rule
CB0707,spiking,ASSUMPTION,2,spiking,0,BUILD_BRIEF.md 3.2 refined visual-family rule
CB0708,spiking,ASSUMPTION,2,spiking,0,BUILD_BRIEF.md 3.2 refined visual-family rule
CB0709,spiking,ASSUMPTION,2,spiking,0,BUILD_BRIEF.md 3.2 refined visual-family rule
CB0710,spiking,ASSUMPTION,4,spiking,0,BUILD_BRIEF.md 3.2 refined visual-family rule
CB0713,spiking,ASSUMPTION,2,spiking,0,BUILD_BRIEF.md 3.2 refined visual-family rule
CB0715,spiking,ASSUMPTION,2,spiking,0,BUILD_BRIEF.md 3.2 refined visual-family rule
CB0716,spiking,ASSUMPTION,2,spiking,0,BUILD_BRIEF.md 3.2 refined visual-family rule
CB0717,spiking,ASSUMPTION,4,spiking,0,BUILD_BRIEF.md 3.2 refined visual-family rule
CB0718,spiking,ASSUMPTION,2,spiking,0,BUILD_BRIEF.md 3.2 refined visual-family rule
CB0719,spiking,ASSUMPTION,2,spiking,0,BUILD_BRIEF.md 3.2 refined visual-family rule
CB0720,spiking,ASSUMPTION,4,spiking,0,BUILD_BRIEF.md 3.2 refined visual-family rule
CB0721,spiking,ASSUMPTION,2,spiking,0,BUILD_BRIEF.md 3.2 refined visual-family rule
CB0722,spiking,ASSUMPTION,4,spiking,0,BUILD_BRIEF.md 3.2 refined visual-family rule
CB0723,spiking,ASSUMPTION,2,spiking,0,BUILD_BRIEF.md 3.2 refined visual-family rule
CB0724,spiking,ASSUMPTION,2,spiking,0,BUILD_BRIEF.md 3.2 refined visual-family rule
CB0727,spiking,ASSUMPTION,8,spiking,0,BUILD_BRIEF.md 3.2 refined visual-family rule
CB0728,spiking,ASSUMPTION,2,spiking,0,BUILD_BRIEF.md 3.2 refined visual-family rule
CB0731,spiking,ASSUMPTION,4,spiking,0,BUILD_BRIEF.md 3.2 refined visual-family rule
CB0732,spiking,ASSUMPTION,8,spiking,0,BUILD_BRIEF.md 3.2 refined visual-family rule
CB0733,spiking,ASSUMPTION,2,spiking,0,BUILD_BRIEF.md 3.2 refined visual-family rule
CB0734,spiking,ASSUMPTION,4,spiking,0,BUILD_BRIEF.md 3.2 refined visual-family rule
CB0736,spiking,ASSUMPTION,2,spiking,0,BUILD_BRIEF.md 3.2 refined visual-family rule
CB0737,spiking,ASSUMPTION,2,spiking,0,BUILD_BRIEF.md 3.2 refined visual-family rule
CB0738,spiking,ASSUMPTION,10,spiking,0,BUILD_BRIEF.md 3.2 refined visual-family rule
CB0739,spiking,ASSUMPTION,6,spiking,0,BUILD_BRIEF.md 3.2 refined visual-family rule
CB0740,spiking,ASSUMPTION,2,spiking,0,BUILD_BRIEF.md 3.2 refined visual-family rule
CB0742,spiking,ASSUMPTION,4,spiking,0,BUILD_BRIEF.md 3.2 refined visual-family rule
CB0743,spiking,ASSUMPTION,9,spiking,0,BUILD_BRIEF.md 3.2 refined visual-family rule
CB0744,spiking,ASSUMPTION,7,spiking,0,BUILD_BRIEF.md 3.2 refined visual-family rule
CB0746,spiking,ASSUMPTION,4,spiking,0,BUILD_BRIEF.md 3.2 refined visual-family rule
CB0747,spiking,ASSUMPTION,4,spiking,0,BUILD_BRIEF.md 3.2 refined visual-family rule
CB0749,spiking,ASSUMPTION,2,spiking,0,BUILD_BRIEF.md 3.2 refined visual-family rule
CB0750,spiking,ASSUMPTION,2,spiking,0,BUILD_BRIEF.md 3.2 refined visual-family rule
CB0751,spiking,ASSUMPTION,4,spiking,0,BUILD_BRIEF.md 3.2 refined visual-family rule
CB0752,spiking,ASSUMPTION,2,spiking,0,BUILD_BRIEF.md 3.2 refined visual-family rule
CB0753,spiking,ASSUMPTION,2,spiking,0,BUILD_BRIEF.md 3.2 refined visual-family rule
CB0754,spiking,ASSUMPTION,2,spiking,0,BUILD_BRIEF.md 3.2 refined visual-family rule
CB0755,spiking,ASSUMPTION,4,spiking,0,BUILD_BRIEF.md 3.2 refined visual-family rule
CB0756,spiking,ASSUMPTION,2,spiking,0,BUILD_BRIEF.md 3.2 refined visual-family rule
CB0757,spiking,ASSUMPTION,4,spiking,0,BUILD_BRIEF.md 3.2 refined visual-family rule
CB0758,spiking,ASSUMPTION,4,spiking,0,BUILD_BRIEF.md 3.2 refined visual-family rule
CB0759,spiking,ASSUMPTION,2,spiking,0,BUILD_BRIEF.md 3.2 refined visual-family rule
CB0761,spiking,ASSUMPTION,2,spiking,0,BUILD_BRIEF.md 3.2 refined visual-family rule
CB0762,spiking,ASSUMPTION,4,spiking,0,BUILD_BRIEF.md 3.2 refined visual-family rule
CB0763,spiking,ASSUMPTION,3,spiking,0,BUILD_BRIEF.md 3.2 refined visual-family rule
CB0764,spiking,ASSUMPTION,2,spiking,0,BUILD_BRIEF.md 3.2 refined visual-family rule
CB0765,spiking,ASSUMPTION,2,spiking,0,BUILD_BRIEF.md 3.2 refined visual-family rule
CB0766,spiking,ASSUMPTION,3,spiking,0,BUILD_BRIEF.md 3.2 refined visual-family rule
CB0768,spiking,ASSUMPTION,2,spiking,0,BUILD_BRIEF.md 3.2 refined visual-family rule
CB0769,spiking,ASSUMPTION,2,spiking,0,BUILD_BRIEF.md 3.2 refined visual-family rule
CB0770,spiking,ASSUMPTION,4,spiking,0,BUILD_BRIEF.md 3.2 refined visual-family rule
CB0771,spiking,ASSUMPTION,2,spiking,0,BUILD_BRIEF.md 3.2 refined visual-family rule
CB0772,spiking,ASSUMPTION,2,spiking,0,BUILD_BRIEF.md 3.2 refined visual-family rule
CB0773,spiking,ASSUMPTION,2,spiking,0,BUILD_BRIEF.md 3.2 refined visual-family rule
CB0774,spiking,ASSUMPTION,2,spiking,0,BUILD_BRIEF.md 3.2 refined visual-family rule
CB0775,spiking,ASSUMPTION,2,spiking,0,BUILD_BRIEF.md 3.2 refined visual-family rule
CB0778,spiking,ASSUMPTION,2,spiking,0,BUILD_BRIEF.md 3.2 refined visual-family rule
CB0779,spiking,ASSUMPTION,2,spiking,0,BUILD_BRIEF.md 3.2 refined visual-family rule
CB0781,spiking,ASSUMPTION,2,spiking,0,BUILD_BRIEF.md 3.2 refined visual-family rule
CB0783,spiking,ASSUMPTION,2,spiking,0,BUILD_BRIEF.md 3.2 refined visual-family rule
CB0784,spiking,ASSUMPTION,4,spiking,0,BUILD_BRIEF.md 3.2 refined visual-family rule
CB0785,spiking,ASSUMPTION,6,spiking,0,BUILD_BRIEF.md 3.2 refined visual-family rule
CB0786,spiking,ASSUMPTION,2,spiking,0,BUILD_BRIEF.md 3.2 refined visual-family rule
CB0787,spiking,ASSUMPTION,2,spiking,0,BUILD_BRIEF.md 3.2 refined visual-family rule
CB0788,spiking,ASSUMPTION,2,spiking,0,BUILD_BRIEF.md 3.2 refined visual-family rule
CB0789,spiking,ASSUMPTION,2,spiking,0,BUILD_BRIEF.md 3.2 refined visual-family rule
CB0791,spiking,ASSUMPTION,2,spiking,0,BUILD_BRIEF.md 3.2 refined visual-family rule
CB0792,spiking,ASSUMPTION,2,spiking,0,BUILD_BRIEF.md 3.2 refined visual-family rule
CB0793,spiking,ASSUMPTION,2,spiking,0,BUILD_BRIEF.md 3.2 refined visual-family rule
CB0795,spiking,ASSUMPTION,2,spiking,0,BUILD_BRIEF.md 3.2 refined visual-family rule
CB0796,spiking,ASSUMPTION,4,spiking,0,BUILD_BRIEF.md 3.2 refined visual-family rule
CB0797,spiking,ASSUMPTION,2,spiking,0,BUILD_BRIEF.md 3.2 refined visual-family rule
CB0798,spiking,ASSUMPTION,2,spiking,0,BUILD_BRIEF.md 3.2 refined visual-family rule
CB0799,spiking,ASSUMPTION,2,spiking,0,BUILD_BRIEF.md 3.2 refined visual-family rule
CB0800,spiking,ASSUMPTION,3,spiking,0,BUILD_BRIEF.md 3.2 refined visual-family rule
CB0801,spiking,ASSUMPTION,2,spiking,0,BUILD_BRIEF.md 3.2 refined visual-family rule
CB0802,spiking,ASSUMPTION,2,spiking,0,BUILD_BRIEF.md 3.2 refined visual-family rule
CB0803,spiking,ASSUMPTION,2,spiking,0,BUILD_BRIEF.md 3.2 refined visual-family rule
CB0804,spiking,ASSUMPTION,2,spiking,0,BUILD_BRIEF.md 3.2 refined visual-family rule
CB0806,spiking,ASSUMPTION,4,spiking,0,BUILD_BRIEF.md 3.2 refined visual-family rule
CB0807,spiking,ASSUMPTION,2,spiking,0,BUILD_BRIEF.md 3.2 refined visual-family rule
CB0809,spiking,ASSUMPTION,2,spiking,0,BUILD_BRIEF.md 3.2 refined visual-family rule
CB0810,spiking,ASSUMPTION,2,spiking,0,BUILD_BRIEF.md 3.2 refined visual-family rule
CB0811,spiking,ASSUMPTION,4,spiking,0,BUILD_BRIEF.md 3.2 refined visual-family rule
CB0812,spiking,ASSUMPTION,2,spiking,0,BUILD_BRIEF.md 3.2 refined visual-family rule
CB0813,spiking,ASSUMPTION,6,spiking,0,BUILD_BRIEF.md 3.2 refined visual-family rule
CB0814,spiking,ASSUMPTION,4,spiking,0,BUILD_BRIEF.md 3.2 refined visual-family rule
CB0815,spiking,ASSUMPTION,2,spiking,0,BUILD_BRIEF.md 3.2 refined visual-family rule
CB0817,spiking,ASSUMPTION,2,spiking,0,BUILD_BRIEF.md 3.2 refined visual-family rule
CB0819,spiking,ASSUMPTION,2,spiking,0,BUILD_BRIEF.md 3.2 refined visual-family rule
CB0821,spiking,ASSUMPTION,2,spiking,0,BUILD_BRIEF.md 3.2 refined visual-family rule
CB0823,spiking,ASSUMPTION,2,spiking,0,BUILD_BRIEF.md 3.2 refined visual-family rule
CB0824,spiking,ASSUMPTION,2,spiking,0,BUILD_BRIEF.md 3.2 refined visual-family rule
CB0825,spiking,ASSUMPTION,5,spiking,0,BUILD_BRIEF.md 3.2 refined visual-family rule
CB0827,spiking,ASSUMPTION,2,spiking,0,BUILD_BRIEF.md 3.2 refined visual-family rule
CB0828,spiking,ASSUMPTION,2,spiking,0,BUILD_BRIEF.md 3.2 refined visual-family rule
CB0829,spiking,ASSUMPTION,3,spiking,0,BUILD_BRIEF.md 3.2 refined visual-family rule
CB0830,spiking,ASSUMPTION,4,spiking,0,BUILD_BRIEF.md 3.2 refined visual-family rule
CB0831,spiking,ASSUMPTION,2,spiking,0,BUILD_BRIEF.md 3.2 refined visual-family rule
CB0832,spiking,ASSUMPTION,2,spiking,0,BUILD_BRIEF.md 3.2 refined visual-family rule
CB0833,spiking,ASSUMPTION,2,spiking,0,BUILD_BRIEF.md 3.2 refined visual-family rule
CB0834,spiking,ASSUMPTION,2,spiking,0,BUILD_BRIEF.md 3.2 refined visual-family rule
CB0835,spiking,ASSUMPTION,2,spiking,0,BUILD_BRIEF.md 3.2 refined visual-family rule
CB0836,spiking,ASSUMPTION,2,spiking,0,BUILD_BRIEF.md 3.2 refined visual-family rule
CB0838,spiking,ASSUMPTION,2,spiking,0,BUILD_BRIEF.md 3.2 refined visual-family rule
CB0839,spiking,ASSUMPTION,2,spiking,0,BUILD_BRIEF.md 3.2 refined visual-family rule
CB0840,spiking,ASSUMPTION,3,spiking,0,BUILD_BRIEF.md 3.2 refined visual-family rule
CB0842,spiking,ASSUMPTION,2,spiking,0,BUILD_BRIEF.md 3.2 refined visual-family rule
CB0844,spiking,ASSUMPTION,2,spiking,0,BUILD_BRIEF.md 3.2 refined visual-family rule
CB0845,spiking,ASSUMPTION,4,spiking,0,BUILD_BRIEF.md 3.2 refined visual-family rule
CB0847,spiking,ASSUMPTION,2,spiking,0,BUILD_BRIEF.md 3.2 refined visual-family rule
CB0848,spiking,ASSUMPTION,2,spiking,0,BUILD_BRIEF.md 3.2 refined visual-family rule
CB0850,spiking,ASSUMPTION,2,spiking,0,BUILD_BRIEF.md 3.2 refined visual-family rule
CB0851,spiking,ASSUMPTION,2,spiking,0,BUILD_BRIEF.md 3.2 refined visual-family rule
CB0853,spiking,ASSUMPTION,2,spiking,0,BUILD_BRIEF.md 3.2 refined visual-family rule
CB0854,spiking,ASSUMPTION,4,spiking,0,BUILD_BRIEF.md 3.2 refined visual-family rule
CB0855,spiking,ASSUMPTION,2,spiking,0,BUILD_BRIEF.md 3.2 refined visual-family rule
CB0856,spiking,ASSUMPTION,2,spiking,0,BUILD_BRIEF.md 3.2 refined visual-family rule
CB0857,spiking,ASSUMPTION,2,spiking,0,BUILD_BRIEF.md 3.2 refined visual-family rule
CB0858,spiking,ASSUMPTION,2,spiking,0,BUILD_BRIEF.md 3.2 refined visual-family rule
CB0859,spiking,ASSUMPTION,2,spiking,0,BUILD_BRIEF.md 3.2 refined visual-family rule
CB0860,spiking,ASSUMPTION,2,spiking,0,BUILD_BRIEF.md 3.2 refined visual-family rule
CB0861,spiking,ASSUMPTION,2,spiking,0,BUILD_BRIEF.md 3.2 refined visual-family rule
CB0862,spiking,ASSUMPTION,2,spiking,0,BUILD_BRIEF.md 3.2 refined visual-family rule
CB0863,spiking,ASSUMPTION,2,spiking,0,BUILD_BRIEF.md 3.2 refined visual-family rule
CB0864,spiking,ASSUMPTION,2,spiking,0,BUILD_BRIEF.md 3.2 refined visual-family rule
CB0865,spiking,ASSUMPTION,4,spiking,0,BUILD_BRIEF.md 3.2 refined visual-family rule
CB0866,spiking,ASSUMPTION,2,spiking,0,BUILD_BRIEF.md 3.2 refined visual-family rule
CB0867,spiking,ASSUMPTION,2,spiking,0,BUILD_BRIEF.md 3.2 refined visual-family rule
CB0869,spiking,ASSUMPTION,2,spiking,0,BUILD_BRIEF.md 3.2 refined visual-family rule
CB0870,spiking,ASSUMPTION,2,spiking,0,BUILD_BRIEF.md 3.2 refined visual-family rule
CB0871,spiking,ASSUMPTION,2,spiking,0,BUILD_BRIEF.md 3.2 refined visual-family rule
CB0872,spiking,ASSUMPTION,2,spiking,0,BUILD_BRIEF.md 3.2 refined visual-family rule
CB0873,spiking,ASSUMPTION,2,spiking,0,BUILD_BRIEF.md 3.2 refined visual-family rule
CB0874,spiking,ASSUMPTION,2,spiking,0,BUILD_BRIEF.md 3.2 refined visual-family rule
CB0875,spiking,ASSUMPTION,2,spiking,0,BUILD_BRIEF.md 3.2 refined visual-family rule
CB0877,spiking,ASSUMPTION,2,spiking,0,BUILD_BRIEF.md 3.2 refined visual-family rule
CB0878,spiking,ASSUMPTION,8,spiking,0,BUILD_BRIEF.md 3.2 refined visual-family rule
CB0879,spiking,ASSUMPTION,2,spiking,0,BUILD_BRIEF.md 3.2 refined visual-family rule
CB0880,spiking,ASSUMPTION,3,spiking,0,BUILD_BRIEF.md 3.2 refined visual-family rule
CB0881,spiking,ASSUMPTION,2,spiking,0,BUILD_BRIEF.md 3.2 refined visual-family rule
CB0882,spiking,ASSUMPTION,2,spiking,0,BUILD_BRIEF.md 3.2 refined visual-family rule
CB0883,spiking,ASSUMPTION,2,spiking,0,BUILD_BRIEF.md 3.2 refined visual-family rule
CB0884,spiking,ASSUMPTION,2,spiking,0,BUILD_BRIEF.md 3.2 refined visual-family rule
CB0885,spiking,ASSUMPTION,2,spiking,0,BUILD_BRIEF.md 3.2 refined visual-family rule
CB0886,spiking,ASSUMPTION,2,spiking,0,BUILD_BRIEF.md 3.2 refined visual-family rule
CB0889,spiking,ASSUMPTION,2,spiking,0,BUILD_BRIEF.md 3.2 refined visual-family rule
CB0890,spiking,ASSUMPTION,2,spiking,0,BUILD_BRIEF.md 3.2 refined visual-family rule
CB0891,spiking,ASSUMPTION,2,spiking,0,BUILD_BRIEF.md 3.2 refined visual-family rule
CB0892,spiking,ASSUMPTION,2,spiking,0,BUILD_BRIEF.md 3.2 refined visual-family rule
CB0893,spiking,ASSUMPTION,2,spiking,0,BUILD_BRIEF.md 3.2 refined visual-family rule
CB0894,spiking,ASSUMPTION,2,spiking,0,BUILD_BRIEF.md 3.2 refined visual-family rule
CB0895,spiking,ASSUMPTION,2,spiking,0,BUILD_BRIEF.md 3.2 refined visual-family rule
CB0896,spiking,ASSUMPTION,2,spiking,0,BUILD_BRIEF.md 3.2 refined visual-family rule
CB0897,spiking,ASSUMPTION,2,spiking,0,BUILD_BRIEF.md 3.2 refined visual-family rule
CB0898,spiking,ASSUMPTION,2,spiking,0,BUILD_BRIEF.md 3.2 refined visual-family rule
CB0899,spiking,ASSUMPTION,2,spiking,0,BUILD_BRIEF.md 3.2 refined visual-family rule
CB0900,spiking,ASSUMPTION,2,spiking,0,BUILD_BRIEF.md 3.2 refined visual-family rule
CB0901,spiking,ASSUMPTION,2,spiking,0,BUILD_BRIEF.md 3.2 refined visual-family rule
CB0902,spiking,ASSUMPTION,2,spiking,0,BUILD_BRIEF.md 3.2 refined visual-family rule
CB0903,spiking,ASSUMPTION,2,spiking,0,BUILD_BRIEF.md 3.2 refined visual-family rule
CB0904,spiking,ASSUMPTION,2,spiking,0,BUILD_BRIEF.md 3.2 refined visual-family rule
CB0906,spiking,ASSUMPTION,2,spiking,0,BUILD_BRIEF.md 3.2 refined visual-family rule
CB0907,spiking,ASSUMPTION,2,spiking,0,BUILD_BRIEF.md 3.2 refined visual-family rule
CB0908,spiking,ASSUMPTION,2,spiking,0,BUILD_BRIEF.md 3.2 refined visual-family rule
CB0909,spiking,ASSUMPTION,2,spiking,0,BUILD_BRIEF.md 3.2 refined visual-family rule
CB0910,spiking,ASSUMPTION,2,spiking,0,BUILD_BRIEF.md 3.2 refined visual-family rule
CB0911,spiking,ASSUMPTION,2,spiking,0,BUILD_BRIEF.md 3.2 refined visual-family rule
CB0912,spiking,ASSUMPTION,2,spiking,0,BUILD_BRIEF.md 3.2 refined visual-family rule
CB0913,spiking,ASSUMPTION,2,spiking,0,BUILD_BRIEF.md 3.2 refined visual-family rule
CB0914,spiking,ASSUMPTION,2,spiking,0,BUILD_BRIEF.md 3.2 refined visual-family rule
CB0915,spiking,ASSUMPTION,2,spiking,0,BUILD_BRIEF.md 3.2 refined visual-family rule
CB0916,spiking,ASSUMPTION,2,spiking,0,BUILD_BRIEF.md 3.2 refined visual-family rule
CB0917,spiking,ASSUMPTION,2,spiking,0,BUILD_BRIEF.md 3.2 refined visual-family rule
CB0918,spiking,ASSUMPTION,4,spiking,0,BUILD_BRIEF.md 3.2 refined visual-family rule
CB0919,spiking,ASSUMPTION,2,spiking,0,BUILD_BRIEF.md 3.2 refined visual-family rule
CB0920,spiking,ASSUMPTION,2,spiking,0,BUILD_BRIEF.md 3.2 refined visual-family rule
CB0921,spiking,ASSUMPTION,2,spiking,0,BUILD_BRIEF.md 3.2 refined visual-family rule
CB0922,spiking,ASSUMPTION,2,spiking,0,BUILD_BRIEF.md 3.2 refined visual-family rule
CB0923,spiking,ASSUMPTION,2,spiking,0,BUILD_BRIEF.md 3.2 refined visual-family rule
CB0924,spiking,ASSUMPTION,3,spiking,0,BUILD_BRIEF.md 3.2 refined visual-family rule
CB0925,spiking,ASSUMPTION,2,spiking,0,BUILD_BRIEF.md 3.2 refined visual-family rule
CB0926,spiking,ASSUMPTION,5,spiking,0,BUILD_BRIEF.md 3.2 refined visual-family rule
CB0927,spiking,ASSUMPTION,4,spiking,0,BUILD_BRIEF.md 3.2 refined visual-family rule
CB0929,spiking,ASSUMPTION,6,spiking,0,BUILD_BRIEF.md 3.2 refined visual-family rule
CB0930,spiking,ASSUMPTION,6,spiking,0,BUILD_BRIEF.md 3.2 refined visual-family rule
CB0931,spiking,ASSUMPTION,4,spiking,0,BUILD_BRIEF.md 3.2 refined visual-family rule
CB0932,spiking,ASSUMPTION,3,spiking,0,BUILD_BRIEF.md 3.2 refined visual-family rule
CB0933,spiking,ASSUMPTION,2,spiking,0,BUILD_BRIEF.md 3.2 refined visual-family rule
CB0934,spiking,ASSUMPTION,4,spiking,0,BUILD_BRIEF.md 3.2 refined visual-family rule
CB0937,spiking,ASSUMPTION,4,spiking,0,BUILD_BRIEF.md 3.2 refined visual-family rule
CB0938,spiking,ASSUMPTION,4,spiking,0,BUILD_BRIEF.md 3.2 refined visual-family rule
CB0939,spiking,ASSUMPTION,2,spiking,0,BUILD_BRIEF.md 3.2 refined visual-family rule
CB0942,spiking,ASSUMPTION,4,spiking,0,BUILD_BRIEF.md 3.2 refined visual-family rule
CB0943,spiking,ASSUMPTION,9,spiking,0,BUILD_BRIEF.md 3.2 refined visual-family rule
CB0944,spiking,ASSUMPTION,3,spiking,0,BUILD_BRIEF.md 3.2 refined visual-family rule
CB0945,spiking,ASSUMPTION,2,spiking,0,BUILD_BRIEF.md 3.2 refined visual-family rule
CB0946,spiking,ASSUMPTION,10,spiking,0,BUILD_BRIEF.md 3.2 refined visual-family rule
CB0947,spiking,ASSUMPTION,6,spiking,0,BUILD_BRIEF.md 3.2 refined visual-family rule
CB0948,spiking,ASSUMPTION,4,spiking,0,BUILD_BRIEF.md 3.2 refined visual-family rule
CB0950,spiking,ASSUMPTION,4,spiking,0,BUILD_BRIEF.md 3.2 refined visual-family rule
CB0951,spiking,ASSUMPTION,8,spiking,0,BUILD_BRIEF.md 3.2 refined visual-family rule
CB0952,spiking,ASSUMPTION,6,spiking,0,BUILD_BRIEF.md 3.2 refined visual-family rule
CB0955,spiking,ASSUMPTION,14,spiking,0,BUILD_BRIEF.md 3.2 refined visual-family rule
CB0956,spiking,ASSUMPTION,7,spiking,0,BUILD_BRIEF.md 3.2 refined visual-family rule
CB0957,spiking,ASSUMPTION,6,spiking,0,BUILD_BRIEF.md 3.2 refined visual-family rule
CB0958a,spiking,ASSUMPTION,8,spiking,0,BUILD_BRIEF.md 3.2 refined visual-family rule
CB0958b,spiking,ASSUMPTION,5,spiking,0,BUILD_BRIEF.md 3.2 refined visual-family rule
CB0958c,spiking,ASSUMPTION,12,spiking,0,BUILD_BRIEF.md 3.2 refined visual-family rule
CB0959,spiking,ASSUMPTION,16,spiking,0,BUILD_BRIEF.md 3.2 refined visual-family rule
CB0960,spiking,ASSUMPTION,1,spiking,0,BUILD_BRIEF.md 3.2 refined visual-family rule
CB0961,spiking,ASSUMPTION,10,spiking,0,BUILD_BRIEF.md 3.2 refined visual-family rule
CB0962a,spiking,ASSUMPTION,5,spiking,0,BUILD_BRIEF.md 3.2 refined visual-family rule
CB0962b,spiking,ASSUMPTION,2,spiking,0,BUILD_BRIEF.md 3.2 refined visual-family rule
CB0963,spiking,ASSUMPTION,5,spiking,0,BUILD_BRIEF.md 3.2 refined visual-family rule
CB0964,spiking,ASSUMPTION,4,spiking,0,BUILD_BRIEF.md 3.2 refined visual-family rule
CB0965,spiking,ASSUMPTION,5,spiking,0,BUILD_BRIEF.md 3.2 refined visual-family rule
CB0966,spiking,ASSUMPTION,2,spiking,0,BUILD_BRIEF.md 3.2 refined visual-family rule
CB0967,spiking,ASSUMPTION,3,spiking,0,BUILD_BRIEF.md 3.2 refined visual-family rule
CB0968,spiking,ASSUMPTION,3,spiking,0,BUILD_BRIEF.md 3.2 refined visual-family rule
CB0969,spiking,ASSUMPTION,2,spiking,0,BUILD_BRIEF.md 3.2 refined visual-family rule
CB0971,spiking,ASSUMPTION,2,spiking,0,BUILD_BRIEF.md 3.2 refined visual-family rule
CB0972,spiking,ASSUMPTION,5,spiking,0,BUILD_BRIEF.md 3.2 refined visual-family rule
CB0973,spiking,ASSUMPTION,8,spiking,0,BUILD_BRIEF.md 3.2 refined visual-family rule
CB0975,spiking,ASSUMPTION,8,spiking,0,BUILD_BRIEF.md 3.2 refined visual-family rule
CB0976,spiking,ASSUMPTION,3,spiking,0,BUILD_BRIEF.md 3.2 refined visual-family rule
CB0977,spiking,ASSUMPTION,7,spiking,0,BUILD_BRIEF.md 3.2 refined visual-family rule
CB0978,spiking,ASSUMPTION,8,spiking,0,BUILD_BRIEF.md 3.2 refined visual-family rule
CB0979a,spiking,ASSUMPTION,8,spiking,0,BUILD_BRIEF.md 3.2 refined visual-family rule
CB0979b,spiking,ASSUMPTION,8,spiking,0,BUILD_BRIEF.md 3.2 refined visual-family rule
CB0980,spiking,ASSUMPTION,8,spiking,0,BUILD_BRIEF.md 3.2 refined visual-family rule
CB0981,spiking,ASSUMPTION,6,spiking,0,BUILD_BRIEF.md 3.2 refined visual-family rule
CB0982,spiking,ASSUMPTION,8,spiking,0,BUILD_BRIEF.md 3.2 refined visual-family rule
CB0983,spiking,ASSUMPTION,4,spiking,0,BUILD_BRIEF.md 3.2 refined visual-family rule
CB0984,spiking,ASSUMPTION,2,spiking,0,BUILD_BRIEF.md 3.2 refined visual-family rule
CB0985,spiking,ASSUMPTION,2,spiking,0,BUILD_BRIEF.md 3.2 refined visual-family rule
CB0986,spiking,ASSUMPTION,11,spiking,0,BUILD_BRIEF.md 3.2 refined visual-family rule
CB0987,spiking,ASSUMPTION,4,spiking,0,BUILD_BRIEF.md 3.2 refined visual-family rule
CB0988,spiking,ASSUMPTION,4,spiking,0,BUILD_BRIEF.md 3.2 refined visual-family rule
CB0989,spiking,ASSUMPTION,9,spiking,0,BUILD_BRIEF.md 3.2 refined visual-family rule
CB0990,spiking,ASSUMPTION,3,spiking,0,BUILD_BRIEF.md 3.2 refined visual-family rule
CB0991,spiking,ASSUMPTION,4,spiking,0,BUILD_BRIEF.md 3.2 refined visual-family rule
CB0992,spiking,ASSUMPTION,2,spiking,0,BUILD_BRIEF.md 3.2 refined visual-family rule
CB0993,spiking,ASSUMPTION,6,spiking,0,BUILD_BRIEF.md 3.2 refined visual-family rule
CB0994,spiking,ASSUMPTION,5,spiking,0,BUILD_BRIEF.md 3.2 refined visual-family rule
CB0996,spiking,ASSUMPTION,4,spiking,0,BUILD_BRIEF.md 3.2 refined visual-family rule
CB0997,spiking,ASSUMPTION,10,spiking,0,BUILD_BRIEF.md 3.2 refined visual-family rule
CB0998,spiking,ASSUMPTION,4,spiking,0,BUILD_BRIEF.md 3.2 refined visual-family rule
CB0999,spiking,ASSUMPTION,6,spiking,0,BUILD_BRIEF.md 3.2 refined visual-family rule
CB1000,spiking,ASSUMPTION,4,spiking,0,BUILD_BRIEF.md 3.2 refined visual-family rule
CB1001,spiking,ASSUMPTION,2,spiking,0,BUILD_BRIEF.md 3.2 refined visual-family rule
CB1002,spiking,ASSUMPTION,3,spiking,0,BUILD_BRIEF.md 3.2 refined visual-family rule
CB1003,spiking,ASSUMPTION,4,spiking,0,BUILD_BRIEF.md 3.2 refined visual-family rule
CB1005,spiking,ASSUMPTION,2,spiking,0,BUILD_BRIEF.md 3.2 refined visual-family rule
CB1006,spiking,ASSUMPTION,2,spiking,0,BUILD_BRIEF.md 3.2 refined visual-family rule
CB1007,spiking,ASSUMPTION,4,spiking,0,BUILD_BRIEF.md 3.2 refined visual-family rule
CB1008,spiking,ASSUMPTION,17,spiking,0,BUILD_BRIEF.md 3.2 refined visual-family rule
CB1009,spiking,ASSUMPTION,2,spiking,0,BUILD_BRIEF.md 3.2 refined visual-family rule
CB1010,spiking,ASSUMPTION,3,spiking,0,BUILD_BRIEF.md 3.2 refined visual-family rule
CB1011,spiking,ASSUMPTION,10,spiking,0,BUILD_BRIEF.md 3.2 refined visual-family rule
CB1012,spiking,ASSUMPTION,6,spiking,0,BUILD_BRIEF.md 3.2 refined visual-family rule
CB1013,spiking,ASSUMPTION,7,spiking,0,BUILD_BRIEF.md 3.2 refined visual-family rule
CB1014,spiking,ASSUMPTION,4,spiking,0,BUILD_BRIEF.md 3.2 refined visual-family rule
CB1015,spiking,ASSUMPTION,1,spiking,0,BUILD_BRIEF.md 3.2 refined visual-family rule
CB1016,spiking,ASSUMPTION,3,spiking,0,BUILD_BRIEF.md 3.2 refined visual-family rule
CB1017,spiking,ASSUMPTION,4,spiking,0,BUILD_BRIEF.md 3.2 refined visual-family rule
CB1018,spiking,ASSUMPTION,2,spiking,0,BUILD_BRIEF.md 3.2 refined visual-family rule
CB1020,spiking,ASSUMPTION,5,spiking,0,BUILD_BRIEF.md 3.2 refined visual-family rule
CB1021,spiking,ASSUMPTION,7,spiking,0,BUILD_BRIEF.md 3.2 refined visual-family rule
CB1022,spiking,ASSUMPTION,4,spiking,0,BUILD_BRIEF.md 3.2 refined visual-family rule
CB1023,spiking,ASSUMPTION,10,spiking,0,BUILD_BRIEF.md 3.2 refined visual-family rule
CB1024,spiking,ASSUMPTION,6,spiking,0,BUILD_BRIEF.md 3.2 refined visual-family rule
CB1025,spiking,ASSUMPTION,3,spiking,0,BUILD_BRIEF.md 3.2 refined visual-family rule
CB1026,spiking,ASSUMPTION,6,spiking,0,BUILD_BRIEF.md 3.2 refined visual-family rule
CB1028,spiking,ASSUMPTION,4,spiking,0,BUILD_BRIEF.md 3.2 refined visual-family rule
CB1029,spiking,ASSUMPTION,7,spiking,0,BUILD_BRIEF.md 3.2 refined visual-family rule
CB1030,spiking,ASSUMPTION,8,spiking,0,BUILD_BRIEF.md 3.2 refined visual-family rule
CB1031,spiking,ASSUMPTION,4,spiking,0,BUILD_BRIEF.md 3.2 refined visual-family rule
CB1032,spiking,ASSUMPTION,6,spiking,0,BUILD_BRIEF.md 3.2 refined visual-family rule
CB1033,spiking,ASSUMPTION,7,spiking,0,BUILD_BRIEF.md 3.2 refined visual-family rule
CB1035,spiking,ASSUMPTION,4,spiking,0,BUILD_BRIEF.md 3.2 refined visual-family rule
CB1036,spiking,ASSUMPTION,4,spiking,0,BUILD_BRIEF.md 3.2 refined visual-family rule
CB1037,spiking,ASSUMPTION,8,spiking,0,BUILD_BRIEF.md 3.2 refined visual-family rule
CB1038a,spiking,ASSUMPTION,2,spiking,0,BUILD_BRIEF.md 3.2 refined visual-family rule
CB1038b,spiking,ASSUMPTION,2,spiking,0,BUILD_BRIEF.md 3.2 refined visual-family rule
CB1038c,spiking,ASSUMPTION,2,spiking,0,BUILD_BRIEF.md 3.2 refined visual-family rule
CB1038d,spiking,ASSUMPTION,3,spiking,0,BUILD_BRIEF.md 3.2 refined visual-family rule
CB1039,spiking,ASSUMPTION,3,spiking,0,BUILD_BRIEF.md 3.2 refined visual-family rule
CB1040,spiking,ASSUMPTION,6,spiking,0,BUILD_BRIEF.md 3.2 refined visual-family rule
CB1042,spiking,ASSUMPTION,12,spiking,0,BUILD_BRIEF.md 3.2 refined visual-family rule
CB1043,spiking,ASSUMPTION,2,spiking,0,BUILD_BRIEF.md 3.2 refined visual-family rule
CB1044,spiking,ASSUMPTION,4,spiking,0,BUILD_BRIEF.md 3.2 refined visual-family rule
CB1045,spiking,ASSUMPTION,3,spiking,0,BUILD_BRIEF.md 3.2 refined visual-family rule
CB1046,spiking,ASSUMPTION,13,spiking,0,BUILD_BRIEF.md 3.2 refined visual-family rule
CB1047,spiking,ASSUMPTION,4,spiking,0,BUILD_BRIEF.md 3.2 refined visual-family rule
CB1048,spiking,ASSUMPTION,4,spiking,0,BUILD_BRIEF.md 3.2 refined visual-family rule
CB1049,spiking,ASSUMPTION,6,spiking,0,BUILD_BRIEF.md 3.2 refined visual-family rule
CB1050,spiking,ASSUMPTION,4,spiking,0,BUILD_BRIEF.md 3.2 refined visual-family rule
CB1051,spiking,ASSUMPTION,6,spiking,0,BUILD_BRIEF.md 3.2 refined visual-family rule
CB1053,spiking,ASSUMPTION,6,spiking,0,BUILD_BRIEF.md 3.2 refined visual-family rule
CB1054,spiking,ASSUMPTION,6,spiking,0,BUILD_BRIEF.md 3.2 refined visual-family rule
CB1055,spiking,ASSUMPTION,12,spiking,0,BUILD_BRIEF.md 3.2 refined visual-family rule
CB1056,spiking,ASSUMPTION,4,spiking,0,BUILD_BRIEF.md 3.2 refined visual-family rule
CB1057,spiking,ASSUMPTION,4,spiking,0,BUILD_BRIEF.md 3.2 refined visual-family rule
CB1058,spiking,ASSUMPTION,8,spiking,0,BUILD_BRIEF.md 3.2 refined visual-family rule
CB1059,spiking,ASSUMPTION,3,spiking,0,BUILD_BRIEF.md 3.2 refined visual-family rule
CB1060,spiking,ASSUMPTION,5,spiking,0,BUILD_BRIEF.md 3.2 refined visual-family rule
CB1061,spiking,ASSUMPTION,2,spiking,0,BUILD_BRIEF.md 3.2 refined visual-family rule
CB1062,spiking,ASSUMPTION,7,spiking,0,BUILD_BRIEF.md 3.2 refined visual-family rule
CB1063,spiking,ASSUMPTION,4,spiking,0,BUILD_BRIEF.md 3.2 refined visual-family rule
CB1064,spiking,ASSUMPTION,4,spiking,0,BUILD_BRIEF.md 3.2 refined visual-family rule
CB1065,spiking,ASSUMPTION,4,spiking,0,BUILD_BRIEF.md 3.2 refined visual-family rule
CB1066,spiking,ASSUMPTION,3,spiking,0,BUILD_BRIEF.md 3.2 refined visual-family rule
CB1067,spiking,ASSUMPTION,4,spiking,0,BUILD_BRIEF.md 3.2 refined visual-family rule
CB1068,spiking,ASSUMPTION,5,spiking,0,BUILD_BRIEF.md 3.2 refined visual-family rule
CB1069,spiking,ASSUMPTION,6,spiking,0,BUILD_BRIEF.md 3.2 refined visual-family rule
CB1071,spiking,ASSUMPTION,6,spiking,0,BUILD_BRIEF.md 3.2 refined visual-family rule
CB1072,spiking,ASSUMPTION,12,spiking,0,BUILD_BRIEF.md 3.2 refined visual-family rule
CB1073,spiking,ASSUMPTION,7,spiking,0,BUILD_BRIEF.md 3.2 refined visual-family rule
CB1074,spiking,ASSUMPTION,3,spiking,0,BUILD_BRIEF.md 3.2 refined visual-family rule
CB1076,spiking,ASSUMPTION,8,spiking,0,BUILD_BRIEF.md 3.2 refined visual-family rule
CB1077,spiking,ASSUMPTION,4,spiking,0,BUILD_BRIEF.md 3.2 refined visual-family rule
CB1078,spiking,ASSUMPTION,26,spiking,0,BUILD_BRIEF.md 3.2 refined visual-family rule
CB1079,spiking,ASSUMPTION,18,spiking,0,BUILD_BRIEF.md 3.2 refined visual-family rule
CB1080,spiking,ASSUMPTION,6,spiking,0,BUILD_BRIEF.md 3.2 refined visual-family rule
CB1081,spiking,ASSUMPTION,2,spiking,0,BUILD_BRIEF.md 3.2 refined visual-family rule
CB1083,spiking,ASSUMPTION,2,spiking,0,BUILD_BRIEF.md 3.2 refined visual-family rule
CB1084,spiking,ASSUMPTION,7,spiking,0,BUILD_BRIEF.md 3.2 refined visual-family rule
CB1085,spiking,ASSUMPTION,5,spiking,0,BUILD_BRIEF.md 3.2 refined visual-family rule
CB1086,spiking,ASSUMPTION,4,spiking,0,BUILD_BRIEF.md 3.2 refined visual-family rule
CB1087,spiking,ASSUMPTION,6,spiking,0,BUILD_BRIEF.md 3.2 refined visual-family rule
CB1088,spiking,ASSUMPTION,4,spiking,0,BUILD_BRIEF.md 3.2 refined visual-family rule
CB1089,spiking,ASSUMPTION,5,spiking,0,BUILD_BRIEF.md 3.2 refined visual-family rule
CB1090,spiking,ASSUMPTION,7,spiking,0,BUILD_BRIEF.md 3.2 refined visual-family rule
CB1091,spiking,ASSUMPTION,2,spiking,0,BUILD_BRIEF.md 3.2 refined visual-family rule
CB1092,spiking,ASSUMPTION,4,spiking,0,BUILD_BRIEF.md 3.2 refined visual-family rule
CB1093,spiking,ASSUMPTION,2,spiking,0,BUILD_BRIEF.md 3.2 refined visual-family rule
CB1094,spiking,ASSUMPTION,12,spiking,0,BUILD_BRIEF.md 3.2 refined visual-family rule
CB1095,spiking,ASSUMPTION,6,spiking,0,BUILD_BRIEF.md 3.2 refined visual-family rule
CB1096,spiking,ASSUMPTION,6,spiking,0,BUILD_BRIEF.md 3.2 refined visual-family rule
CB1097,spiking,ASSUMPTION,5,spiking,0,BUILD_BRIEF.md 3.2 refined visual-family rule
CB1098,spiking,ASSUMPTION,7,spiking,0,BUILD_BRIEF.md 3.2 refined visual-family rule
CB1099,spiking,ASSUMPTION,3,spiking,0,BUILD_BRIEF.md 3.2 refined visual-family rule
CB1100,spiking,ASSUMPTION,7,spiking,0,BUILD_BRIEF.md 3.2 refined visual-family rule
CB1101,spiking,ASSUMPTION,6,spiking,0,BUILD_BRIEF.md 3.2 refined visual-family rule
CB1102,spiking,ASSUMPTION,4,spiking,0,BUILD_BRIEF.md 3.2 refined visual-family rule
CB1103,spiking,ASSUMPTION,4,spiking,0,BUILD_BRIEF.md 3.2 refined visual-family rule
CB1104,spiking,ASSUMPTION,2,spiking,0,BUILD_BRIEF.md 3.2 refined visual-family rule
CB1105,spiking,ASSUMPTION,2,spiking,0,BUILD_BRIEF.md 3.2 refined visual-family rule
CB1106,spiking,ASSUMPTION,5,spiking,0,BUILD_BRIEF.md 3.2 refined visual-family rule
CB1107,spiking,ASSUMPTION,3,spiking,0,BUILD_BRIEF.md 3.2 refined visual-family rule
CB1108,spiking,ASSUMPTION,2,spiking,0,BUILD_BRIEF.md 3.2 refined visual-family rule
CB1109,spiking,ASSUMPTION,14,spiking,0,BUILD_BRIEF.md 3.2 refined visual-family rule
CB1110,spiking,ASSUMPTION,5,spiking,0,BUILD_BRIEF.md 3.2 refined visual-family rule
CB1111,spiking,ASSUMPTION,6,spiking,0,BUILD_BRIEF.md 3.2 refined visual-family rule
CB1112,spiking,ASSUMPTION,4,spiking,0,BUILD_BRIEF.md 3.2 refined visual-family rule
CB1113,spiking,ASSUMPTION,2,spiking,0,BUILD_BRIEF.md 3.2 refined visual-family rule
CB1114,spiking,ASSUMPTION,10,spiking,0,BUILD_BRIEF.md 3.2 refined visual-family rule
CB1115,spiking,ASSUMPTION,2,spiking,0,BUILD_BRIEF.md 3.2 refined visual-family rule
CB1116,spiking,ASSUMPTION,2,spiking,0,BUILD_BRIEF.md 3.2 refined visual-family rule
CB1117,spiking,ASSUMPTION,3,spiking,0,BUILD_BRIEF.md 3.2 refined visual-family rule
CB1119,spiking,ASSUMPTION,3,spiking,0,BUILD_BRIEF.md 3.2 refined visual-family rule
CB1120,spiking,ASSUMPTION,3,spiking,0,BUILD_BRIEF.md 3.2 refined visual-family rule
CB1121,spiking,ASSUMPTION,2,spiking,0,BUILD_BRIEF.md 3.2 refined visual-family rule
CB1122,spiking,ASSUMPTION,2,spiking,0,BUILD_BRIEF.md 3.2 refined visual-family rule
CB1124,spiking,ASSUMPTION,4,spiking,0,BUILD_BRIEF.md 3.2 refined visual-family rule
CB1125,spiking,ASSUMPTION,10,spiking,0,BUILD_BRIEF.md 3.2 refined visual-family rule
CB1126,spiking,ASSUMPTION,4,spiking,0,BUILD_BRIEF.md 3.2 refined visual-family rule
CB1127,spiking,ASSUMPTION,4,spiking,0,BUILD_BRIEF.md 3.2 refined visual-family rule
CB1128,spiking,ASSUMPTION,3,spiking,0,BUILD_BRIEF.md 3.2 refined visual-family rule
CB1129,spiking,ASSUMPTION,5,spiking,0,BUILD_BRIEF.md 3.2 refined visual-family rule
CB1130,spiking,ASSUMPTION,5,spiking,0,BUILD_BRIEF.md 3.2 refined visual-family rule
CB1131,spiking,ASSUMPTION,4,spiking,0,BUILD_BRIEF.md 3.2 refined visual-family rule
CB1132,spiking,ASSUMPTION,4,spiking,0,BUILD_BRIEF.md 3.2 refined visual-family rule
CB1134,spiking,ASSUMPTION,6,spiking,0,BUILD_BRIEF.md 3.2 refined visual-family rule
CB1138,spiking,ASSUMPTION,12,spiking,0,BUILD_BRIEF.md 3.2 refined visual-family rule
CB1139,spiking,ASSUMPTION,2,spiking,0,BUILD_BRIEF.md 3.2 refined visual-family rule
CB1140,spiking,ASSUMPTION,4,spiking,0,BUILD_BRIEF.md 3.2 refined visual-family rule
"CB1141,CB1285",spiking,ASSUMPTION,12,spiking,0,BUILD_BRIEF.md 3.2 refined visual-family rule
CB1142,spiking,ASSUMPTION,3,spiking,0,BUILD_BRIEF.md 3.2 refined visual-family rule
CB1143,spiking,ASSUMPTION,6,spiking,0,BUILD_BRIEF.md 3.2 refined visual-family rule
CB1144,spiking,ASSUMPTION,5,spiking,0,BUILD_BRIEF.md 3.2 refined visual-family rule
CB1145,spiking,ASSUMPTION,7,spiking,0,BUILD_BRIEF.md 3.2 refined visual-family rule
CB1148,spiking,ASSUMPTION,9,spiking,0,BUILD_BRIEF.md 3.2 refined visual-family rule
CB1149,spiking,ASSUMPTION,6,spiking,0,BUILD_BRIEF.md 3.2 refined visual-family rule
CB1150,spiking,ASSUMPTION,6,spiking,0,BUILD_BRIEF.md 3.2 refined visual-family rule
CB1151,spiking,ASSUMPTION,4,spiking,0,BUILD_BRIEF.md 3.2 refined visual-family rule
CB1152,spiking,ASSUMPTION,6,spiking,0,BUILD_BRIEF.md 3.2 refined visual-family rule
CB1153,spiking,ASSUMPTION,3,spiking,0,BUILD_BRIEF.md 3.2 refined visual-family rule
CB1154,spiking,ASSUMPTION,16,spiking,0,BUILD_BRIEF.md 3.2 refined visual-family rule
CB1155,spiking,ASSUMPTION,6,spiking,0,BUILD_BRIEF.md 3.2 refined visual-family rule
CB1156,spiking,ASSUMPTION,4,spiking,0,BUILD_BRIEF.md 3.2 refined visual-family rule
CB1159,spiking,ASSUMPTION,3,spiking,0,BUILD_BRIEF.md 3.2 refined visual-family rule
CB1160,spiking,ASSUMPTION,5,spiking,0,BUILD_BRIEF.md 3.2 refined visual-family rule
CB1161,spiking,ASSUMPTION,2,spiking,0,BUILD_BRIEF.md 3.2 refined visual-family rule
CB1163,spiking,ASSUMPTION,6,spiking,0,BUILD_BRIEF.md 3.2 refined visual-family rule
CB1165,spiking,ASSUMPTION,6,spiking,0,BUILD_BRIEF.md 3.2 refined visual-family rule
CB1167,spiking,ASSUMPTION,4,spiking,0,BUILD_BRIEF.md 3.2 refined visual-family rule
CB1168,spiking,ASSUMPTION,9,spiking,0,BUILD_BRIEF.md 3.2 refined visual-family rule
CB1169,spiking,ASSUMPTION,3,spiking,0,BUILD_BRIEF.md 3.2 refined visual-family rule
CB1170,spiking,ASSUMPTION,5,spiking,0,BUILD_BRIEF.md 3.2 refined visual-family rule
CB1171,spiking,ASSUMPTION,6,spiking,0,BUILD_BRIEF.md 3.2 refined visual-family rule
CB1172,spiking,ASSUMPTION,4,spiking,0,BUILD_BRIEF.md 3.2 refined visual-family rule
CB1173,spiking,ASSUMPTION,2,spiking,0,BUILD_BRIEF.md 3.2 refined visual-family rule
CB1174,spiking,ASSUMPTION,3,spiking,0,BUILD_BRIEF.md 3.2 refined visual-family rule
CB1175,spiking,ASSUMPTION,4,spiking,0,BUILD_BRIEF.md 3.2 refined visual-family rule
CB1176,spiking,ASSUMPTION,5,spiking,0,BUILD_BRIEF.md 3.2 refined visual-family rule
CB1178,spiking,ASSUMPTION,18,spiking,0,BUILD_BRIEF.md 3.2 refined visual-family rule
CB1179,spiking,ASSUMPTION,3,spiking,0,BUILD_BRIEF.md 3.2 refined visual-family rule
CB1181,spiking,ASSUMPTION,10,spiking,0,BUILD_BRIEF.md 3.2 refined visual-family rule
CB1182,spiking,ASSUMPTION,4,spiking,0,BUILD_BRIEF.md 3.2 refined visual-family rule
CB1183,spiking,ASSUMPTION,5,spiking,0,BUILD_BRIEF.md 3.2 refined visual-family rule
CB1184,spiking,ASSUMPTION,4,spiking,0,BUILD_BRIEF.md 3.2 refined visual-family rule
CB1185,spiking,ASSUMPTION,4,spiking,0,BUILD_BRIEF.md 3.2 refined visual-family rule
CB1187,spiking,ASSUMPTION,3,spiking,0,BUILD_BRIEF.md 3.2 refined visual-family rule
CB1188,spiking,ASSUMPTION,6,spiking,0,BUILD_BRIEF.md 3.2 refined visual-family rule
CB1189,spiking,ASSUMPTION,4,spiking,0,BUILD_BRIEF.md 3.2 refined visual-family rule
CB1190,spiking,ASSUMPTION,6,spiking,0,BUILD_BRIEF.md 3.2 refined visual-family rule
CB1191,spiking,ASSUMPTION,4,spiking,0,BUILD_BRIEF.md 3.2 refined visual-family rule
CB1192,spiking,ASSUMPTION,6,spiking,0,BUILD_BRIEF.md 3.2 refined visual-family rule
CB1193,spiking,ASSUMPTION,6,spiking,0,BUILD_BRIEF.md 3.2 refined visual-family rule
CB1194,spiking,ASSUMPTION,2,spiking,0,BUILD_BRIEF.md 3.2 refined visual-family rule
CB1195,spiking,ASSUMPTION,4,spiking,0,BUILD_BRIEF.md 3.2 refined visual-family rule
CB1196,spiking,ASSUMPTION,4,spiking,0,BUILD_BRIEF.md 3.2 refined visual-family rule
CB1198,spiking,ASSUMPTION,5,spiking,0,BUILD_BRIEF.md 3.2 refined visual-family rule
CB1199,spiking,ASSUMPTION,6,spiking,0,BUILD_BRIEF.md 3.2 refined visual-family rule
CB1200,spiking,ASSUMPTION,4,spiking,0,BUILD_BRIEF.md 3.2 refined visual-family rule
CB1201,spiking,ASSUMPTION,7,spiking,0,BUILD_BRIEF.md 3.2 refined visual-family rule
CB1202,spiking,ASSUMPTION,4,spiking,0,BUILD_BRIEF.md 3.2 refined visual-family rule
CB1203,spiking,ASSUMPTION,3,spiking,0,BUILD_BRIEF.md 3.2 refined visual-family rule
CB1205,spiking,ASSUMPTION,6,spiking,0,BUILD_BRIEF.md 3.2 refined visual-family rule
CB1206,spiking,ASSUMPTION,11,spiking,0,BUILD_BRIEF.md 3.2 refined visual-family rule
CB1207,spiking,ASSUMPTION,14,spiking,0,BUILD_BRIEF.md 3.2 refined visual-family rule
CB1208,spiking,ASSUMPTION,3,spiking,0,BUILD_BRIEF.md 3.2 refined visual-family rule
CB1210,spiking,ASSUMPTION,3,spiking,0,BUILD_BRIEF.md 3.2 refined visual-family rule
CB1211,spiking,ASSUMPTION,3,spiking,0,BUILD_BRIEF.md 3.2 refined visual-family rule
CB1212,spiking,ASSUMPTION,6,spiking,0,BUILD_BRIEF.md 3.2 refined visual-family rule
CB1213,spiking,ASSUMPTION,5,spiking,0,BUILD_BRIEF.md 3.2 refined visual-family rule
CB1214,spiking,ASSUMPTION,4,spiking,0,BUILD_BRIEF.md 3.2 refined visual-family rule
CB1215,spiking,ASSUMPTION,4,spiking,0,BUILD_BRIEF.md 3.2 refined visual-family rule
CB1217,spiking,ASSUMPTION,5,spiking,0,BUILD_BRIEF.md 3.2 refined visual-family rule
CB1218,spiking,ASSUMPTION,2,spiking,0,BUILD_BRIEF.md 3.2 refined visual-family rule
CB1219,spiking,ASSUMPTION,6,spiking,0,BUILD_BRIEF.md 3.2 refined visual-family rule
CB1220,spiking,ASSUMPTION,11,spiking,0,BUILD_BRIEF.md 3.2 refined visual-family rule
CB1221,spiking,ASSUMPTION,4,spiking,0,BUILD_BRIEF.md 3.2 refined visual-family rule
CB1222,spiking,ASSUMPTION,4,spiking,0,BUILD_BRIEF.md 3.2 refined visual-family rule
CB1223,spiking,ASSUMPTION,4,spiking,0,BUILD_BRIEF.md 3.2 refined visual-family rule
CB1224,spiking,ASSUMPTION,4,spiking,0,BUILD_BRIEF.md 3.2 refined visual-family rule
CB1225,spiking,ASSUMPTION,21,spiking,0,BUILD_BRIEF.md 3.2 refined visual-family rule
CB1226,spiking,ASSUMPTION,4,spiking,0,BUILD_BRIEF.md 3.2 refined visual-family rule
CB1227,spiking,ASSUMPTION,8,spiking,0,BUILD_BRIEF.md 3.2 refined visual-family rule
CB1228,spiking,ASSUMPTION,2,spiking,0,BUILD_BRIEF.md 3.2 refined visual-family rule
CB1229,spiking,ASSUMPTION,6,spiking,0,BUILD_BRIEF.md 3.2 refined visual-family rule
CB1230,spiking,ASSUMPTION,6,spiking,0,BUILD_BRIEF.md 3.2 refined visual-family rule
CB1231a,spiking,ASSUMPTION,5,spiking,0,BUILD_BRIEF.md 3.2 refined visual-family rule
CB1231b,spiking,ASSUMPTION,12,spiking,0,BUILD_BRIEF.md 3.2 refined visual-family rule
CB1231c,spiking,ASSUMPTION,2,spiking,0,BUILD_BRIEF.md 3.2 refined visual-family rule
CB1232,spiking,ASSUMPTION,6,spiking,0,BUILD_BRIEF.md 3.2 refined visual-family rule
CB1233,spiking,ASSUMPTION,2,spiking,0,BUILD_BRIEF.md 3.2 refined visual-family rule
CB1235,spiking,ASSUMPTION,4,spiking,0,BUILD_BRIEF.md 3.2 refined visual-family rule
CB1236,spiking,ASSUMPTION,6,spiking,0,BUILD_BRIEF.md 3.2 refined visual-family rule
CB1237,spiking,ASSUMPTION,5,spiking,0,BUILD_BRIEF.md 3.2 refined visual-family rule
CB1238,spiking,ASSUMPTION,6,spiking,0,BUILD_BRIEF.md 3.2 refined visual-family rule
CB1240,spiking,ASSUMPTION,2,spiking,0,BUILD_BRIEF.md 3.2 refined visual-family rule
CB1241,spiking,ASSUMPTION,4,spiking,0,BUILD_BRIEF.md 3.2 refined visual-family rule
CB1242,spiking,ASSUMPTION,5,spiking,0,BUILD_BRIEF.md 3.2 refined visual-family rule
CB1243,spiking,ASSUMPTION,2,spiking,0,BUILD_BRIEF.md 3.2 refined visual-family rule
CB1244,spiking,ASSUMPTION,6,spiking,0,BUILD_BRIEF.md 3.2 refined visual-family rule
CB1245,spiking,ASSUMPTION,4,spiking,0,BUILD_BRIEF.md 3.2 refined visual-family rule
CB1246,spiking,ASSUMPTION,6,spiking,0,BUILD_BRIEF.md 3.2 refined visual-family rule
CB1247,spiking,ASSUMPTION,4,spiking,0,BUILD_BRIEF.md 3.2 refined visual-family rule
CB1248,spiking,ASSUMPTION,2,spiking,0,BUILD_BRIEF.md 3.2 refined visual-family rule
CB1249,spiking,ASSUMPTION,4,spiking,0,BUILD_BRIEF.md 3.2 refined visual-family rule
CB1250,spiking,ASSUMPTION,2,spiking,0,BUILD_BRIEF.md 3.2 refined visual-family rule
CB1251,spiking,ASSUMPTION,7,spiking,0,BUILD_BRIEF.md 3.2 refined visual-family rule
CB1252,spiking,ASSUMPTION,4,spiking,0,BUILD_BRIEF.md 3.2 refined visual-family rule
CB1253,spiking,ASSUMPTION,8,spiking,0,BUILD_BRIEF.md 3.2 refined visual-family rule
CB1254,spiking,ASSUMPTION,2,spiking,0,BUILD_BRIEF.md 3.2 refined visual-family rule
CB1255,spiking,ASSUMPTION,6,spiking,0,BUILD_BRIEF.md 3.2 refined visual-family rule
CB1256,spiking,ASSUMPTION,7,spiking,0,BUILD_BRIEF.md 3.2 refined visual-family rule
CB1258,spiking,ASSUMPTION,6,spiking,0,BUILD_BRIEF.md 3.2 refined visual-family rule
CB1259,spiking,ASSUMPTION,5,spiking,0,BUILD_BRIEF.md 3.2 refined visual-family rule
CB1260,spiking,ASSUMPTION,6,spiking,0,BUILD_BRIEF.md 3.2 refined visual-family rule
CB1262,spiking,ASSUMPTION,5,spiking,0,BUILD_BRIEF.md 3.2 refined visual-family rule
CB1263,spiking,ASSUMPTION,2,spiking,0,BUILD_BRIEF.md 3.2 refined visual-family rule
CB1264,spiking,ASSUMPTION,6,spiking,0,BUILD_BRIEF.md 3.2 refined visual-family rule
CB1265,spiking,ASSUMPTION,7,spiking,0,BUILD_BRIEF.md 3.2 refined visual-family rule
CB1266,spiking,ASSUMPTION,2,spiking,0,BUILD_BRIEF.md 3.2 refined visual-family rule
CB1267,spiking,ASSUMPTION,3,spiking,0,BUILD_BRIEF.md 3.2 refined visual-family rule
CB1268,spiking,ASSUMPTION,9,spiking,0,BUILD_BRIEF.md 3.2 refined visual-family rule
CB1269,spiking,ASSUMPTION,3,spiking,0,BUILD_BRIEF.md 3.2 refined visual-family rule
CB1270,spiking,ASSUMPTION,4,spiking,0,BUILD_BRIEF.md 3.2 refined visual-family rule
CB1271,spiking,ASSUMPTION,8,spiking,0,BUILD_BRIEF.md 3.2 refined visual-family rule
CB1272,spiking,ASSUMPTION,4,spiking,0,BUILD_BRIEF.md 3.2 refined visual-family rule
CB1273,spiking,ASSUMPTION,3,spiking,0,BUILD_BRIEF.md 3.2 refined visual-family rule
CB1274,spiking,ASSUMPTION,2,spiking,0,BUILD_BRIEF.md 3.2 refined visual-family rule
CB1275,spiking,ASSUMPTION,2,spiking,0,BUILD_BRIEF.md 3.2 refined visual-family rule
CB1276,spiking,ASSUMPTION,5,spiking,0,BUILD_BRIEF.md 3.2 refined visual-family rule
CB1278,spiking,ASSUMPTION,3,spiking,0,BUILD_BRIEF.md 3.2 refined visual-family rule
CB1279,spiking,ASSUMPTION,4,spiking,0,BUILD_BRIEF.md 3.2 refined visual-family rule
CB1280,spiking,ASSUMPTION,3,spiking,0,BUILD_BRIEF.md 3.2 refined visual-family rule
CB1281,spiking,ASSUMPTION,2,spiking,0,BUILD_BRIEF.md 3.2 refined visual-family rule
CB1282,spiking,ASSUMPTION,5,spiking,0,BUILD_BRIEF.md 3.2 refined visual-family rule
CB1283,spiking,ASSUMPTION,4,spiking,0,BUILD_BRIEF.md 3.2 refined visual-family rule
CB1284,spiking,ASSUMPTION,4,spiking,0,BUILD_BRIEF.md 3.2 refined visual-family rule
CB1286,spiking,ASSUMPTION,3,spiking,0,BUILD_BRIEF.md 3.2 refined visual-family rule
CB1287,spiking,ASSUMPTION,2,spiking,0,BUILD_BRIEF.md 3.2 refined visual-family rule
CB1288,spiking,ASSUMPTION,2,spiking,0,BUILD_BRIEF.md 3.2 refined visual-family rule
CB1289,spiking,ASSUMPTION,5,spiking,0,BUILD_BRIEF.md 3.2 refined visual-family rule
CB1291,spiking,ASSUMPTION,6,spiking,0,BUILD_BRIEF.md 3.2 refined visual-family rule
CB1292,spiking,ASSUMPTION,6,spiking,0,BUILD_BRIEF.md 3.2 refined visual-family rule
CB1293,spiking,ASSUMPTION,4,spiking,0,BUILD_BRIEF.md 3.2 refined visual-family rule
CB1294,spiking,ASSUMPTION,6,spiking,0,BUILD_BRIEF.md 3.2 refined visual-family rule
CB1295,spiking,ASSUMPTION,8,spiking,0,BUILD_BRIEF.md 3.2 refined visual-family rule
CB1296,spiking,ASSUMPTION,7,spiking,0,BUILD_BRIEF.md 3.2 refined visual-family rule
CB1297,spiking,ASSUMPTION,2,spiking,0,BUILD_BRIEF.md 3.2 refined visual-family rule
CB1298,spiking,ASSUMPTION,7,spiking,0,BUILD_BRIEF.md 3.2 refined visual-family rule
CB1299,spiking,ASSUMPTION,2,spiking,0,BUILD_BRIEF.md 3.2 refined visual-family rule
CB1300,spiking,ASSUMPTION,4,spiking,0,BUILD_BRIEF.md 3.2 refined visual-family rule
CB1301,spiking,ASSUMPTION,3,spiking,0,BUILD_BRIEF.md 3.2 refined visual-family rule
CB1302,spiking,ASSUMPTION,3,spiking,0,BUILD_BRIEF.md 3.2 refined visual-family rule
CB1303,spiking,ASSUMPTION,2,spiking,0,BUILD_BRIEF.md 3.2 refined visual-family rule
CB1304,spiking,ASSUMPTION,4,spiking,0,BUILD_BRIEF.md 3.2 refined visual-family rule
CB1305,spiking,ASSUMPTION,8,spiking,0,BUILD_BRIEF.md 3.2 refined visual-family rule
CB1306,spiking,ASSUMPTION,4,spiking,0,BUILD_BRIEF.md 3.2 refined visual-family rule
CB1307,spiking,ASSUMPTION,8,spiking,0,BUILD_BRIEF.md 3.2 refined visual-family rule
CB1308,spiking,ASSUMPTION,2,spiking,0,BUILD_BRIEF.md 3.2 refined visual-family rule
CB1309,spiking,ASSUMPTION,3,spiking,0,BUILD_BRIEF.md 3.2 refined visual-family rule
CB1310,spiking,ASSUMPTION,2,spiking,0,BUILD_BRIEF.md 3.2 refined visual-family rule
CB1311,spiking,ASSUMPTION,6,spiking,0,BUILD_BRIEF.md 3.2 refined visual-family rule
CB1312,spiking,ASSUMPTION,2,spiking,0,BUILD_BRIEF.md 3.2 refined visual-family rule
CB1314,spiking,ASSUMPTION,4,spiking,0,BUILD_BRIEF.md 3.2 refined visual-family rule
CB1315,spiking,ASSUMPTION,4,spiking,0,BUILD_BRIEF.md 3.2 refined visual-family rule
CB1316,spiking,ASSUMPTION,4,spiking,0,BUILD_BRIEF.md 3.2 refined visual-family rule
CB1317,spiking,ASSUMPTION,2,spiking,0,BUILD_BRIEF.md 3.2 refined visual-family rule
CB1318,spiking,ASSUMPTION,7,spiking,0,BUILD_BRIEF.md 3.2 refined visual-family rule
CB1319,spiking,ASSUMPTION,2,spiking,0,BUILD_BRIEF.md 3.2 refined visual-family rule
CB1320,spiking,ASSUMPTION,2,spiking,0,BUILD_BRIEF.md 3.2 refined visual-family rule
CB1321,spiking,ASSUMPTION,5,spiking,0,BUILD_BRIEF.md 3.2 refined visual-family rule
CB1322,spiking,ASSUMPTION,8,spiking,0,BUILD_BRIEF.md 3.2 refined visual-family rule
CB1323,spiking,ASSUMPTION,2,spiking,0,BUILD_BRIEF.md 3.2 refined visual-family rule
CB1325,spiking,ASSUMPTION,2,spiking,0,BUILD_BRIEF.md 3.2 refined visual-family rule
CB1326,spiking,ASSUMPTION,2,spiking,0,BUILD_BRIEF.md 3.2 refined visual-family rule
CB1327,spiking,ASSUMPTION,5,spiking,0,BUILD_BRIEF.md 3.2 refined visual-family rule
CB1328,spiking,ASSUMPTION,4,spiking,0,BUILD_BRIEF.md 3.2 refined visual-family rule
CB1329,spiking,ASSUMPTION,9,spiking,0,BUILD_BRIEF.md 3.2 refined visual-family rule
CB1330,spiking,ASSUMPTION,6,spiking,0,BUILD_BRIEF.md 3.2 refined visual-family rule
CB1331a,spiking,ASSUMPTION,2,spiking,0,BUILD_BRIEF.md 3.2 refined visual-family rule
CB1331b,spiking,ASSUMPTION,2,spiking,0,BUILD_BRIEF.md 3.2 refined visual-family rule
CB1332,spiking,ASSUMPTION,5,spiking,0,BUILD_BRIEF.md 3.2 refined visual-family rule
CB1333,spiking,ASSUMPTION,7,spiking,0,BUILD_BRIEF.md 3.2 refined visual-family rule
CB1334,spiking,ASSUMPTION,3,spiking,0,BUILD_BRIEF.md 3.2 refined visual-family rule
CB1335,spiking,ASSUMPTION,6,spiking,0,BUILD_BRIEF.md 3.2 refined visual-family rule
CB1337,spiking,ASSUMPTION,5,spiking,0,BUILD_BRIEF.md 3.2 refined visual-family rule
CB1338,spiking,ASSUMPTION,4,spiking,0,BUILD_BRIEF.md 3.2 refined visual-family rule
CB1339,spiking,ASSUMPTION,8,spiking,0,BUILD_BRIEF.md 3.2 refined visual-family rule
CB1340,spiking,ASSUMPTION,7,spiking,0,BUILD_BRIEF.md 3.2 refined visual-family rule
CB1341,spiking,ASSUMPTION,9,spiking,0,BUILD_BRIEF.md 3.2 refined visual-family rule
CB1342,spiking,ASSUMPTION,8,spiking,0,BUILD_BRIEF.md 3.2 refined visual-family rule
CB1344,spiking,ASSUMPTION,3,spiking,0,BUILD_BRIEF.md 3.2 refined visual-family rule
CB1345,spiking,ASSUMPTION,7,spiking,0,BUILD_BRIEF.md 3.2 refined visual-family rule
CB1346,spiking,ASSUMPTION,2,spiking,0,BUILD_BRIEF.md 3.2 refined visual-family rule
CB1348,spiking,ASSUMPTION,4,spiking,0,BUILD_BRIEF.md 3.2 refined visual-family rule
CB1350,spiking,ASSUMPTION,4,spiking,0,BUILD_BRIEF.md 3.2 refined visual-family rule
CB1352,spiking,ASSUMPTION,6,spiking,0,BUILD_BRIEF.md 3.2 refined visual-family rule
CB1353,spiking,ASSUMPTION,4,spiking,0,BUILD_BRIEF.md 3.2 refined visual-family rule
CB1354,spiking,ASSUMPTION,2,spiking,0,BUILD_BRIEF.md 3.2 refined visual-family rule
CB1355,spiking,ASSUMPTION,5,spiking,0,BUILD_BRIEF.md 3.2 refined visual-family rule
CB1356,spiking,ASSUMPTION,3,spiking,0,BUILD_BRIEF.md 3.2 refined visual-family rule
CB1357,spiking,ASSUMPTION,12,spiking,0,BUILD_BRIEF.md 3.2 refined visual-family rule
CB1359,spiking,ASSUMPTION,14,spiking,0,BUILD_BRIEF.md 3.2 refined visual-family rule
CB1360,spiking,ASSUMPTION,3,spiking,0,BUILD_BRIEF.md 3.2 refined visual-family rule
CB1361,spiking,ASSUMPTION,4,spiking,0,BUILD_BRIEF.md 3.2 refined visual-family rule
CB1363,spiking,ASSUMPTION,8,spiking,0,BUILD_BRIEF.md 3.2 refined visual-family rule
CB1365,spiking,ASSUMPTION,4,spiking,0,BUILD_BRIEF.md 3.2 refined visual-family rule
CB1366,spiking,ASSUMPTION,2,spiking,0,BUILD_BRIEF.md 3.2 refined visual-family rule
CB1368,spiking,ASSUMPTION,4,spiking,0,BUILD_BRIEF.md 3.2 refined visual-family rule
CB1369,spiking,ASSUMPTION,8,spiking,0,BUILD_BRIEF.md 3.2 refined visual-family rule
CB1370,spiking,ASSUMPTION,4,spiking,0,BUILD_BRIEF.md 3.2 refined visual-family rule
CB1371,spiking,ASSUMPTION,8,spiking,0,BUILD_BRIEF.md 3.2 refined visual-family rule
CB1372,spiking,ASSUMPTION,10,spiking,0,BUILD_BRIEF.md 3.2 refined visual-family rule
CB1374,spiking,ASSUMPTION,4,spiking,0,BUILD_BRIEF.md 3.2 refined visual-family rule
CB1375,spiking,ASSUMPTION,4,spiking,0,BUILD_BRIEF.md 3.2 refined visual-family rule
CB1376,spiking,ASSUMPTION,4,spiking,0,BUILD_BRIEF.md 3.2 refined visual-family rule
CB1377,spiking,ASSUMPTION,2,spiking,0,BUILD_BRIEF.md 3.2 refined visual-family rule
CB1378,spiking,ASSUMPTION,2,spiking,0,BUILD_BRIEF.md 3.2 refined visual-family rule
CB1379,spiking,ASSUMPTION,7,spiking,0,BUILD_BRIEF.md 3.2 refined visual-family rule
CB1380,spiking,ASSUMPTION,8,spiking,0,BUILD_BRIEF.md 3.2 refined visual-family rule
CB1381,spiking,ASSUMPTION,3,spiking,0,BUILD_BRIEF.md 3.2 refined visual-family rule
CB1382,spiking,ASSUMPTION,7,spiking,0,BUILD_BRIEF.md 3.2 refined visual-family rule
CB1383,spiking,ASSUMPTION,6,spiking,0,BUILD_BRIEF.md 3.2 refined visual-family rule
CB1384,spiking,ASSUMPTION,6,spiking,0,BUILD_BRIEF.md 3.2 refined visual-family rule
CB1385,spiking,ASSUMPTION,6,spiking,0,BUILD_BRIEF.md 3.2 refined visual-family rule
CB1387,spiking,ASSUMPTION,7,spiking,0,BUILD_BRIEF.md 3.2 refined visual-family rule
CB1389,spiking,ASSUMPTION,5,spiking,0,BUILD_BRIEF.md 3.2 refined visual-family rule
CB1390,spiking,ASSUMPTION,2,spiking,0,BUILD_BRIEF.md 3.2 refined visual-family rule
CB1391,spiking,ASSUMPTION,5,spiking,0,BUILD_BRIEF.md 3.2 refined visual-family rule
CB1392,spiking,ASSUMPTION,4,spiking,0,BUILD_BRIEF.md 3.2 refined visual-family rule
CB1393,spiking,ASSUMPTION,5,spiking,0,BUILD_BRIEF.md 3.2 refined visual-family rule
CB1394_a,spiking,ASSUMPTION,2,spiking,0,BUILD_BRIEF.md 3.2 refined visual-family rule
CB1394_b,spiking,ASSUMPTION,6,spiking,0,BUILD_BRIEF.md 3.2 refined visual-family rule
CB1394_c,spiking,ASSUMPTION,2,spiking,0,BUILD_BRIEF.md 3.2 refined visual-family rule
CB1394_d,spiking,ASSUMPTION,8,spiking,0,BUILD_BRIEF.md 3.2 refined visual-family rule
CB1395,spiking,ASSUMPTION,9,spiking,0,BUILD_BRIEF.md 3.2 refined visual-family rule
CB1396,spiking,ASSUMPTION,4,spiking,0,BUILD_BRIEF.md 3.2 refined visual-family rule
CB1397,spiking,ASSUMPTION,8,spiking,0,BUILD_BRIEF.md 3.2 refined visual-family rule
CB1399,spiking,ASSUMPTION,6,spiking,0,BUILD_BRIEF.md 3.2 refined visual-family rule
CB1400,spiking,ASSUMPTION,2,spiking,0,BUILD_BRIEF.md 3.2 refined visual-family rule
CB1401,spiking,ASSUMPTION,9,spiking,0,BUILD_BRIEF.md 3.2 refined visual-family rule
CB1402,spiking,ASSUMPTION,3,spiking,0,BUILD_BRIEF.md 3.2 refined visual-family rule
CB1403,spiking,ASSUMPTION,3,spiking,0,BUILD_BRIEF.md 3.2 refined visual-family rule
CB1405,spiking,ASSUMPTION,2,spiking,0,BUILD_BRIEF.md 3.2 refined visual-family rule
CB1406,spiking,ASSUMPTION,9,spiking,0,BUILD_BRIEF.md 3.2 refined visual-family rule
CB1407,spiking,ASSUMPTION,5,spiking,0,BUILD_BRIEF.md 3.2 refined visual-family rule
CB1408,spiking,ASSUMPTION,2,spiking,0,BUILD_BRIEF.md 3.2 refined visual-family rule
CB1410,spiking,ASSUMPTION,3,spiking,0,BUILD_BRIEF.md 3.2 refined visual-family rule
CB1412,spiking,ASSUMPTION,4,spiking,0,BUILD_BRIEF.md 3.2 refined visual-family rule
CB1413,spiking,ASSUMPTION,3,spiking,0,BUILD_BRIEF.md 3.2 refined visual-family rule
CB1414,spiking,ASSUMPTION,4,spiking,0,BUILD_BRIEF.md 3.2 refined visual-family rule
CB1416,spiking,ASSUMPTION,2,spiking,0,BUILD_BRIEF.md 3.2 refined visual-family rule
CB1417,spiking,ASSUMPTION,4,spiking,0,BUILD_BRIEF.md 3.2 refined visual-family rule
CB1418,spiking,ASSUMPTION,4,spiking,0,BUILD_BRIEF.md 3.2 refined visual-family rule
CB1419,spiking,ASSUMPTION,6,spiking,0,BUILD_BRIEF.md 3.2 refined visual-family rule
CB1420,spiking,ASSUMPTION,7,spiking,0,BUILD_BRIEF.md 3.2 refined visual-family rule
CB1421,spiking,ASSUMPTION,2,spiking,0,BUILD_BRIEF.md 3.2 refined visual-family rule
CB1422,spiking,ASSUMPTION,6,spiking,0,BUILD_BRIEF.md 3.2 refined visual-family rule
CB1423,spiking,ASSUMPTION,12,spiking,0,BUILD_BRIEF.md 3.2 refined visual-family rule
CB1424,spiking,ASSUMPTION,4,spiking,0,BUILD_BRIEF.md 3.2 refined visual-family rule
CB1425,spiking,ASSUMPTION,3,spiking,0,BUILD_BRIEF.md 3.2 refined visual-family rule
CB1426,spiking,ASSUMPTION,2,spiking,0,BUILD_BRIEF.md 3.2 refined visual-family rule
CB1427,spiking,ASSUMPTION,8,spiking,0,BUILD_BRIEF.md 3.2 refined visual-family rule
CB1428,spiking,ASSUMPTION,3,spiking,0,BUILD_BRIEF.md 3.2 refined visual-family rule
CB1429,spiking,ASSUMPTION,4,spiking,0,BUILD_BRIEF.md 3.2 refined visual-family rule
CB1430,spiking,ASSUMPTION,4,spiking,0,BUILD_BRIEF.md 3.2 refined visual-family rule
CB1431,spiking,ASSUMPTION,4,spiking,0,BUILD_BRIEF.md 3.2 refined visual-family rule
CB1432,spiking,ASSUMPTION,4,spiking,0,BUILD_BRIEF.md 3.2 refined visual-family rule
CB1433,spiking,ASSUMPTION,2,spiking,0,BUILD_BRIEF.md 3.2 refined visual-family rule
CB1434,spiking,ASSUMPTION,7,spiking,0,BUILD_BRIEF.md 3.2 refined visual-family rule
CB1435,spiking,ASSUMPTION,5,spiking,0,BUILD_BRIEF.md 3.2 refined visual-family rule
CB1437,spiking,ASSUMPTION,6,spiking,0,BUILD_BRIEF.md 3.2 refined visual-family rule
CB1438,spiking,ASSUMPTION,3,spiking,0,BUILD_BRIEF.md 3.2 refined visual-family rule
CB1439,spiking,ASSUMPTION,8,spiking,0,BUILD_BRIEF.md 3.2 refined visual-family rule
CB1440,spiking,ASSUMPTION,6,spiking,0,BUILD_BRIEF.md 3.2 refined visual-family rule
CB1441,spiking,ASSUMPTION,2,spiking,0,BUILD_BRIEF.md 3.2 refined visual-family rule
CB1442,spiking,ASSUMPTION,3,spiking,0,BUILD_BRIEF.md 3.2 refined visual-family rule
CB1443,spiking,ASSUMPTION,6,spiking,0,BUILD_BRIEF.md 3.2 refined visual-family rule
CB1444,spiking,ASSUMPTION,4,spiking,0,BUILD_BRIEF.md 3.2 refined visual-family rule
CB1445,spiking,ASSUMPTION,4,spiking,0,BUILD_BRIEF.md 3.2 refined visual-family rule
CB1446,spiking,ASSUMPTION,4,spiking,0,BUILD_BRIEF.md 3.2 refined visual-family rule
CB1447,spiking,ASSUMPTION,6,spiking,0,BUILD_BRIEF.md 3.2 refined visual-family rule
CB1448,spiking,ASSUMPTION,4,spiking,0,BUILD_BRIEF.md 3.2 refined visual-family rule
CB1449,spiking,ASSUMPTION,2,spiking,0,BUILD_BRIEF.md 3.2 refined visual-family rule
CB1450,spiking,ASSUMPTION,6,spiking,0,BUILD_BRIEF.md 3.2 refined visual-family rule
CB1451,spiking,ASSUMPTION,6,spiking,0,BUILD_BRIEF.md 3.2 refined visual-family rule
CB1452,spiking,ASSUMPTION,4,spiking,0,BUILD_BRIEF.md 3.2 refined visual-family rule
CB1454,spiking,ASSUMPTION,9,spiking,0,BUILD_BRIEF.md 3.2 refined visual-family rule
CB1455,spiking,ASSUMPTION,3,spiking,0,BUILD_BRIEF.md 3.2 refined visual-family rule
CB1456,spiking,ASSUMPTION,11,spiking,0,BUILD_BRIEF.md 3.2 refined visual-family rule
CB1457,spiking,ASSUMPTION,10,spiking,0,BUILD_BRIEF.md 3.2 refined visual-family rule
CB1458,spiking,ASSUMPTION,5,spiking,0,BUILD_BRIEF.md 3.2 refined visual-family rule
CB1459,spiking,ASSUMPTION,7,spiking,0,BUILD_BRIEF.md 3.2 refined visual-family rule
CB1460,spiking,ASSUMPTION,4,spiking,0,BUILD_BRIEF.md 3.2 refined visual-family rule
CB1461,spiking,ASSUMPTION,2,spiking,0,BUILD_BRIEF.md 3.2 refined visual-family rule
CB1462,spiking,ASSUMPTION,4,spiking,0,BUILD_BRIEF.md 3.2 refined visual-family rule
CB1463,spiking,ASSUMPTION,4,spiking,0,BUILD_BRIEF.md 3.2 refined visual-family rule
CB1464,spiking,ASSUMPTION,7,spiking,0,BUILD_BRIEF.md 3.2 refined visual-family rule
CB1466,spiking,ASSUMPTION,8,spiking,0,BUILD_BRIEF.md 3.2 refined visual-family rule
CB1467,spiking,ASSUMPTION,4,spiking,0,BUILD_BRIEF.md 3.2 refined visual-family rule
CB1468,spiking,ASSUMPTION,2,spiking,0,BUILD_BRIEF.md 3.2 refined visual-family rule
CB1469,spiking,ASSUMPTION,18,spiking,0,BUILD_BRIEF.md 3.2 refined visual-family rule
CB1470,spiking,ASSUMPTION,3,spiking,0,BUILD_BRIEF.md 3.2 refined visual-family rule
CB1471,spiking,ASSUMPTION,5,spiking,0,BUILD_BRIEF.md 3.2 refined visual-family rule
CB1472,spiking,ASSUMPTION,2,spiking,0,BUILD_BRIEF.md 3.2 refined visual-family rule
CB1473,spiking,ASSUMPTION,5,spiking,0,BUILD_BRIEF.md 3.2 refined visual-family rule
CB1474,spiking,ASSUMPTION,4,spiking,0,BUILD_BRIEF.md 3.2 refined visual-family rule
CB1475,spiking,ASSUMPTION,4,spiking,0,BUILD_BRIEF.md 3.2 refined visual-family rule
CB1476,spiking,ASSUMPTION,6,spiking,0,BUILD_BRIEF.md 3.2 refined visual-family rule
CB1477,spiking,ASSUMPTION,4,spiking,0,BUILD_BRIEF.md 3.2 refined visual-family rule
CB1478,spiking,ASSUMPTION,4,spiking,0,BUILD_BRIEF.md 3.2 refined visual-family rule
CB1479,spiking,ASSUMPTION,20,spiking,0,BUILD_BRIEF.md 3.2 refined visual-family rule
CB1481,spiking,ASSUMPTION,2,spiking,0,BUILD_BRIEF.md 3.2 refined visual-family rule
CB1482,spiking,ASSUMPTION,11,spiking,0,BUILD_BRIEF.md 3.2 refined visual-family rule
CB1483,spiking,ASSUMPTION,2,spiking,0,BUILD_BRIEF.md 3.2 refined visual-family rule
CB1484,spiking,ASSUMPTION,6,spiking,0,BUILD_BRIEF.md 3.2 refined visual-family rule
CB1485,spiking,ASSUMPTION,2,spiking,0,BUILD_BRIEF.md 3.2 refined visual-family rule
CB1487,spiking,ASSUMPTION,5,spiking,0,BUILD_BRIEF.md 3.2 refined visual-family rule
CB1488,spiking,ASSUMPTION,8,spiking,0,BUILD_BRIEF.md 3.2 refined visual-family rule
CB1489,spiking,ASSUMPTION,4,spiking,0,BUILD_BRIEF.md 3.2 refined visual-family rule
CB1490,spiking,ASSUMPTION,5,spiking,0,BUILD_BRIEF.md 3.2 refined visual-family rule
CB1491,spiking,ASSUMPTION,3,spiking,0,BUILD_BRIEF.md 3.2 refined visual-family rule
CB1492,spiking,ASSUMPTION,3,spiking,0,BUILD_BRIEF.md 3.2 refined visual-family rule
CB1493,spiking,ASSUMPTION,3,spiking,0,BUILD_BRIEF.md 3.2 refined visual-family rule
CB1494,spiking,ASSUMPTION,2,spiking,0,BUILD_BRIEF.md 3.2 refined visual-family rule
CB1495,spiking,ASSUMPTION,4,spiking,0,BUILD_BRIEF.md 3.2 refined visual-family rule
CB1496,spiking,ASSUMPTION,5,spiking,0,BUILD_BRIEF.md 3.2 refined visual-family rule
CB1497,spiking,ASSUMPTION,2,spiking,0,BUILD_BRIEF.md 3.2 refined visual-family rule
CB1498,spiking,ASSUMPTION,6,spiking,0,BUILD_BRIEF.md 3.2 refined visual-family rule
CB1499,spiking,ASSUMPTION,2,spiking,0,BUILD_BRIEF.md 3.2 refined visual-family rule
CB1500,spiking,ASSUMPTION,4,spiking,0,BUILD_BRIEF.md 3.2 refined visual-family rule
CB1501,spiking,ASSUMPTION,6,spiking,0,BUILD_BRIEF.md 3.2 refined visual-family rule
CB1502,spiking,ASSUMPTION,7,spiking,0,BUILD_BRIEF.md 3.2 refined visual-family rule
CB1503,spiking,ASSUMPTION,4,spiking,0,BUILD_BRIEF.md 3.2 refined visual-family rule
CB1504,spiking,ASSUMPTION,2,spiking,0,BUILD_BRIEF.md 3.2 refined visual-family rule
CB1505,spiking,ASSUMPTION,3,spiking,0,BUILD_BRIEF.md 3.2 refined visual-family rule
CB1506,spiking,ASSUMPTION,5,spiking,0,BUILD_BRIEF.md 3.2 refined visual-family rule
CB1507,spiking,ASSUMPTION,2,spiking,0,BUILD_BRIEF.md 3.2 refined visual-family rule
CB1508,spiking,ASSUMPTION,7,spiking,0,BUILD_BRIEF.md 3.2 refined visual-family rule
CB1509,spiking,ASSUMPTION,2,spiking,0,BUILD_BRIEF.md 3.2 refined visual-family rule
CB1510,spiking,ASSUMPTION,4,spiking,0,BUILD_BRIEF.md 3.2 refined visual-family rule
CB1511,spiking,ASSUMPTION,7,spiking,0,BUILD_BRIEF.md 3.2 refined visual-family rule
CB1512,spiking,ASSUMPTION,4,spiking,0,BUILD_BRIEF.md 3.2 refined visual-family rule
CB1513,spiking,ASSUMPTION,7,spiking,0,BUILD_BRIEF.md 3.2 refined visual-family rule
CB1514,spiking,ASSUMPTION,3,spiking,0,BUILD_BRIEF.md 3.2 refined visual-family rule
CB1515,spiking,ASSUMPTION,7,spiking,0,BUILD_BRIEF.md 3.2 refined visual-family rule
CB1516,spiking,ASSUMPTION,4,spiking,0,BUILD_BRIEF.md 3.2 refined visual-family rule
CB1517,spiking,ASSUMPTION,5,spiking,0,BUILD_BRIEF.md 3.2 refined visual-family rule
CB1518,spiking,ASSUMPTION,2,spiking,0,BUILD_BRIEF.md 3.2 refined visual-family rule
CB1519,spiking,ASSUMPTION,4,spiking,0,BUILD_BRIEF.md 3.2 refined visual-family rule
CB1520,spiking,ASSUMPTION,2,spiking,0,BUILD_BRIEF.md 3.2 refined visual-family rule
CB1522,spiking,ASSUMPTION,3,spiking,0,BUILD_BRIEF.md 3.2 refined visual-family rule
CB1523,spiking,ASSUMPTION,7,spiking,0,BUILD_BRIEF.md 3.2 refined visual-family rule
CB1524,spiking,ASSUMPTION,4,spiking,0,BUILD_BRIEF.md 3.2 refined visual-family rule
CB1527,spiking,ASSUMPTION,3,spiking,0,BUILD_BRIEF.md 3.2 refined visual-family rule
CB1529,spiking,ASSUMPTION,4,spiking,0,BUILD_BRIEF.md 3.2 refined visual-family rule
CB1531,spiking,ASSUMPTION,2,spiking,0,BUILD_BRIEF.md 3.2 refined visual-family rule
CB1532,spiking,ASSUMPTION,4,spiking,0,BUILD_BRIEF.md 3.2 refined visual-family rule
CB1533,spiking,ASSUMPTION,2,spiking,0,BUILD_BRIEF.md 3.2 refined visual-family rule
CB1534,spiking,ASSUMPTION,3,spiking,0,BUILD_BRIEF.md 3.2 refined visual-family rule
CB1537,spiking,ASSUMPTION,8,spiking,0,BUILD_BRIEF.md 3.2 refined visual-family rule
CB1538,spiking,ASSUMPTION,6,spiking,0,BUILD_BRIEF.md 3.2 refined visual-family rule
CB1539,spiking,ASSUMPTION,4,spiking,0,BUILD_BRIEF.md 3.2 refined visual-family rule
CB1541,spiking,ASSUMPTION,3,spiking,0,BUILD_BRIEF.md 3.2 refined visual-family rule
CB1542,spiking,ASSUMPTION,11,spiking,0,BUILD_BRIEF.md 3.2 refined visual-family rule
CB1543,spiking,ASSUMPTION,6,spiking,0,BUILD_BRIEF.md 3.2 refined visual-family rule
CB1544,spiking,ASSUMPTION,7,spiking,0,BUILD_BRIEF.md 3.2 refined visual-family rule
CB1545,spiking,ASSUMPTION,6,spiking,0,BUILD_BRIEF.md 3.2 refined visual-family rule
CB1546,spiking,ASSUMPTION,7,spiking,0,BUILD_BRIEF.md 3.2 refined visual-family rule
CB1547,spiking,ASSUMPTION,4,spiking,0,BUILD_BRIEF.md 3.2 refined visual-family rule
CB1548,spiking,ASSUMPTION,5,spiking,0,BUILD_BRIEF.md 3.2 refined visual-family rule
CB1549,spiking,ASSUMPTION,4,spiking,0,BUILD_BRIEF.md 3.2 refined visual-family rule
CB1550,spiking,ASSUMPTION,3,spiking,0,BUILD_BRIEF.md 3.2 refined visual-family rule
CB1551,spiking,ASSUMPTION,2,spiking,0,BUILD_BRIEF.md 3.2 refined visual-family rule
CB1552,spiking,ASSUMPTION,9,spiking,0,BUILD_BRIEF.md 3.2 refined visual-family rule
CB1553,spiking,ASSUMPTION,2,spiking,0,BUILD_BRIEF.md 3.2 refined visual-family rule
CB1554,spiking,ASSUMPTION,4,spiking,0,BUILD_BRIEF.md 3.2 refined visual-family rule
CB1556,spiking,ASSUMPTION,18,spiking,0,BUILD_BRIEF.md 3.2 refined visual-family rule
CB1557,spiking,ASSUMPTION,4,spiking,0,BUILD_BRIEF.md 3.2 refined visual-family rule
CB1558,spiking,ASSUMPTION,5,spiking,0,BUILD_BRIEF.md 3.2 refined visual-family rule
CB1559,spiking,ASSUMPTION,4,spiking,0,BUILD_BRIEF.md 3.2 refined visual-family rule
CB1560,spiking,ASSUMPTION,2,spiking,0,BUILD_BRIEF.md 3.2 refined visual-family rule
CB1562,spiking,ASSUMPTION,2,spiking,0,BUILD_BRIEF.md 3.2 refined visual-family rule
CB1563,spiking,ASSUMPTION,7,spiking,0,BUILD_BRIEF.md 3.2 refined visual-family rule
CB1564,spiking,ASSUMPTION,4,spiking,0,BUILD_BRIEF.md 3.2 refined visual-family rule
CB1565,spiking,ASSUMPTION,5,spiking,0,BUILD_BRIEF.md 3.2 refined visual-family rule
CB1566,spiking,ASSUMPTION,2,spiking,0,BUILD_BRIEF.md 3.2 refined visual-family rule
CB1567,spiking,ASSUMPTION,5,spiking,0,BUILD_BRIEF.md 3.2 refined visual-family rule
CB1568,spiking,ASSUMPTION,3,spiking,0,BUILD_BRIEF.md 3.2 refined visual-family rule
CB1569,spiking,ASSUMPTION,3,spiking,0,BUILD_BRIEF.md 3.2 refined visual-family rule
CB1570,spiking,ASSUMPTION,9,spiking,0,BUILD_BRIEF.md 3.2 refined visual-family rule
CB1573,spiking,ASSUMPTION,3,spiking,0,BUILD_BRIEF.md 3.2 refined visual-family rule
CB1574,spiking,ASSUMPTION,6,spiking,0,BUILD_BRIEF.md 3.2 refined visual-family rule
CB1575,spiking,ASSUMPTION,9,spiking,0,BUILD_BRIEF.md 3.2 refined visual-family rule
CB1576,spiking,ASSUMPTION,4,spiking,0,BUILD_BRIEF.md 3.2 refined visual-family rule
CB1577,spiking,ASSUMPTION,5,spiking,0,BUILD_BRIEF.md 3.2 refined visual-family rule
CB1578,spiking,ASSUMPTION,5,spiking,0,BUILD_BRIEF.md 3.2 refined visual-family rule
CB1579,spiking,ASSUMPTION,3,spiking,0,BUILD_BRIEF.md 3.2 refined visual-family rule
CB1580,spiking,ASSUMPTION,5,spiking,0,BUILD_BRIEF.md 3.2 refined visual-family rule
CB1582,spiking,ASSUMPTION,4,spiking,0,BUILD_BRIEF.md 3.2 refined visual-family rule
CB1583,spiking,ASSUMPTION,9,spiking,0,BUILD_BRIEF.md 3.2 refined visual-family rule
CB1584,spiking,ASSUMPTION,4,spiking,0,BUILD_BRIEF.md 3.2 refined visual-family rule
CB1585,spiking,ASSUMPTION,11,spiking,0,BUILD_BRIEF.md 3.2 refined visual-family rule
CB1586,spiking,ASSUMPTION,8,spiking,0,BUILD_BRIEF.md 3.2 refined visual-family rule
CB1587,spiking,ASSUMPTION,7,spiking,0,BUILD_BRIEF.md 3.2 refined visual-family rule
CB1588,spiking,ASSUMPTION,2,spiking,0,BUILD_BRIEF.md 3.2 refined visual-family rule
CB1589,spiking,ASSUMPTION,6,spiking,0,BUILD_BRIEF.md 3.2 refined visual-family rule
CB1590,spiking,ASSUMPTION,5,spiking,0,BUILD_BRIEF.md 3.2 refined visual-family rule
CB1591,spiking,ASSUMPTION,8,spiking,0,BUILD_BRIEF.md 3.2 refined visual-family rule
CB1593,spiking,ASSUMPTION,6,spiking,0,BUILD_BRIEF.md 3.2 refined visual-family rule
CB1594,spiking,ASSUMPTION,2,spiking,0,BUILD_BRIEF.md 3.2 refined visual-family rule
CB1595,spiking,ASSUMPTION,8,spiking,0,BUILD_BRIEF.md 3.2 refined visual-family rule
CB1596,spiking,ASSUMPTION,3,spiking,0,BUILD_BRIEF.md 3.2 refined visual-family rule
CB1597,spiking,ASSUMPTION,10,spiking,0,BUILD_BRIEF.md 3.2 refined visual-family rule
CB1599,spiking,ASSUMPTION,2,spiking,0,BUILD_BRIEF.md 3.2 refined visual-family rule
CB1601,spiking,ASSUMPTION,6,spiking,0,BUILD_BRIEF.md 3.2 refined visual-family rule
CB1603,spiking,ASSUMPTION,2,spiking,0,BUILD_BRIEF.md 3.2 refined visual-family rule
CB1604,spiking,ASSUMPTION,6,spiking,0,BUILD_BRIEF.md 3.2 refined visual-family rule
CB1605,spiking,ASSUMPTION,6,spiking,0,BUILD_BRIEF.md 3.2 refined visual-family rule
CB1607,spiking,ASSUMPTION,2,spiking,0,BUILD_BRIEF.md 3.2 refined visual-family rule
CB1608,spiking,ASSUMPTION,8,spiking,0,BUILD_BRIEF.md 3.2 refined visual-family rule
CB1609,spiking,ASSUMPTION,3,spiking,0,BUILD_BRIEF.md 3.2 refined visual-family rule
CB1610,spiking,ASSUMPTION,8,spiking,0,BUILD_BRIEF.md 3.2 refined visual-family rule
CB1613,spiking,ASSUMPTION,4,spiking,0,BUILD_BRIEF.md 3.2 refined visual-family rule
CB1614,spiking,ASSUMPTION,2,spiking,0,BUILD_BRIEF.md 3.2 refined visual-family rule
CB1616,spiking,ASSUMPTION,2,spiking,0,BUILD_BRIEF.md 3.2 refined visual-family rule
CB1617,spiking,ASSUMPTION,16,spiking,0,BUILD_BRIEF.md 3.2 refined visual-family rule
CB1618,spiking,ASSUMPTION,4,spiking,0,BUILD_BRIEF.md 3.2 refined visual-family rule
CB1619,spiking,ASSUMPTION,4,spiking,0,BUILD_BRIEF.md 3.2 refined visual-family rule
CB1620,spiking,ASSUMPTION,4,spiking,0,BUILD_BRIEF.md 3.2 refined visual-family rule
CB1621,spiking,ASSUMPTION,2,spiking,0,BUILD_BRIEF.md 3.2 refined visual-family rule
CB1622,spiking,ASSUMPTION,4,spiking,0,BUILD_BRIEF.md 3.2 refined visual-family rule
CB1624,spiking,ASSUMPTION,10,spiking,0,BUILD_BRIEF.md 3.2 refined visual-family rule
CB1625,spiking,ASSUMPTION,2,spiking,0,BUILD_BRIEF.md 3.2 refined visual-family rule
CB1626,spiking,ASSUMPTION,4,spiking,0,BUILD_BRIEF.md 3.2 refined visual-family rule
CB1627,spiking,ASSUMPTION,3,spiking,0,BUILD_BRIEF.md 3.2 refined visual-family rule
CB1628,spiking,ASSUMPTION,4,spiking,0,BUILD_BRIEF.md 3.2 refined visual-family rule
CB1629,spiking,ASSUMPTION,7,spiking,0,BUILD_BRIEF.md 3.2 refined visual-family rule
CB1630,spiking,ASSUMPTION,3,spiking,0,BUILD_BRIEF.md 3.2 refined visual-family rule
CB1632,spiking,ASSUMPTION,2,spiking,0,BUILD_BRIEF.md 3.2 refined visual-family rule
CB1635,spiking,ASSUMPTION,5,spiking,0,BUILD_BRIEF.md 3.2 refined visual-family rule
CB1636,spiking,ASSUMPTION,2,spiking,0,BUILD_BRIEF.md 3.2 refined visual-family rule
CB1637,spiking,ASSUMPTION,4,spiking,0,BUILD_BRIEF.md 3.2 refined visual-family rule
CB1638,spiking,ASSUMPTION,9,spiking,0,BUILD_BRIEF.md 3.2 refined visual-family rule
CB1640,spiking,ASSUMPTION,10,spiking,0,BUILD_BRIEF.md 3.2 refined visual-family rule
CB1641,spiking,ASSUMPTION,5,spiking,0,BUILD_BRIEF.md 3.2 refined visual-family rule
CB1642,spiking,ASSUMPTION,2,spiking,0,BUILD_BRIEF.md 3.2 refined visual-family rule
CB1643,spiking,ASSUMPTION,2,spiking,0,BUILD_BRIEF.md 3.2 refined visual-family rule
CB1644,spiking,ASSUMPTION,2,spiking,0,BUILD_BRIEF.md 3.2 refined visual-family rule
CB1646,spiking,ASSUMPTION,4,spiking,0,BUILD_BRIEF.md 3.2 refined visual-family rule
CB1647,spiking,ASSUMPTION,2,spiking,0,BUILD_BRIEF.md 3.2 refined visual-family rule
CB1648,spiking,ASSUMPTION,15,spiking,0,BUILD_BRIEF.md 3.2 refined visual-family rule
CB1649,spiking,ASSUMPTION,2,spiking,0,BUILD_BRIEF.md 3.2 refined visual-family rule
CB1650,spiking,ASSUMPTION,2,spiking,0,BUILD_BRIEF.md 3.2 refined visual-family rule
CB1652,spiking,ASSUMPTION,2,spiking,0,BUILD_BRIEF.md 3.2 refined visual-family rule
CB1653,spiking,ASSUMPTION,4,spiking,0,BUILD_BRIEF.md 3.2 refined visual-family rule
CB1654,spiking,ASSUMPTION,5,spiking,0,BUILD_BRIEF.md 3.2 refined visual-family rule
CB1655,spiking,ASSUMPTION,2,spiking,0,BUILD_BRIEF.md 3.2 refined visual-family rule
CB1656,spiking,ASSUMPTION,6,spiking,0,BUILD_BRIEF.md 3.2 refined visual-family rule
CB1657,spiking,ASSUMPTION,6,spiking,0,BUILD_BRIEF.md 3.2 refined visual-family rule
CB1658,spiking,ASSUMPTION,2,spiking,0,BUILD_BRIEF.md 3.2 refined visual-family rule
CB1659,spiking,ASSUMPTION,3,spiking,0,BUILD_BRIEF.md 3.2 refined visual-family rule
CB1660,spiking,ASSUMPTION,4,spiking,0,BUILD_BRIEF.md 3.2 refined visual-family rule
CB1661,spiking,ASSUMPTION,3,spiking,0,BUILD_BRIEF.md 3.2 refined visual-family rule
CB1662,spiking,ASSUMPTION,4,spiking,0,BUILD_BRIEF.md 3.2 refined visual-family rule
CB1663,spiking,ASSUMPTION,4,spiking,0,BUILD_BRIEF.md 3.2 refined visual-family rule
CB1664,spiking,ASSUMPTION,8,spiking,0,BUILD_BRIEF.md 3.2 refined visual-family rule
CB1665,spiking,ASSUMPTION,5,spiking,0,BUILD_BRIEF.md 3.2 refined visual-family rule
CB1666,spiking,ASSUMPTION,2,spiking,0,BUILD_BRIEF.md 3.2 refined visual-family rule
CB1667,spiking,ASSUMPTION,4,spiking,0,BUILD_BRIEF.md 3.2 refined visual-family rule
CB1668,spiking,ASSUMPTION,7,spiking,0,BUILD_BRIEF.md 3.2 refined visual-family rule
CB1670,spiking,ASSUMPTION,5,spiking,0,BUILD_BRIEF.md 3.2 refined visual-family rule
CB1671,spiking,ASSUMPTION,5,spiking,0,BUILD_BRIEF.md 3.2 refined visual-family rule
CB1672,spiking,ASSUMPTION,3,spiking,0,BUILD_BRIEF.md 3.2 refined visual-family rule
CB1673,spiking,ASSUMPTION,4,spiking,0,BUILD_BRIEF.md 3.2 refined visual-family rule
CB1675,spiking,ASSUMPTION,4,spiking,0,BUILD_BRIEF.md 3.2 refined visual-family rule
CB1676,spiking,ASSUMPTION,4,spiking,0,BUILD_BRIEF.md 3.2 refined visual-family rule
CB1678,spiking,ASSUMPTION,3,spiking,0,BUILD_BRIEF.md 3.2 refined visual-family rule
CB1679,spiking,ASSUMPTION,6,spiking,0,BUILD_BRIEF.md 3.2 refined visual-family rule
CB1680,spiking,ASSUMPTION,4,spiking,0,BUILD_BRIEF.md 3.2 refined visual-family rule
CB1681,spiking,ASSUMPTION,2,spiking,0,BUILD_BRIEF.md 3.2 refined visual-family rule
CB1682,spiking,ASSUMPTION,4,spiking,0,BUILD_BRIEF.md 3.2 refined visual-family rule
CB1683,spiking,ASSUMPTION,3,spiking,0,BUILD_BRIEF.md 3.2 refined visual-family rule
CB1684,spiking,ASSUMPTION,2,spiking,0,BUILD_BRIEF.md 3.2 refined visual-family rule
CB1685,spiking,ASSUMPTION,9,spiking,0,BUILD_BRIEF.md 3.2 refined visual-family rule
CB1686,spiking,ASSUMPTION,8,spiking,0,BUILD_BRIEF.md 3.2 refined visual-family rule
CB1687,spiking,ASSUMPTION,4,spiking,0,BUILD_BRIEF.md 3.2 refined visual-family rule
CB1688,spiking,ASSUMPTION,5,spiking,0,BUILD_BRIEF.md 3.2 refined visual-family rule
CB1691,spiking,ASSUMPTION,3,spiking,0,BUILD_BRIEF.md 3.2 refined visual-family rule
CB1692,spiking,ASSUMPTION,3,spiking,0,BUILD_BRIEF.md 3.2 refined visual-family rule
CB1693,spiking,ASSUMPTION,4,spiking,0,BUILD_BRIEF.md 3.2 refined visual-family rule
CB1695,spiking,ASSUMPTION,4,spiking,0,BUILD_BRIEF.md 3.2 refined visual-family rule
CB1696,spiking,ASSUMPTION,9,spiking,0,BUILD_BRIEF.md 3.2 refined visual-family rule
CB1697,spiking,ASSUMPTION,3,spiking,0,BUILD_BRIEF.md 3.2 refined visual-family rule
CB1698,spiking,ASSUMPTION,7,spiking,0,BUILD_BRIEF.md 3.2 refined visual-family rule
CB1699,spiking,ASSUMPTION,5,spiking,0,BUILD_BRIEF.md 3.2 refined visual-family rule
CB1700,spiking,ASSUMPTION,2,spiking,0,BUILD_BRIEF.md 3.2 refined visual-family rule
CB1701,spiking,ASSUMPTION,6,spiking,0,BUILD_BRIEF.md 3.2 refined visual-family rule
CB1702,spiking,ASSUMPTION,3,spiking,0,BUILD_BRIEF.md 3.2 refined visual-family rule
CB1703,spiking,ASSUMPTION,4,spiking,0,BUILD_BRIEF.md 3.2 refined visual-family rule
CB1704,spiking,ASSUMPTION,3,spiking,0,BUILD_BRIEF.md 3.2 refined visual-family rule
CB1705,spiking,ASSUMPTION,7,spiking,0,BUILD_BRIEF.md 3.2 refined visual-family rule
CB1706,spiking,ASSUMPTION,2,spiking,0,BUILD_BRIEF.md 3.2 refined visual-family rule
CB1708,spiking,ASSUMPTION,4,spiking,0,BUILD_BRIEF.md 3.2 refined visual-family rule
CB1709,spiking,ASSUMPTION,6,spiking,0,BUILD_BRIEF.md 3.2 refined visual-family rule
CB1712,spiking,ASSUMPTION,12,spiking,0,BUILD_BRIEF.md 3.2 refined visual-family rule
CB1713,spiking,ASSUMPTION,4,spiking,0,BUILD_BRIEF.md 3.2 refined visual-family rule
CB1714,spiking,ASSUMPTION,2,spiking,0,BUILD_BRIEF.md 3.2 refined visual-family rule
CB1716,spiking,ASSUMPTION,4,spiking,0,BUILD_BRIEF.md 3.2 refined visual-family rule
CB1717,spiking,ASSUMPTION,4,spiking,0,BUILD_BRIEF.md 3.2 refined visual-family rule
CB1718,spiking,ASSUMPTION,4,spiking,0,BUILD_BRIEF.md 3.2 refined visual-family rule
CB1720,spiking,ASSUMPTION,4,spiking,0,BUILD_BRIEF.md 3.2 refined visual-family rule
CB1721,spiking,ASSUMPTION,4,spiking,0,BUILD_BRIEF.md 3.2 refined visual-family rule
CB1722,spiking,ASSUMPTION,6,spiking,0,BUILD_BRIEF.md 3.2 refined visual-family rule
CB1724,spiking,ASSUMPTION,4,spiking,0,BUILD_BRIEF.md 3.2 refined visual-family rule
CB1725,spiking,ASSUMPTION,4,spiking,0,BUILD_BRIEF.md 3.2 refined visual-family rule
CB1726,spiking,ASSUMPTION,2,spiking,0,BUILD_BRIEF.md 3.2 refined visual-family rule
CB1727,spiking,ASSUMPTION,2,spiking,0,BUILD_BRIEF.md 3.2 refined visual-family rule
CB1728,spiking,ASSUMPTION,6,spiking,0,BUILD_BRIEF.md 3.2 refined visual-family rule
CB1729,spiking,ASSUMPTION,3,spiking,0,BUILD_BRIEF.md 3.2 refined visual-family rule
CB1730,spiking,ASSUMPTION,3,spiking,0,BUILD_BRIEF.md 3.2 refined visual-family rule
CB1731,spiking,ASSUMPTION,4,spiking,0,BUILD_BRIEF.md 3.2 refined visual-family rule
CB1733,spiking,ASSUMPTION,2,spiking,0,BUILD_BRIEF.md 3.2 refined visual-family rule
CB1734,spiking,ASSUMPTION,4,spiking,0,BUILD_BRIEF.md 3.2 refined visual-family rule
CB1735,spiking,ASSUMPTION,7,spiking,0,BUILD_BRIEF.md 3.2 refined visual-family rule
CB1737,spiking,ASSUMPTION,6,spiking,0,BUILD_BRIEF.md 3.2 refined visual-family rule
CB1738,spiking,ASSUMPTION,9,spiking,0,BUILD_BRIEF.md 3.2 refined visual-family rule
CB1739,spiking,ASSUMPTION,5,spiking,0,BUILD_BRIEF.md 3.2 refined visual-family rule
CB1740,spiking,ASSUMPTION,2,spiking,0,BUILD_BRIEF.md 3.2 refined visual-family rule
CB1741,spiking,ASSUMPTION,4,spiking,0,BUILD_BRIEF.md 3.2 refined visual-family rule
CB1742,spiking,ASSUMPTION,2,spiking,0,BUILD_BRIEF.md 3.2 refined visual-family rule
CB1743,spiking,ASSUMPTION,2,spiking,0,BUILD_BRIEF.md 3.2 refined visual-family rule
CB1744,spiking,ASSUMPTION,5,spiking,0,BUILD_BRIEF.md 3.2 refined visual-family rule
CB1745,spiking,ASSUMPTION,3,spiking,0,BUILD_BRIEF.md 3.2 refined visual-family rule
CB1747,spiking,ASSUMPTION,4,spiking,0,BUILD_BRIEF.md 3.2 refined visual-family rule
CB1748,spiking,ASSUMPTION,2,spiking,0,BUILD_BRIEF.md 3.2 refined visual-family rule
CB1750,spiking,ASSUMPTION,9,spiking,0,BUILD_BRIEF.md 3.2 refined visual-family rule
CB1751,spiking,ASSUMPTION,2,spiking,0,BUILD_BRIEF.md 3.2 refined visual-family rule
CB1752,spiking,ASSUMPTION,5,spiking,0,BUILD_BRIEF.md 3.2 refined visual-family rule
CB1753,spiking,ASSUMPTION,5,spiking,0,BUILD_BRIEF.md 3.2 refined visual-family rule
CB1754,spiking,ASSUMPTION,5,spiking,0,BUILD_BRIEF.md 3.2 refined visual-family rule
CB1755,spiking,ASSUMPTION,2,spiking,0,BUILD_BRIEF.md 3.2 refined visual-family rule
CB1757,spiking,ASSUMPTION,4,spiking,0,BUILD_BRIEF.md 3.2 refined visual-family rule
CB1758,spiking,ASSUMPTION,2,spiking,0,BUILD_BRIEF.md 3.2 refined visual-family rule
CB1759,spiking,ASSUMPTION,12,spiking,0,BUILD_BRIEF.md 3.2 refined visual-family rule
CB1760,spiking,ASSUMPTION,6,spiking,0,BUILD_BRIEF.md 3.2 refined visual-family rule
CB1761,spiking,ASSUMPTION,12,spiking,0,BUILD_BRIEF.md 3.2 refined visual-family rule
CB1762,spiking,ASSUMPTION,5,spiking,0,BUILD_BRIEF.md 3.2 refined visual-family rule
CB1764,spiking,ASSUMPTION,4,spiking,0,BUILD_BRIEF.md 3.2 refined visual-family rule
CB1765,spiking,ASSUMPTION,5,spiking,0,BUILD_BRIEF.md 3.2 refined visual-family rule
CB1766,spiking,ASSUMPTION,2,spiking,0,BUILD_BRIEF.md 3.2 refined visual-family rule
CB1767,spiking,ASSUMPTION,7,spiking,0,BUILD_BRIEF.md 3.2 refined visual-family rule
CB1769,spiking,ASSUMPTION,3,spiking,0,BUILD_BRIEF.md 3.2 refined visual-family rule
CB1770,spiking,ASSUMPTION,4,spiking,0,BUILD_BRIEF.md 3.2 refined visual-family rule
CB1771,spiking,ASSUMPTION,3,spiking,0,BUILD_BRIEF.md 3.2 refined visual-family rule
CB1772,spiking,ASSUMPTION,4,spiking,0,BUILD_BRIEF.md 3.2 refined visual-family rule
CB1774,spiking,ASSUMPTION,5,spiking,0,BUILD_BRIEF.md 3.2 refined visual-family rule
CB1775,spiking,ASSUMPTION,4,spiking,0,BUILD_BRIEF.md 3.2 refined visual-family rule
CB1776,spiking,ASSUMPTION,6,spiking,0,BUILD_BRIEF.md 3.2 refined visual-family rule
CB1778,spiking,ASSUMPTION,2,spiking,0,BUILD_BRIEF.md 3.2 refined visual-family rule
CB1779,spiking,ASSUMPTION,2,spiking,0,BUILD_BRIEF.md 3.2 refined visual-family rule
CB1780,spiking,ASSUMPTION,7,spiking,0,BUILD_BRIEF.md 3.2 refined visual-family rule
CB1781,spiking,ASSUMPTION,5,spiking,0,BUILD_BRIEF.md 3.2 refined visual-family rule
CB1782,spiking,ASSUMPTION,5,spiking,0,BUILD_BRIEF.md 3.2 refined visual-family rule
CB1783,spiking,ASSUMPTION,7,spiking,0,BUILD_BRIEF.md 3.2 refined visual-family rule
CB1784,spiking,ASSUMPTION,3,spiking,0,BUILD_BRIEF.md 3.2 refined visual-family rule
CB1785,spiking,ASSUMPTION,4,spiking,0,BUILD_BRIEF.md 3.2 refined visual-family rule
CB1786_a,spiking,ASSUMPTION,15,spiking,0,BUILD_BRIEF.md 3.2 refined visual-family rule
CB1786_b,spiking,ASSUMPTION,3,spiking,0,BUILD_BRIEF.md 3.2 refined visual-family rule
CB1786_c,spiking,ASSUMPTION,4,spiking,0,BUILD_BRIEF.md 3.2 refined visual-family rule
CB1787,spiking,ASSUMPTION,2,spiking,0,BUILD_BRIEF.md 3.2 refined visual-family rule
CB1789,spiking,ASSUMPTION,11,spiking,0,BUILD_BRIEF.md 3.2 refined visual-family rule
CB1790,spiking,ASSUMPTION,2,spiking,0,BUILD_BRIEF.md 3.2 refined visual-family rule
CB1791,spiking,ASSUMPTION,8,spiking,0,BUILD_BRIEF.md 3.2 refined visual-family rule
CB1792,spiking,ASSUMPTION,3,spiking,0,BUILD_BRIEF.md 3.2 refined visual-family rule
CB1793,spiking,ASSUMPTION,2,spiking,0,BUILD_BRIEF.md 3.2 refined visual-family rule
CB1794,spiking,ASSUMPTION,7,spiking,0,BUILD_BRIEF.md 3.2 refined visual-family rule
CB1795,spiking,ASSUMPTION,4,spiking,0,BUILD_BRIEF.md 3.2 refined visual-family rule
CB1797,spiking,ASSUMPTION,2,spiking,0,BUILD_BRIEF.md 3.2 refined visual-family rule
CB1799,spiking,ASSUMPTION,6,spiking,0,BUILD_BRIEF.md 3.2 refined visual-family rule
CB1800,spiking,ASSUMPTION,3,spiking,0,BUILD_BRIEF.md 3.2 refined visual-family rule
CB1803,spiking,ASSUMPTION,4,spiking,0,BUILD_BRIEF.md 3.2 refined visual-family rule
CB1804,spiking,ASSUMPTION,3,spiking,0,BUILD_BRIEF.md 3.2 refined visual-family rule
CB1805,spiking,ASSUMPTION,6,spiking,0,BUILD_BRIEF.md 3.2 refined visual-family rule
CB1807,spiking,ASSUMPTION,4,spiking,0,BUILD_BRIEF.md 3.2 refined visual-family rule
CB1808,spiking,ASSUMPTION,3,spiking,0,BUILD_BRIEF.md 3.2 refined visual-family rule
CB1809,spiking,ASSUMPTION,7,spiking,0,BUILD_BRIEF.md 3.2 refined visual-family rule
CB1810,spiking,ASSUMPTION,7,spiking,0,BUILD_BRIEF.md 3.2 refined visual-family rule
CB1811,spiking,ASSUMPTION,4,spiking,0,BUILD_BRIEF.md 3.2 refined visual-family rule
CB1812,spiking,ASSUMPTION,5,spiking,0,BUILD_BRIEF.md 3.2 refined visual-family rule
CB1814,spiking,ASSUMPTION,5,spiking,0,BUILD_BRIEF.md 3.2 refined visual-family rule
CB1815,spiking,ASSUMPTION,3,spiking,0,BUILD_BRIEF.md 3.2 refined visual-family rule
CB1816,spiking,ASSUMPTION,4,spiking,0,BUILD_BRIEF.md 3.2 refined visual-family rule
CB1817a,spiking,ASSUMPTION,2,spiking,0,BUILD_BRIEF.md 3.2 refined visual-family rule
CB1817b,spiking,ASSUMPTION,2,spiking,0,BUILD_BRIEF.md 3.2 refined visual-family rule
CB1818,spiking,ASSUMPTION,4,spiking,0,BUILD_BRIEF.md 3.2 refined visual-family rule
CB1819,spiking,ASSUMPTION,4,spiking,0,BUILD_BRIEF.md 3.2 refined visual-family rule
CB1820,spiking,ASSUMPTION,2,spiking,0,BUILD_BRIEF.md 3.2 refined visual-family rule
CB1821,spiking,ASSUMPTION,2,spiking,0,BUILD_BRIEF.md 3.2 refined visual-family rule
CB1822,spiking,ASSUMPTION,4,spiking,0,BUILD_BRIEF.md 3.2 refined visual-family rule
CB1823,spiking,ASSUMPTION,3,spiking,0,BUILD_BRIEF.md 3.2 refined visual-family rule
CB1824,spiking,ASSUMPTION,10,spiking,0,BUILD_BRIEF.md 3.2 refined visual-family rule
CB1825,spiking,ASSUMPTION,3,spiking,0,BUILD_BRIEF.md 3.2 refined visual-family rule
CB1826,spiking,ASSUMPTION,8,spiking,0,BUILD_BRIEF.md 3.2 refined visual-family rule
CB1827,spiking,ASSUMPTION,10,spiking,0,BUILD_BRIEF.md 3.2 refined visual-family rule
CB1828,spiking,ASSUMPTION,1,spiking,0,BUILD_BRIEF.md 3.2 refined visual-family rule
CB1829,spiking,ASSUMPTION,2,spiking,0,BUILD_BRIEF.md 3.2 refined visual-family rule
CB1830,spiking,ASSUMPTION,3,spiking,0,BUILD_BRIEF.md 3.2 refined visual-family rule
CB1831,spiking,ASSUMPTION,8,spiking,0,BUILD_BRIEF.md 3.2 refined visual-family rule
CB1833,spiking,ASSUMPTION,5,spiking,0,BUILD_BRIEF.md 3.2 refined visual-family rule
CB1834,spiking,ASSUMPTION,4,spiking,0,BUILD_BRIEF.md 3.2 refined visual-family rule
CB1836,spiking,ASSUMPTION,8,spiking,0,BUILD_BRIEF.md 3.2 refined visual-family rule
CB1837,spiking,ASSUMPTION,5,spiking,0,BUILD_BRIEF.md 3.2 refined visual-family rule
CB1838,spiking,ASSUMPTION,8,spiking,0,BUILD_BRIEF.md 3.2 refined visual-family rule
CB1839,spiking,ASSUMPTION,4,spiking,0,BUILD_BRIEF.md 3.2 refined visual-family rule
CB1841,spiking,ASSUMPTION,4,spiking,0,BUILD_BRIEF.md 3.2 refined visual-family rule
CB1842,spiking,ASSUMPTION,5,spiking,0,BUILD_BRIEF.md 3.2 refined visual-family rule
CB1843,spiking,ASSUMPTION,6,spiking,0,BUILD_BRIEF.md 3.2 refined visual-family rule
CB1844,spiking,ASSUMPTION,6,spiking,0,BUILD_BRIEF.md 3.2 refined visual-family rule
CB1845,spiking,ASSUMPTION,4,spiking,0,BUILD_BRIEF.md 3.2 refined visual-family rule
CB1846,spiking,ASSUMPTION,5,spiking,0,BUILD_BRIEF.md 3.2 refined visual-family rule
CB1849,spiking,ASSUMPTION,3,spiking,0,BUILD_BRIEF.md 3.2 refined visual-family rule
CB1850,spiking,ASSUMPTION,4,spiking,0,BUILD_BRIEF.md 3.2 refined visual-family rule
CB1851,spiking,ASSUMPTION,8,spiking,0,BUILD_BRIEF.md 3.2 refined visual-family rule
CB1852,spiking,ASSUMPTION,4,spiking,0,BUILD_BRIEF.md 3.2 refined visual-family rule
CB1853,spiking,ASSUMPTION,5,spiking,0,BUILD_BRIEF.md 3.2 refined visual-family rule
CB1854,spiking,ASSUMPTION,2,spiking,0,BUILD_BRIEF.md 3.2 refined visual-family rule
CB1855,spiking,ASSUMPTION,5,spiking,0,BUILD_BRIEF.md 3.2 refined visual-family rule
CB1856,spiking,ASSUMPTION,4,spiking,0,BUILD_BRIEF.md 3.2 refined visual-family rule
CB1857,spiking,ASSUMPTION,2,spiking,0,BUILD_BRIEF.md 3.2 refined visual-family rule
CB1858,spiking,ASSUMPTION,6,spiking,0,BUILD_BRIEF.md 3.2 refined visual-family rule
CB1859,spiking,ASSUMPTION,2,spiking,0,BUILD_BRIEF.md 3.2 refined visual-family rule
CB1860,spiking,ASSUMPTION,6,spiking,0,BUILD_BRIEF.md 3.2 refined visual-family rule
CB1861,spiking,ASSUMPTION,8,spiking,0,BUILD_BRIEF.md 3.2 refined visual-family rule
CB1864,spiking,ASSUMPTION,2,spiking,0,BUILD_BRIEF.md 3.2 refined visual-family rule
CB1865,spiking,ASSUMPTION,2,spiking,0,BUILD_BRIEF.md 3.2 refined visual-family rule
CB1866,spiking,ASSUMPTION,4,spiking,0,BUILD_BRIEF.md 3.2 refined visual-family rule
CB1868,spiking,ASSUMPTION,7,spiking,0,BUILD_BRIEF.md 3.2 refined visual-family rule
CB1869,spiking,ASSUMPTION,3,spiking,0,BUILD_BRIEF.md 3.2 refined visual-family rule
CB1870,spiking,ASSUMPTION,2,spiking,0,BUILD_BRIEF.md 3.2 refined visual-family rule
CB1871,spiking,ASSUMPTION,7,spiking,0,BUILD_BRIEF.md 3.2 refined visual-family rule
CB1872,spiking,ASSUMPTION,3,spiking,0,BUILD_BRIEF.md 3.2 refined visual-family rule
CB1873,spiking,ASSUMPTION,3,spiking,0,BUILD_BRIEF.md 3.2 refined visual-family rule
CB1874,spiking,ASSUMPTION,2,spiking,0,BUILD_BRIEF.md 3.2 refined visual-family rule
CB1875,spiking,ASSUMPTION,3,spiking,0,BUILD_BRIEF.md 3.2 refined visual-family rule
CB1876,spiking,ASSUMPTION,22,spiking,0,BUILD_BRIEF.md 3.2 refined visual-family rule
CB1877,spiking,ASSUMPTION,4,spiking,0,BUILD_BRIEF.md 3.2 refined visual-family rule
CB1879,spiking,ASSUMPTION,2,spiking,0,BUILD_BRIEF.md 3.2 refined visual-family rule
CB1880,spiking,ASSUMPTION,1,spiking,0,BUILD_BRIEF.md 3.2 refined visual-family rule
CB1881,spiking,ASSUMPTION,8,spiking,0,BUILD_BRIEF.md 3.2 refined visual-family rule
CB1883,spiking,ASSUMPTION,3,spiking,0,BUILD_BRIEF.md 3.2 refined visual-family rule
CB1884,spiking,ASSUMPTION,6,spiking,0,BUILD_BRIEF.md 3.2 refined visual-family rule
CB1885,spiking,ASSUMPTION,5,spiking,0,BUILD_BRIEF.md 3.2 refined visual-family rule
CB1886,spiking,ASSUMPTION,3,spiking,0,BUILD_BRIEF.md 3.2 refined visual-family rule
CB1887,spiking,ASSUMPTION,4,spiking,0,BUILD_BRIEF.md 3.2 refined visual-family rule
CB1888,spiking,ASSUMPTION,4,spiking,0,BUILD_BRIEF.md 3.2 refined visual-family rule
CB1889,spiking,ASSUMPTION,5,spiking,0,BUILD_BRIEF.md 3.2 refined visual-family rule
CB1890,spiking,ASSUMPTION,4,spiking,0,BUILD_BRIEF.md 3.2 refined visual-family rule
CB1891,spiking,ASSUMPTION,10,spiking,0,BUILD_BRIEF.md 3.2 refined visual-family rule
CB1892,spiking,ASSUMPTION,4,spiking,0,BUILD_BRIEF.md 3.2 refined visual-family rule
CB1893,spiking,ASSUMPTION,8,spiking,0,BUILD_BRIEF.md 3.2 refined visual-family rule
CB1894,spiking,ASSUMPTION,4,spiking,0,BUILD_BRIEF.md 3.2 refined visual-family rule
CB1895,spiking,ASSUMPTION,8,spiking,0,BUILD_BRIEF.md 3.2 refined visual-family rule
CB1896,spiking,ASSUMPTION,5,spiking,0,BUILD_BRIEF.md 3.2 refined visual-family rule
CB1897,spiking,ASSUMPTION,8,spiking,0,BUILD_BRIEF.md 3.2 refined visual-family rule
CB1898,spiking,ASSUMPTION,4,spiking,0,BUILD_BRIEF.md 3.2 refined visual-family rule
CB1899,spiking,ASSUMPTION,6,spiking,0,BUILD_BRIEF.md 3.2 refined visual-family rule
CB1900,spiking,ASSUMPTION,2,spiking,0,BUILD_BRIEF.md 3.2 refined visual-family rule
CB1901,spiking,ASSUMPTION,10,spiking,0,BUILD_BRIEF.md 3.2 refined visual-family rule
CB1902,spiking,ASSUMPTION,4,spiking,0,BUILD_BRIEF.md 3.2 refined visual-family rule
CB1903,spiking,ASSUMPTION,5,spiking,0,BUILD_BRIEF.md 3.2 refined visual-family rule
CB1904,spiking,ASSUMPTION,6,spiking,0,BUILD_BRIEF.md 3.2 refined visual-family rule
CB1905,spiking,ASSUMPTION,2,spiking,0,BUILD_BRIEF.md 3.2 refined visual-family rule
CB1906,spiking,ASSUMPTION,4,spiking,0,BUILD_BRIEF.md 3.2 refined visual-family rule
CB1908,spiking,ASSUMPTION,4,spiking,0,BUILD_BRIEF.md 3.2 refined visual-family rule
CB1909,spiking,ASSUMPTION,6,spiking,0,BUILD_BRIEF.md 3.2 refined visual-family rule
CB1910,spiking,ASSUMPTION,4,spiking,0,BUILD_BRIEF.md 3.2 refined visual-family rule
CB1911,spiking,ASSUMPTION,3,spiking,0,BUILD_BRIEF.md 3.2 refined visual-family rule
CB1912,spiking,ASSUMPTION,3,spiking,0,BUILD_BRIEF.md 3.2 refined visual-family rule
CB1913,spiking,ASSUMPTION,3,spiking,0,BUILD_BRIEF.md 3.2 refined visual-family rule
CB1914,spiking,ASSUMPTION,3,spiking,0,BUILD_BRIEF.md 3.2 refined visual-family rule
CB1916,spiking,ASSUMPTION,4,spiking,0,BUILD_BRIEF.md 3.2 refined visual-family rule
CB1917,spiking,ASSUMPTION,4,spiking,0,BUILD_BRIEF.md 3.2 refined visual-family rule
CB1918,spiking,ASSUMPTION,9,spiking,0,BUILD_BRIEF.md 3.2 refined visual-family rule
CB1919,spiking,ASSUMPTION,5,spiking,0,BUILD_BRIEF.md 3.2 refined visual-family rule
CB1920,spiking,ASSUMPTION,10,spiking,0,BUILD_BRIEF.md 3.2 refined visual-family rule
CB1921,spiking,ASSUMPTION,4,spiking,0,BUILD_BRIEF.md 3.2 refined visual-family rule
CB1922,spiking,ASSUMPTION,2,spiking,0,BUILD_BRIEF.md 3.2 refined visual-family rule
CB1923,spiking,ASSUMPTION,10,spiking,0,BUILD_BRIEF.md 3.2 refined visual-family rule
CB1924,spiking,ASSUMPTION,4,spiking,0,BUILD_BRIEF.md 3.2 refined visual-family rule
CB1925,spiking,ASSUMPTION,4,spiking,0,BUILD_BRIEF.md 3.2 refined visual-family rule
CB1926,spiking,ASSUMPTION,2,spiking,0,BUILD_BRIEF.md 3.2 refined visual-family rule
CB1927,spiking,ASSUMPTION,2,spiking,0,BUILD_BRIEF.md 3.2 refined visual-family rule
CB1928,spiking,ASSUMPTION,5,spiking,0,BUILD_BRIEF.md 3.2 refined visual-family rule
CB1929,spiking,ASSUMPTION,4,spiking,0,BUILD_BRIEF.md 3.2 refined visual-family rule
CB1930,spiking,ASSUMPTION,6,spiking,0,BUILD_BRIEF.md 3.2 refined visual-family rule
CB1931,spiking,ASSUMPTION,2,spiking,0,BUILD_BRIEF.md 3.2 refined visual-family rule
CB1932,spiking,ASSUMPTION,13,spiking,0,BUILD_BRIEF.md 3.2 refined visual-family rule
CB1933,spiking,ASSUMPTION,2,spiking,0,BUILD_BRIEF.md 3.2 refined visual-family rule
CB1934,spiking,ASSUMPTION,2,spiking,0,BUILD_BRIEF.md 3.2 refined visual-family rule
CB1935,spiking,ASSUMPTION,3,spiking,0,BUILD_BRIEF.md 3.2 refined visual-family rule
CB1936,spiking,ASSUMPTION,5,spiking,0,BUILD_BRIEF.md 3.2 refined visual-family rule
CB1937,spiking,ASSUMPTION,13,spiking,0,BUILD_BRIEF.md 3.2 refined visual-family rule
CB1938,spiking,ASSUMPTION,2,spiking,0,BUILD_BRIEF.md 3.2 refined visual-family rule
CB1939,spiking,ASSUMPTION,8,spiking,0,BUILD_BRIEF.md 3.2 refined visual-family rule
CB1941,spiking,ASSUMPTION,2,spiking,0,BUILD_BRIEF.md 3.2 refined visual-family rule
CB1942,spiking,ASSUMPTION,6,spiking,0,BUILD_BRIEF.md 3.2 refined visual-family rule
CB1943,spiking,ASSUMPTION,4,spiking,0,BUILD_BRIEF.md 3.2 refined visual-family rule
CB1944,spiking,ASSUMPTION,4,spiking,0,BUILD_BRIEF.md 3.2 refined visual-family rule
CB1945,spiking,ASSUMPTION,4,spiking,0,BUILD_BRIEF.md 3.2 refined visual-family rule
CB1946,spiking,ASSUMPTION,3,spiking,0,BUILD_BRIEF.md 3.2 refined visual-family rule
CB1947,spiking,ASSUMPTION,2,spiking,0,BUILD_BRIEF.md 3.2 refined visual-family rule
CB1948,spiking,ASSUMPTION,6,spiking,0,BUILD_BRIEF.md 3.2 refined visual-family rule
CB1949,spiking,ASSUMPTION,3,spiking,0,BUILD_BRIEF.md 3.2 refined visual-family rule
CB1950,spiking,ASSUMPTION,3,spiking,0,BUILD_BRIEF.md 3.2 refined visual-family rule
CB1951,spiking,ASSUMPTION,6,spiking,0,BUILD_BRIEF.md 3.2 refined visual-family rule
CB1952,spiking,ASSUMPTION,2,spiking,0,BUILD_BRIEF.md 3.2 refined visual-family rule
CB1953,spiking,ASSUMPTION,5,spiking,0,BUILD_BRIEF.md 3.2 refined visual-family rule
CB1955,spiking,ASSUMPTION,9,spiking,0,BUILD_BRIEF.md 3.2 refined visual-family rule
CB1956,spiking,ASSUMPTION,6,spiking,0,BUILD_BRIEF.md 3.2 refined visual-family rule
CB1957,spiking,ASSUMPTION,6,spiking,0,BUILD_BRIEF.md 3.2 refined visual-family rule
CB1958,spiking,ASSUMPTION,4,spiking,0,BUILD_BRIEF.md 3.2 refined visual-family rule
CB1959,spiking,ASSUMPTION,2,spiking,0,BUILD_BRIEF.md 3.2 refined visual-family rule
CB1960,spiking,ASSUMPTION,2,spiking,0,BUILD_BRIEF.md 3.2 refined visual-family rule
CB1961,spiking,ASSUMPTION,3,spiking,0,BUILD_BRIEF.md 3.2 refined visual-family rule
CB1962,spiking,ASSUMPTION,2,spiking,0,BUILD_BRIEF.md 3.2 refined visual-family rule
CB1963,spiking,ASSUMPTION,4,spiking,0,BUILD_BRIEF.md 3.2 refined visual-family rule
CB1964,spiking,ASSUMPTION,21,spiking,0,BUILD_BRIEF.md 3.2 refined visual-family rule
CB1965,spiking,ASSUMPTION,3,spiking,0,BUILD_BRIEF.md 3.2 refined visual-family rule
CB1966,spiking,ASSUMPTION,3,spiking,0,BUILD_BRIEF.md 3.2 refined visual-family rule
CB1967,spiking,ASSUMPTION,4,spiking,0,BUILD_BRIEF.md 3.2 refined visual-family rule
CB1969,spiking,ASSUMPTION,6,spiking,0,BUILD_BRIEF.md 3.2 refined visual-family rule
CB1970,spiking,ASSUMPTION,2,spiking,0,BUILD_BRIEF.md 3.2 refined visual-family rule
CB1972,spiking,ASSUMPTION,4,spiking,0,BUILD_BRIEF.md 3.2 refined visual-family rule
CB1973,spiking,ASSUMPTION,3,spiking,0,BUILD_BRIEF.md 3.2 refined visual-family rule
CB1974,spiking,ASSUMPTION,3,spiking,0,BUILD_BRIEF.md 3.2 refined visual-family rule
CB1975,spiking,ASSUMPTION,8,spiking,0,BUILD_BRIEF.md 3.2 refined visual-family rule
CB1976,spiking,ASSUMPTION,4,spiking,0,BUILD_BRIEF.md 3.2 refined visual-family rule
CB1977,spiking,ASSUMPTION,4,spiking,0,BUILD_BRIEF.md 3.2 refined visual-family rule
CB1978,spiking,ASSUMPTION,11,spiking,0,BUILD_BRIEF.md 3.2 refined visual-family rule
CB1979,spiking,ASSUMPTION,5,spiking,0,BUILD_BRIEF.md 3.2 refined visual-family rule
CB1980,spiking,ASSUMPTION,4,spiking,0,BUILD_BRIEF.md 3.2 refined visual-family rule
CB1981,spiking,ASSUMPTION,5,spiking,0,BUILD_BRIEF.md 3.2 refined visual-family rule
CB1982,spiking,ASSUMPTION,3,spiking,0,BUILD_BRIEF.md 3.2 refined visual-family rule
CB1983,spiking,ASSUMPTION,6,spiking,0,BUILD_BRIEF.md 3.2 refined visual-family rule
CB1984,spiking,ASSUMPTION,5,spiking,0,BUILD_BRIEF.md 3.2 refined visual-family rule
CB1985,spiking,ASSUMPTION,3,spiking,0,BUILD_BRIEF.md 3.2 refined visual-family rule
CB1986,spiking,ASSUMPTION,2,spiking,0,BUILD_BRIEF.md 3.2 refined visual-family rule
CB1987,spiking,ASSUMPTION,2,spiking,0,BUILD_BRIEF.md 3.2 refined visual-family rule
CB1988,spiking,ASSUMPTION,4,spiking,0,BUILD_BRIEF.md 3.2 refined visual-family rule
CB1989,spiking,ASSUMPTION,4,spiking,0,BUILD_BRIEF.md 3.2 refined visual-family rule
CB1990,spiking,ASSUMPTION,5,spiking,0,BUILD_BRIEF.md 3.2 refined visual-family rule
CB1991,spiking,ASSUMPTION,7,spiking,0,BUILD_BRIEF.md 3.2 refined visual-family rule
CB1992,spiking,ASSUMPTION,2,spiking,0,BUILD_BRIEF.md 3.2 refined visual-family rule
CB1993,spiking,ASSUMPTION,4,spiking,0,BUILD_BRIEF.md 3.2 refined visual-family rule
CB1995,spiking,ASSUMPTION,8,spiking,0,BUILD_BRIEF.md 3.2 refined visual-family rule
CB1996,spiking,ASSUMPTION,5,spiking,0,BUILD_BRIEF.md 3.2 refined visual-family rule
CB1997,spiking,ASSUMPTION,14,spiking,0,BUILD_BRIEF.md 3.2 refined visual-family rule
CB1999,spiking,ASSUMPTION,4,spiking,0,BUILD_BRIEF.md 3.2 refined visual-family rule
CB2000,spiking,ASSUMPTION,5,spiking,0,BUILD_BRIEF.md 3.2 refined visual-family rule
CB2001,spiking,ASSUMPTION,4,spiking,0,BUILD_BRIEF.md 3.2 refined visual-family rule
CB2002,spiking,ASSUMPTION,6,spiking,0,BUILD_BRIEF.md 3.2 refined visual-family rule
CB2003,spiking,ASSUMPTION,4,spiking,0,BUILD_BRIEF.md 3.2 refined visual-family rule
CB2004,spiking,ASSUMPTION,6,spiking,0,BUILD_BRIEF.md 3.2 refined visual-family rule
CB2005,spiking,ASSUMPTION,3,spiking,0,BUILD_BRIEF.md 3.2 refined visual-family rule
CB2006,spiking,ASSUMPTION,4,spiking,0,BUILD_BRIEF.md 3.2 refined visual-family rule
CB2007,spiking,ASSUMPTION,3,spiking,0,BUILD_BRIEF.md 3.2 refined visual-family rule
CB2008,spiking,ASSUMPTION,6,spiking,0,BUILD_BRIEF.md 3.2 refined visual-family rule
CB2009,spiking,ASSUMPTION,6,spiking,0,BUILD_BRIEF.md 3.2 refined visual-family rule
CB2010,spiking,ASSUMPTION,2,spiking,0,BUILD_BRIEF.md 3.2 refined visual-family rule
CB2011,spiking,ASSUMPTION,4,spiking,0,BUILD_BRIEF.md 3.2 refined visual-family rule
CB2012,spiking,ASSUMPTION,4,spiking,0,BUILD_BRIEF.md 3.2 refined visual-family rule
CB2013,spiking,ASSUMPTION,2,spiking,0,BUILD_BRIEF.md 3.2 refined visual-family rule
CB2014,spiking,ASSUMPTION,2,spiking,0,BUILD_BRIEF.md 3.2 refined visual-family rule
CB2015,spiking,ASSUMPTION,4,spiking,0,BUILD_BRIEF.md 3.2 refined visual-family rule
CB2016,spiking,ASSUMPTION,2,spiking,0,BUILD_BRIEF.md 3.2 refined visual-family rule
CB2017,spiking,ASSUMPTION,3,spiking,0,BUILD_BRIEF.md 3.2 refined visual-family rule
CB2018,spiking,ASSUMPTION,8,spiking,0,BUILD_BRIEF.md 3.2 refined visual-family rule
CB2019,spiking,ASSUMPTION,2,spiking,0,BUILD_BRIEF.md 3.2 refined visual-family rule
CB2021,spiking,ASSUMPTION,8,spiking,0,BUILD_BRIEF.md 3.2 refined visual-family rule
CB2022,spiking,ASSUMPTION,4,spiking,0,BUILD_BRIEF.md 3.2 refined visual-family rule
CB2023,spiking,ASSUMPTION,1,spiking,0,BUILD_BRIEF.md 3.2 refined visual-family rule
CB2024,spiking,ASSUMPTION,4,spiking,0,BUILD_BRIEF.md 3.2 refined visual-family rule
CB2025,spiking,ASSUMPTION,4,spiking,0,BUILD_BRIEF.md 3.2 refined visual-family rule
CB2026,spiking,ASSUMPTION,3,spiking,0,BUILD_BRIEF.md 3.2 refined visual-family rule
CB2027,spiking,ASSUMPTION,4,spiking,0,BUILD_BRIEF.md 3.2 refined visual-family rule
CB2029,spiking,ASSUMPTION,2,spiking,0,BUILD_BRIEF.md 3.2 refined visual-family rule
CB2030,spiking,ASSUMPTION,4,spiking,0,BUILD_BRIEF.md 3.2 refined visual-family rule
CB2031,spiking,ASSUMPTION,3,spiking,0,BUILD_BRIEF.md 3.2 refined visual-family rule
CB2032,spiking,ASSUMPTION,2,spiking,0,BUILD_BRIEF.md 3.2 refined visual-family rule
CB2033,spiking,ASSUMPTION,4,spiking,0,BUILD_BRIEF.md 3.2 refined visual-family rule
CB2034,spiking,ASSUMPTION,6,spiking,0,BUILD_BRIEF.md 3.2 refined visual-family rule
CB2035,spiking,ASSUMPTION,5,spiking,0,BUILD_BRIEF.md 3.2 refined visual-family rule
CB2036,spiking,ASSUMPTION,6,spiking,0,BUILD_BRIEF.md 3.2 refined visual-family rule
CB2037,spiking,ASSUMPTION,5,spiking,0,BUILD_BRIEF.md 3.2 refined visual-family rule
CB2038,spiking,ASSUMPTION,2,spiking,0,BUILD_BRIEF.md 3.2 refined visual-family rule
CB2039,spiking,ASSUMPTION,3,spiking,0,BUILD_BRIEF.md 3.2 refined visual-family rule
CB2040,spiking,ASSUMPTION,6,spiking,0,BUILD_BRIEF.md 3.2 refined visual-family rule
CB2041,spiking,ASSUMPTION,4,spiking,0,BUILD_BRIEF.md 3.2 refined visual-family rule
CB2043,spiking,ASSUMPTION,2,spiking,0,BUILD_BRIEF.md 3.2 refined visual-family rule
CB2044,spiking,ASSUMPTION,5,spiking,0,BUILD_BRIEF.md 3.2 refined visual-family rule
CB2045,spiking,ASSUMPTION,4,spiking,0,BUILD_BRIEF.md 3.2 refined visual-family rule
CB2046,spiking,ASSUMPTION,2,spiking,0,BUILD_BRIEF.md 3.2 refined visual-family rule
CB2047,spiking,ASSUMPTION,9,spiking,0,BUILD_BRIEF.md 3.2 refined visual-family rule
CB2048,spiking,ASSUMPTION,5,spiking,0,BUILD_BRIEF.md 3.2 refined visual-family rule
CB2049,spiking,ASSUMPTION,10,spiking,0,BUILD_BRIEF.md 3.2 refined visual-family rule
CB2050,spiking,ASSUMPTION,10,spiking,0,BUILD_BRIEF.md 3.2 refined visual-family rule
CB2051,spiking,ASSUMPTION,6,spiking,0,BUILD_BRIEF.md 3.2 refined visual-family rule
CB2053,spiking,ASSUMPTION,6,spiking,0,BUILD_BRIEF.md 3.2 refined visual-family rule
CB2054,spiking,ASSUMPTION,11,spiking,0,BUILD_BRIEF.md 3.2 refined visual-family rule
CB2055,spiking,ASSUMPTION,3,spiking,0,BUILD_BRIEF.md 3.2 refined visual-family rule
CB2056,spiking,ASSUMPTION,8,spiking,0,BUILD_BRIEF.md 3.2 refined visual-family rule
CB2057,spiking,ASSUMPTION,5,spiking,0,BUILD_BRIEF.md 3.2 refined visual-family rule
CB2059,spiking,ASSUMPTION,4,spiking,0,BUILD_BRIEF.md 3.2 refined visual-family rule
CB2060,spiking,ASSUMPTION,3,spiking,0,BUILD_BRIEF.md 3.2 refined visual-family rule
CB2062,spiking,ASSUMPTION,3,spiking,0,BUILD_BRIEF.md 3.2 refined visual-family rule
CB2063,spiking,ASSUMPTION,2,spiking,0,BUILD_BRIEF.md 3.2 refined visual-family rule
CB2064,spiking,ASSUMPTION,9,spiking,0,BUILD_BRIEF.md 3.2 refined visual-family rule
CB2065,spiking,ASSUMPTION,6,spiking,0,BUILD_BRIEF.md 3.2 refined visual-family rule
CB2066,spiking,ASSUMPTION,7,spiking,0,BUILD_BRIEF.md 3.2 refined visual-family rule
CB2067,spiking,ASSUMPTION,6,spiking,0,BUILD_BRIEF.md 3.2 refined visual-family rule
CB2068,spiking,ASSUMPTION,3,spiking,0,BUILD_BRIEF.md 3.2 refined visual-family rule
CB2069,spiking,ASSUMPTION,2,spiking,0,BUILD_BRIEF.md 3.2 refined visual-family rule
CB2070,spiking,ASSUMPTION,6,spiking,0,BUILD_BRIEF.md 3.2 refined visual-family rule
CB2071,spiking,ASSUMPTION,11,spiking,0,BUILD_BRIEF.md 3.2 refined visual-family rule
CB2072,spiking,ASSUMPTION,2,spiking,0,BUILD_BRIEF.md 3.2 refined visual-family rule
CB2074,spiking,ASSUMPTION,9,spiking,0,BUILD_BRIEF.md 3.2 refined visual-family rule
CB2075,spiking,ASSUMPTION,4,spiking,0,BUILD_BRIEF.md 3.2 refined visual-family rule
CB2076,spiking,ASSUMPTION,4,spiking,0,BUILD_BRIEF.md 3.2 refined visual-family rule
CB2077,spiking,ASSUMPTION,4,spiking,0,BUILD_BRIEF.md 3.2 refined visual-family rule
CB2078,spiking,ASSUMPTION,4,spiking,0,BUILD_BRIEF.md 3.2 refined visual-family rule
CB2079,spiking,ASSUMPTION,5,spiking,0,BUILD_BRIEF.md 3.2 refined visual-family rule
CB2080,spiking,ASSUMPTION,9,spiking,0,BUILD_BRIEF.md 3.2 refined visual-family rule
CB2081,spiking,ASSUMPTION,17,spiking,0,BUILD_BRIEF.md 3.2 refined visual-family rule
CB2082,spiking,ASSUMPTION,4,spiking,0,BUILD_BRIEF.md 3.2 refined visual-family rule
CB2084,spiking,ASSUMPTION,4,spiking,0,BUILD_BRIEF.md 3.2 refined visual-family rule
CB2085,spiking,ASSUMPTION,4,spiking,0,BUILD_BRIEF.md 3.2 refined visual-family rule
CB2086,spiking,ASSUMPTION,2,spiking,0,BUILD_BRIEF.md 3.2 refined visual-family rule
CB2087,spiking,ASSUMPTION,6,spiking,0,BUILD_BRIEF.md 3.2 refined visual-family rule
CB2088,spiking,ASSUMPTION,3,spiking,0,BUILD_BRIEF.md 3.2 refined visual-family rule
CB2089,spiking,ASSUMPTION,8,spiking,0,BUILD_BRIEF.md 3.2 refined visual-family rule
CB2090,spiking,ASSUMPTION,3,spiking,0,BUILD_BRIEF.md 3.2 refined visual-family rule
CB2092,spiking,ASSUMPTION,4,spiking,0,BUILD_BRIEF.md 3.2 refined visual-family rule
CB2093,spiking,ASSUMPTION,2,spiking,0,BUILD_BRIEF.md 3.2 refined visual-family rule
CB2094a,spiking,ASSUMPTION,2,spiking,0,BUILD_BRIEF.md 3.2 refined visual-family rule
CB2094b,spiking,ASSUMPTION,4,spiking,0,BUILD_BRIEF.md 3.2 refined visual-family rule
CB2095,spiking,ASSUMPTION,4,spiking,0,BUILD_BRIEF.md 3.2 refined visual-family rule
CB2096,spiking,ASSUMPTION,2,spiking,0,BUILD_BRIEF.md 3.2 refined visual-family rule
CB2097,spiking,ASSUMPTION,4,spiking,0,BUILD_BRIEF.md 3.2 refined visual-family rule
CB2098,spiking,ASSUMPTION,2,spiking,0,BUILD_BRIEF.md 3.2 refined visual-family rule
CB2099,spiking,ASSUMPTION,2,spiking,0,BUILD_BRIEF.md 3.2 refined visual-family rule
CB2100,spiking,ASSUMPTION,5,spiking,0,BUILD_BRIEF.md 3.2 refined visual-family rule
CB2101,spiking,ASSUMPTION,4,spiking,0,BUILD_BRIEF.md 3.2 refined visual-family rule
CB2102,spiking,ASSUMPTION,3,spiking,0,BUILD_BRIEF.md 3.2 refined visual-family rule
CB2103,spiking,ASSUMPTION,3,spiking,0,BUILD_BRIEF.md 3.2 refined visual-family rule
CB2105,spiking,ASSUMPTION,4,spiking,0,BUILD_BRIEF.md 3.2 refined visual-family rule
CB2106,spiking,ASSUMPTION,5,spiking,0,BUILD_BRIEF.md 3.2 refined visual-family rule
CB2107,spiking,ASSUMPTION,4,spiking,0,BUILD_BRIEF.md 3.2 refined visual-family rule
CB2108,spiking,ASSUMPTION,14,spiking,0,BUILD_BRIEF.md 3.2 refined visual-family rule
CB2111,spiking,ASSUMPTION,2,spiking,0,BUILD_BRIEF.md 3.2 refined visual-family rule
CB2112,spiking,ASSUMPTION,2,spiking,0,BUILD_BRIEF.md 3.2 refined visual-family rule
CB2113,spiking,ASSUMPTION,2,spiking,0,BUILD_BRIEF.md 3.2 refined visual-family rule
CB2114,spiking,ASSUMPTION,3,spiking,0,BUILD_BRIEF.md 3.2 refined visual-family rule
CB2115,spiking,ASSUMPTION,5,spiking,0,BUILD_BRIEF.md 3.2 refined visual-family rule
CB2116,spiking,ASSUMPTION,5,spiking,0,BUILD_BRIEF.md 3.2 refined visual-family rule
CB2117,spiking,ASSUMPTION,2,spiking,0,BUILD_BRIEF.md 3.2 refined visual-family rule
CB2118,spiking,ASSUMPTION,4,spiking,0,BUILD_BRIEF.md 3.2 refined visual-family rule
CB2119,spiking,ASSUMPTION,2,spiking,0,BUILD_BRIEF.md 3.2 refined visual-family rule
CB2120,spiking,ASSUMPTION,4,spiking,0,BUILD_BRIEF.md 3.2 refined visual-family rule
CB2121,spiking,ASSUMPTION,2,spiking,0,BUILD_BRIEF.md 3.2 refined visual-family rule
CB2122,spiking,ASSUMPTION,4,spiking,0,BUILD_BRIEF.md 3.2 refined visual-family rule
CB2123,spiking,ASSUMPTION,3,spiking,0,BUILD_BRIEF.md 3.2 refined visual-family rule
CB2124,spiking,ASSUMPTION,2,spiking,0,BUILD_BRIEF.md 3.2 refined visual-family rule
CB2126,spiking,ASSUMPTION,4,spiking,0,BUILD_BRIEF.md 3.2 refined visual-family rule
CB2127,spiking,ASSUMPTION,3,spiking,0,BUILD_BRIEF.md 3.2 refined visual-family rule
CB2128,spiking,ASSUMPTION,4,spiking,0,BUILD_BRIEF.md 3.2 refined visual-family rule
CB2129,spiking,ASSUMPTION,5,spiking,0,BUILD_BRIEF.md 3.2 refined visual-family rule
CB2130,spiking,ASSUMPTION,2,spiking,0,BUILD_BRIEF.md 3.2 refined visual-family rule
CB2131,spiking,ASSUMPTION,7,spiking,0,BUILD_BRIEF.md 3.2 refined visual-family rule
CB2132,spiking,ASSUMPTION,3,spiking,0,BUILD_BRIEF.md 3.2 refined visual-family rule
CB2133,spiking,ASSUMPTION,5,spiking,0,BUILD_BRIEF.md 3.2 refined visual-family rule
CB2134,spiking,ASSUMPTION,2,spiking,0,BUILD_BRIEF.md 3.2 refined visual-family rule
CB2135,spiking,ASSUMPTION,6,spiking,0,BUILD_BRIEF.md 3.2 refined visual-family rule
CB2136,spiking,ASSUMPTION,6,spiking,0,BUILD_BRIEF.md 3.2 refined visual-family rule
CB2137,spiking,ASSUMPTION,3,spiking,0,BUILD_BRIEF.md 3.2 refined visual-family rule
CB2138,spiking,ASSUMPTION,6,spiking,0,BUILD_BRIEF.md 3.2 refined visual-family rule
CB2139,spiking,ASSUMPTION,5,spiking,0,BUILD_BRIEF.md 3.2 refined visual-family rule
CB2140,spiking,ASSUMPTION,4,spiking,0,BUILD_BRIEF.md 3.2 refined visual-family rule
CB2141,spiking,ASSUMPTION,3,spiking,0,BUILD_BRIEF.md 3.2 refined visual-family rule
CB2142,spiking,ASSUMPTION,4,spiking,0,BUILD_BRIEF.md 3.2 refined visual-family rule
CB2143,spiking,ASSUMPTION,6,spiking,0,BUILD_BRIEF.md 3.2 refined visual-family rule
CB2144,spiking,ASSUMPTION,3,spiking,0,BUILD_BRIEF.md 3.2 refined visual-family rule
CB2145,spiking,ASSUMPTION,5,spiking,0,BUILD_BRIEF.md 3.2 refined visual-family rule
CB2146,spiking,ASSUMPTION,3,spiking,0,BUILD_BRIEF.md 3.2 refined visual-family rule
CB2147,spiking,ASSUMPTION,2,spiking,0,BUILD_BRIEF.md 3.2 refined visual-family rule
CB2148,spiking,ASSUMPTION,9,spiking,0,BUILD_BRIEF.md 3.2 refined visual-family rule
CB2149,spiking,ASSUMPTION,5,spiking,0,BUILD_BRIEF.md 3.2 refined visual-family rule
CB2151,spiking,ASSUMPTION,3,spiking,0,BUILD_BRIEF.md 3.2 refined visual-family rule
CB2152,spiking,ASSUMPTION,8,spiking,0,BUILD_BRIEF.md 3.2 refined visual-family rule
CB2153,spiking,ASSUMPTION,4,spiking,0,BUILD_BRIEF.md 3.2 refined visual-family rule
CB2154,spiking,ASSUMPTION,3,spiking,0,BUILD_BRIEF.md 3.2 refined visual-family rule
CB2155,spiking,ASSUMPTION,6,spiking,0,BUILD_BRIEF.md 3.2 refined visual-family rule
CB2156,spiking,ASSUMPTION,6,spiking,0,BUILD_BRIEF.md 3.2 refined visual-family rule
CB2157,spiking,ASSUMPTION,4,spiking,0,BUILD_BRIEF.md 3.2 refined visual-family rule
CB2159,spiking,ASSUMPTION,3,spiking,0,BUILD_BRIEF.md 3.2 refined visual-family rule
CB2160,spiking,ASSUMPTION,4,spiking,0,BUILD_BRIEF.md 3.2 refined visual-family rule
CB2161,spiking,ASSUMPTION,2,spiking,0,BUILD_BRIEF.md 3.2 refined visual-family rule
CB2162,spiking,ASSUMPTION,4,spiking,0,BUILD_BRIEF.md 3.2 refined visual-family rule
CB2163,spiking,ASSUMPTION,2,spiking,0,BUILD_BRIEF.md 3.2 refined visual-family rule
CB2164,spiking,ASSUMPTION,3,spiking,0,BUILD_BRIEF.md 3.2 refined visual-family rule
CB2165,spiking,ASSUMPTION,3,spiking,0,BUILD_BRIEF.md 3.2 refined visual-family rule
CB2166,spiking,ASSUMPTION,2,spiking,0,BUILD_BRIEF.md 3.2 refined visual-family rule
CB2167,spiking,ASSUMPTION,4,spiking,0,BUILD_BRIEF.md 3.2 refined visual-family rule
CB2169,spiking,ASSUMPTION,3,spiking,0,BUILD_BRIEF.md 3.2 refined visual-family rule
CB2170,spiking,ASSUMPTION,2,spiking,0,BUILD_BRIEF.md 3.2 refined visual-family rule
CB2171,spiking,ASSUMPTION,6,spiking,0,BUILD_BRIEF.md 3.2 refined visual-family rule
CB2172,spiking,ASSUMPTION,2,spiking,0,BUILD_BRIEF.md 3.2 refined visual-family rule
CB2173,spiking,ASSUMPTION,2,spiking,0,BUILD_BRIEF.md 3.2 refined visual-family rule
CB2174,spiking,ASSUMPTION,5,spiking,0,BUILD_BRIEF.md 3.2 refined visual-family rule
CB2175,spiking,ASSUMPTION,3,spiking,0,BUILD_BRIEF.md 3.2 refined visual-family rule
CB2176,spiking,ASSUMPTION,3,spiking,0,BUILD_BRIEF.md 3.2 refined visual-family rule
CB2177,spiking,ASSUMPTION,2,spiking,0,BUILD_BRIEF.md 3.2 refined visual-family rule
CB2178,spiking,ASSUMPTION,4,spiking,0,BUILD_BRIEF.md 3.2 refined visual-family rule
CB2179,spiking,ASSUMPTION,4,spiking,0,BUILD_BRIEF.md 3.2 refined visual-family rule
CB2180,spiking,ASSUMPTION,5,spiking,0,BUILD_BRIEF.md 3.2 refined visual-family rule
CB2181,spiking,ASSUMPTION,2,spiking,0,BUILD_BRIEF.md 3.2 refined visual-family rule
CB2182,spiking,ASSUMPTION,2,spiking,0,BUILD_BRIEF.md 3.2 refined visual-family rule
CB2183,spiking,ASSUMPTION,5,spiking,0,BUILD_BRIEF.md 3.2 refined visual-family rule
CB2184,spiking,ASSUMPTION,3,spiking,0,BUILD_BRIEF.md 3.2 refined visual-family rule
CB2185,spiking,ASSUMPTION,4,spiking,0,BUILD_BRIEF.md 3.2 refined visual-family rule
CB2186,spiking,ASSUMPTION,6,spiking,0,BUILD_BRIEF.md 3.2 refined visual-family rule
CB2187,spiking,ASSUMPTION,6,spiking,0,BUILD_BRIEF.md 3.2 refined visual-family rule
CB2188,spiking,ASSUMPTION,3,spiking,0,BUILD_BRIEF.md 3.2 refined visual-family rule
CB2189,spiking,ASSUMPTION,2,spiking,0,BUILD_BRIEF.md 3.2 refined visual-family rule
CB2190,spiking,ASSUMPTION,6,spiking,0,BUILD_BRIEF.md 3.2 refined visual-family rule
CB2191,spiking,ASSUMPTION,2,spiking,0,BUILD_BRIEF.md 3.2 refined visual-family rule
CB2192,spiking,ASSUMPTION,3,spiking,0,BUILD_BRIEF.md 3.2 refined visual-family rule
CB2193,spiking,ASSUMPTION,4,spiking,0,BUILD_BRIEF.md 3.2 refined visual-family rule
CB2194,spiking,ASSUMPTION,4,spiking,0,BUILD_BRIEF.md 3.2 refined visual-family rule
CB2195,spiking,ASSUMPTION,6,spiking,0,BUILD_BRIEF.md 3.2 refined visual-family rule
CB2196,spiking,ASSUMPTION,5,spiking,0,BUILD_BRIEF.md 3.2 refined visual-family rule
CB2197,spiking,ASSUMPTION,4,spiking,0,BUILD_BRIEF.md 3.2 refined visual-family rule
CB2198,spiking,ASSUMPTION,4,spiking,0,BUILD_BRIEF.md 3.2 refined visual-family rule
CB2199,spiking,ASSUMPTION,6,spiking,0,BUILD_BRIEF.md 3.2 refined visual-family rule
CB2200,spiking,ASSUMPTION,2,spiking,0,BUILD_BRIEF.md 3.2 refined visual-family rule
CB2201,spiking,ASSUMPTION,2,spiking,0,BUILD_BRIEF.md 3.2 refined visual-family rule
CB2202,spiking,ASSUMPTION,6,spiking,0,BUILD_BRIEF.md 3.2 refined visual-family rule
CB2203,spiking,ASSUMPTION,6,spiking,0,BUILD_BRIEF.md 3.2 refined visual-family rule
CB2204,spiking,ASSUMPTION,4,spiking,0,BUILD_BRIEF.md 3.2 refined visual-family rule
CB2205,spiking,ASSUMPTION,5,spiking,0,BUILD_BRIEF.md 3.2 refined visual-family rule
CB2206,spiking,ASSUMPTION,2,spiking,0,BUILD_BRIEF.md 3.2 refined visual-family rule
CB2207,spiking,ASSUMPTION,4,spiking,0,BUILD_BRIEF.md 3.2 refined visual-family rule
CB2208,spiking,ASSUMPTION,8,spiking,0,BUILD_BRIEF.md 3.2 refined visual-family rule
CB2209,spiking,ASSUMPTION,3,spiking,0,BUILD_BRIEF.md 3.2 refined visual-family rule
CB2211,spiking,ASSUMPTION,4,spiking,0,BUILD_BRIEF.md 3.2 refined visual-family rule
CB2213,spiking,ASSUMPTION,4,spiking,0,BUILD_BRIEF.md 3.2 refined visual-family rule
CB2214,spiking,ASSUMPTION,8,spiking,0,BUILD_BRIEF.md 3.2 refined visual-family rule
CB2215,spiking,ASSUMPTION,2,spiking,0,BUILD_BRIEF.md 3.2 refined visual-family rule
CB2216,spiking,ASSUMPTION,8,spiking,0,BUILD_BRIEF.md 3.2 refined visual-family rule
CB2217,spiking,ASSUMPTION,5,spiking,0,BUILD_BRIEF.md 3.2 refined visual-family rule
CB2218,spiking,ASSUMPTION,5,spiking,0,BUILD_BRIEF.md 3.2 refined visual-family rule
CB2220,spiking,ASSUMPTION,3,spiking,0,BUILD_BRIEF.md 3.2 refined visual-family rule
CB2224,spiking,ASSUMPTION,3,spiking,0,BUILD_BRIEF.md 3.2 refined visual-family rule
CB2225,spiking,ASSUMPTION,3,spiking,0,BUILD_BRIEF.md 3.2 refined visual-family rule
CB2226,spiking,ASSUMPTION,5,spiking,0,BUILD_BRIEF.md 3.2 refined visual-family rule
CB2227,spiking,ASSUMPTION,2,spiking,0,BUILD_BRIEF.md 3.2 refined visual-family rule
CB2228,spiking,ASSUMPTION,7,spiking,0,BUILD_BRIEF.md 3.2 refined visual-family rule
CB2229,spiking,ASSUMPTION,3,spiking,0,BUILD_BRIEF.md 3.2 refined visual-family rule
CB2230,spiking,ASSUMPTION,4,spiking,0,BUILD_BRIEF.md 3.2 refined visual-family rule
CB2231,spiking,ASSUMPTION,4,spiking,0,BUILD_BRIEF.md 3.2 refined visual-family rule
CB2232,spiking,ASSUMPTION,5,spiking,0,BUILD_BRIEF.md 3.2 refined visual-family rule
CB2233,spiking,ASSUMPTION,3,spiking,0,BUILD_BRIEF.md 3.2 refined visual-family rule
CB2235,spiking,ASSUMPTION,5,spiking,0,BUILD_BRIEF.md 3.2 refined visual-family rule
CB2236,spiking,ASSUMPTION,3,spiking,0,BUILD_BRIEF.md 3.2 refined visual-family rule
CB2237,spiking,ASSUMPTION,4,spiking,0,BUILD_BRIEF.md 3.2 refined visual-family rule
CB2238,spiking,ASSUMPTION,4,spiking,0,BUILD_BRIEF.md 3.2 refined visual-family rule
CB2240,spiking,ASSUMPTION,4,spiking,0,BUILD_BRIEF.md 3.2 refined visual-family rule
CB2241,spiking,ASSUMPTION,2,spiking,0,BUILD_BRIEF.md 3.2 refined visual-family rule
CB2242,spiking,ASSUMPTION,11,spiking,0,BUILD_BRIEF.md 3.2 refined visual-family rule
CB2243,spiking,ASSUMPTION,3,spiking,0,BUILD_BRIEF.md 3.2 refined visual-family rule
CB2244,spiking,ASSUMPTION,4,spiking,0,BUILD_BRIEF.md 3.2 refined visual-family rule
CB2245,spiking,ASSUMPTION,9,spiking,0,BUILD_BRIEF.md 3.2 refined visual-family rule
CB2246,spiking,ASSUMPTION,6,spiking,0,BUILD_BRIEF.md 3.2 refined visual-family rule
CB2247,spiking,ASSUMPTION,2,spiking,0,BUILD_BRIEF.md 3.2 refined visual-family rule
CB2248,spiking,ASSUMPTION,4,spiking,0,BUILD_BRIEF.md 3.2 refined visual-family rule
CB2249,spiking,ASSUMPTION,4,spiking,0,BUILD_BRIEF.md 3.2 refined visual-family rule
CB2250,spiking,ASSUMPTION,4,spiking,0,BUILD_BRIEF.md 3.2 refined visual-family rule
CB2251,spiking,ASSUMPTION,5,spiking,0,BUILD_BRIEF.md 3.2 refined visual-family rule
CB2252,spiking,ASSUMPTION,10,spiking,0,BUILD_BRIEF.md 3.2 refined visual-family rule
CB2253,spiking,ASSUMPTION,3,spiking,0,BUILD_BRIEF.md 3.2 refined visual-family rule
CB2254,spiking,ASSUMPTION,2,spiking,0,BUILD_BRIEF.md 3.2 refined visual-family rule
CB2256,spiking,ASSUMPTION,4,spiking,0,BUILD_BRIEF.md 3.2 refined visual-family rule
CB2257,spiking,ASSUMPTION,2,spiking,0,BUILD_BRIEF.md 3.2 refined visual-family rule
CB2258,spiking,ASSUMPTION,4,spiking,0,BUILD_BRIEF.md 3.2 refined visual-family rule
CB2259,spiking,ASSUMPTION,5,spiking,0,BUILD_BRIEF.md 3.2 refined visual-family rule
CB2260,spiking,ASSUMPTION,3,spiking,0,BUILD_BRIEF.md 3.2 refined visual-family rule
CB2261,spiking,ASSUMPTION,2,spiking,0,BUILD_BRIEF.md 3.2 refined visual-family rule
CB2262,spiking,ASSUMPTION,4,spiking,0,BUILD_BRIEF.md 3.2 refined visual-family rule
CB2263,spiking,ASSUMPTION,8,spiking,0,BUILD_BRIEF.md 3.2 refined visual-family rule
CB2264,spiking,ASSUMPTION,2,spiking,0,BUILD_BRIEF.md 3.2 refined visual-family rule
CB2265,spiking,ASSUMPTION,4,spiking,0,BUILD_BRIEF.md 3.2 refined visual-family rule
CB2266,spiking,ASSUMPTION,3,spiking,0,BUILD_BRIEF.md 3.2 refined visual-family rule
CB2267_a,spiking,ASSUMPTION,4,spiking,0,BUILD_BRIEF.md 3.2 refined visual-family rule
CB2267_b,spiking,ASSUMPTION,6,spiking,0,BUILD_BRIEF.md 3.2 refined visual-family rule
CB2267_c,spiking,ASSUMPTION,9,spiking,0,BUILD_BRIEF.md 3.2 refined visual-family rule
CB2269,spiking,ASSUMPTION,6,spiking,0,BUILD_BRIEF.md 3.2 refined visual-family rule
CB2270,spiking,ASSUMPTION,4,spiking,0,BUILD_BRIEF.md 3.2 refined visual-family rule
CB2271,spiking,ASSUMPTION,4,spiking,0,BUILD_BRIEF.md 3.2 refined visual-family rule
CB2273,spiking,ASSUMPTION,4,spiking,0,BUILD_BRIEF.md 3.2 refined visual-family rule
CB2274,spiking,ASSUMPTION,3,spiking,0,BUILD_BRIEF.md 3.2 refined visual-family rule
CB2276,spiking,ASSUMPTION,3,spiking,0,BUILD_BRIEF.md 3.2 refined visual-family rule
CB2277,spiking,ASSUMPTION,5,spiking,0,BUILD_BRIEF.md 3.2 refined visual-family rule
CB2278,spiking,ASSUMPTION,6,spiking,0,BUILD_BRIEF.md 3.2 refined visual-family rule
CB2279,spiking,ASSUMPTION,4,spiking,0,BUILD_BRIEF.md 3.2 refined visual-family rule
CB2280,spiking,ASSUMPTION,2,spiking,0,BUILD_BRIEF.md 3.2 refined visual-family rule
CB2281,spiking,ASSUMPTION,2,spiking,0,BUILD_BRIEF.md 3.2 refined visual-family rule
CB2282,spiking,ASSUMPTION,3,spiking,0,BUILD_BRIEF.md 3.2 refined visual-family rule
CB2283,spiking,ASSUMPTION,2,spiking,0,BUILD_BRIEF.md 3.2 refined visual-family rule
CB2284,spiking,ASSUMPTION,4,spiking,0,BUILD_BRIEF.md 3.2 refined visual-family rule
CB2285,spiking,ASSUMPTION,6,spiking,0,BUILD_BRIEF.md 3.2 refined visual-family rule
CB2286,spiking,ASSUMPTION,2,spiking,0,BUILD_BRIEF.md 3.2 refined visual-family rule
CB2287,spiking,ASSUMPTION,3,spiking,0,BUILD_BRIEF.md 3.2 refined visual-family rule
CB2288,spiking,ASSUMPTION,2,spiking,0,BUILD_BRIEF.md 3.2 refined visual-family rule
CB2289,spiking,ASSUMPTION,2,spiking,0,BUILD_BRIEF.md 3.2 refined visual-family rule
CB2290,spiking,ASSUMPTION,9,spiking,0,BUILD_BRIEF.md 3.2 refined visual-family rule
CB2291,spiking,ASSUMPTION,2,spiking,0,BUILD_BRIEF.md 3.2 refined visual-family rule
CB2292,spiking,ASSUMPTION,5,spiking,0,BUILD_BRIEF.md 3.2 refined visual-family rule
CB2293,spiking,ASSUMPTION,7,spiking,0,BUILD_BRIEF.md 3.2 refined visual-family rule
CB2294,spiking,ASSUMPTION,4,spiking,0,BUILD_BRIEF.md 3.2 refined visual-family rule
CB2295,spiking,ASSUMPTION,3,spiking,0,BUILD_BRIEF.md 3.2 refined visual-family rule
CB2296,spiking,ASSUMPTION,4,spiking,0,BUILD_BRIEF.md 3.2 refined visual-family rule
CB2297,spiking,ASSUMPTION,5,spiking,0,BUILD_BRIEF.md 3.2 refined visual-family rule
CB2298,spiking,ASSUMPTION,7,spiking,0,BUILD_BRIEF.md 3.2 refined visual-family rule
CB2299,spiking,ASSUMPTION,4,spiking,0,BUILD_BRIEF.md 3.2 refined visual-family rule
CB2300,spiking,ASSUMPTION,3,spiking,0,BUILD_BRIEF.md 3.2 refined visual-family rule
CB2302,spiking,ASSUMPTION,3,spiking,0,BUILD_BRIEF.md 3.2 refined visual-family rule
CB2303,spiking,ASSUMPTION,3,spiking,0,BUILD_BRIEF.md 3.2 refined visual-family rule
CB2304,spiking,ASSUMPTION,2,spiking,0,BUILD_BRIEF.md 3.2 refined visual-family rule
CB2305,spiking,ASSUMPTION,3,spiking,0,BUILD_BRIEF.md 3.2 refined visual-family rule
CB2308,spiking,ASSUMPTION,4,spiking,0,BUILD_BRIEF.md 3.2 refined visual-family rule
CB2309,spiking,ASSUMPTION,6,spiking,0,BUILD_BRIEF.md 3.2 refined visual-family rule
CB2310,spiking,ASSUMPTION,4,spiking,0,BUILD_BRIEF.md 3.2 refined visual-family rule
CB2311,spiking,ASSUMPTION,3,spiking,0,BUILD_BRIEF.md 3.2 refined visual-family rule
CB2312,spiking,ASSUMPTION,6,spiking,0,BUILD_BRIEF.md 3.2 refined visual-family rule
CB2313,spiking,ASSUMPTION,5,spiking,0,BUILD_BRIEF.md 3.2 refined visual-family rule
CB2315,spiking,ASSUMPTION,2,spiking,0,BUILD_BRIEF.md 3.2 refined visual-family rule
CB2316,spiking,ASSUMPTION,2,spiking,0,BUILD_BRIEF.md 3.2 refined visual-family rule
CB2317,spiking,ASSUMPTION,13,spiking,0,BUILD_BRIEF.md 3.2 refined visual-family rule
CB2319,spiking,ASSUMPTION,3,spiking,0,BUILD_BRIEF.md 3.2 refined visual-family rule
CB2320,spiking,ASSUMPTION,5,spiking,0,BUILD_BRIEF.md 3.2 refined visual-family rule
CB2321,spiking,ASSUMPTION,4,spiking,0,BUILD_BRIEF.md 3.2 refined visual-family rule
CB2322,spiking,ASSUMPTION,4,spiking,0,BUILD_BRIEF.md 3.2 refined visual-family rule
CB2323,spiking,ASSUMPTION,2,spiking,0,BUILD_BRIEF.md 3.2 refined visual-family rule
CB2328,spiking,ASSUMPTION,2,spiking,0,BUILD_BRIEF.md 3.2 refined visual-family rule
CB2329,spiking,ASSUMPTION,4,spiking,0,BUILD_BRIEF.md 3.2 refined visual-family rule
CB2330,spiking,ASSUMPTION,4,spiking,0,BUILD_BRIEF.md 3.2 refined visual-family rule
CB2331,spiking,ASSUMPTION,2,spiking,0,BUILD_BRIEF.md 3.2 refined visual-family rule
CB2333,spiking,ASSUMPTION,2,spiking,0,BUILD_BRIEF.md 3.2 refined visual-family rule
CB2334,spiking,ASSUMPTION,4,spiking,0,BUILD_BRIEF.md 3.2 refined visual-family rule
CB2335,spiking,ASSUMPTION,4,spiking,0,BUILD_BRIEF.md 3.2 refined visual-family rule
CB2336,spiking,ASSUMPTION,4,spiking,0,BUILD_BRIEF.md 3.2 refined visual-family rule
CB2337,spiking,ASSUMPTION,5,spiking,0,BUILD_BRIEF.md 3.2 refined visual-family rule
CB2338,spiking,ASSUMPTION,3,spiking,0,BUILD_BRIEF.md 3.2 refined visual-family rule
CB2339,spiking,ASSUMPTION,3,spiking,0,BUILD_BRIEF.md 3.2 refined visual-family rule
CB2340,spiking,ASSUMPTION,2,spiking,0,BUILD_BRIEF.md 3.2 refined visual-family rule
CB2341,spiking,ASSUMPTION,5,spiking,0,BUILD_BRIEF.md 3.2 refined visual-family rule
CB2342,spiking,ASSUMPTION,10,spiking,0,BUILD_BRIEF.md 3.2 refined visual-family rule
CB2343,spiking,ASSUMPTION,8,spiking,0,BUILD_BRIEF.md 3.2 refined visual-family rule
CB2344,spiking,ASSUMPTION,6,spiking,0,BUILD_BRIEF.md 3.2 refined visual-family rule
CB2345,spiking,ASSUMPTION,3,spiking,0,BUILD_BRIEF.md 3.2 refined visual-family rule
CB2346,spiking,ASSUMPTION,8,spiking,0,BUILD_BRIEF.md 3.2 refined visual-family rule
CB2347,spiking,ASSUMPTION,2,spiking,0,BUILD_BRIEF.md 3.2 refined visual-family rule
CB2348,spiking,ASSUMPTION,4,spiking,0,BUILD_BRIEF.md 3.2 refined visual-family rule
CB2349,spiking,ASSUMPTION,6,spiking,0,BUILD_BRIEF.md 3.2 refined visual-family rule
CB2350,spiking,ASSUMPTION,4,spiking,0,BUILD_BRIEF.md 3.2 refined visual-family rule
CB2351,spiking,ASSUMPTION,3,spiking,0,BUILD_BRIEF.md 3.2 refined visual-family rule
CB2352,spiking,ASSUMPTION,3,spiking,0,BUILD_BRIEF.md 3.2 refined visual-family rule
CB2353,spiking,ASSUMPTION,11,spiking,0,BUILD_BRIEF.md 3.2 refined visual-family rule
CB2354,spiking,ASSUMPTION,5,spiking,0,BUILD_BRIEF.md 3.2 refined visual-family rule
CB2355,spiking,ASSUMPTION,2,spiking,0,BUILD_BRIEF.md 3.2 refined visual-family rule
CB2357,spiking,ASSUMPTION,11,spiking,0,BUILD_BRIEF.md 3.2 refined visual-family rule
CB2358,spiking,ASSUMPTION,4,spiking,0,BUILD_BRIEF.md 3.2 refined visual-family rule
CB2360,spiking,ASSUMPTION,6,spiking,0,BUILD_BRIEF.md 3.2 refined visual-family rule
CB2361,spiking,ASSUMPTION,4,spiking,0,BUILD_BRIEF.md 3.2 refined visual-family rule
CB2362,spiking,ASSUMPTION,2,spiking,0,BUILD_BRIEF.md 3.2 refined visual-family rule
CB2363,spiking,ASSUMPTION,2,spiking,0,BUILD_BRIEF.md 3.2 refined visual-family rule
CB2364,spiking,ASSUMPTION,8,spiking,0,BUILD_BRIEF.md 3.2 refined visual-family rule
CB2365,spiking,ASSUMPTION,3,spiking,0,BUILD_BRIEF.md 3.2 refined visual-family rule
CB2366,spiking,ASSUMPTION,2,spiking,0,BUILD_BRIEF.md 3.2 refined visual-family rule
CB2367,spiking,ASSUMPTION,8,spiking,0,BUILD_BRIEF.md 3.2 refined visual-family rule
CB2368,spiking,ASSUMPTION,2,spiking,0,BUILD_BRIEF.md 3.2 refined visual-family rule
CB2369,spiking,ASSUMPTION,4,spiking,0,BUILD_BRIEF.md 3.2 refined visual-family rule
CB2370,spiking,ASSUMPTION,6,spiking,0,BUILD_BRIEF.md 3.2 refined visual-family rule
CB2371,spiking,ASSUMPTION,2,spiking,0,BUILD_BRIEF.md 3.2 refined visual-family rule
CB2372,spiking,ASSUMPTION,3,spiking,0,BUILD_BRIEF.md 3.2 refined visual-family rule
CB2373,spiking,ASSUMPTION,2,spiking,0,BUILD_BRIEF.md 3.2 refined visual-family rule
CB2374,spiking,ASSUMPTION,2,spiking,0,BUILD_BRIEF.md 3.2 refined visual-family rule
CB2376,spiking,ASSUMPTION,10,spiking,0,BUILD_BRIEF.md 3.2 refined visual-family rule
CB2377,spiking,ASSUMPTION,3,spiking,0,BUILD_BRIEF.md 3.2 refined visual-family rule
CB2378,spiking,ASSUMPTION,2,spiking,0,BUILD_BRIEF.md 3.2 refined visual-family rule
CB2379,spiking,ASSUMPTION,3,spiking,0,BUILD_BRIEF.md 3.2 refined visual-family rule
CB2380,spiking,ASSUMPTION,7,spiking,0,BUILD_BRIEF.md 3.2 refined visual-family rule
CB2382,spiking,ASSUMPTION,2,spiking,0,BUILD_BRIEF.md 3.2 refined visual-family rule
CB2383,spiking,ASSUMPTION,4,spiking,0,BUILD_BRIEF.md 3.2 refined visual-family rule
CB2384,spiking,ASSUMPTION,5,spiking,0,BUILD_BRIEF.md 3.2 refined visual-family rule
CB2385,spiking,ASSUMPTION,2,spiking,0,BUILD_BRIEF.md 3.2 refined visual-family rule
CB2386,spiking,ASSUMPTION,4,spiking,0,BUILD_BRIEF.md 3.2 refined visual-family rule
CB2387,spiking,ASSUMPTION,6,spiking,0,BUILD_BRIEF.md 3.2 refined visual-family rule
CB2388,spiking,ASSUMPTION,6,spiking,0,BUILD_BRIEF.md 3.2 refined visual-family rule
CB2389,spiking,ASSUMPTION,5,spiking,0,BUILD_BRIEF.md 3.2 refined visual-family rule
CB2390,spiking,ASSUMPTION,3,spiking,0,BUILD_BRIEF.md 3.2 refined visual-family rule
CB2391,spiking,ASSUMPTION,2,spiking,0,BUILD_BRIEF.md 3.2 refined visual-family rule
CB2392,spiking,ASSUMPTION,8,spiking,0,BUILD_BRIEF.md 3.2 refined visual-family rule
CB2393,spiking,ASSUMPTION,3,spiking,0,BUILD_BRIEF.md 3.2 refined visual-family rule
CB2395a,spiking,ASSUMPTION,2,spiking,0,BUILD_BRIEF.md 3.2 refined visual-family rule
CB2395b,spiking,ASSUMPTION,3,spiking,0,BUILD_BRIEF.md 3.2 refined visual-family rule
CB2396,spiking,ASSUMPTION,5,spiking,0,BUILD_BRIEF.md 3.2 refined visual-family rule
CB2397,spiking,ASSUMPTION,4,spiking,0,BUILD_BRIEF.md 3.2 refined visual-family rule
CB2398,spiking,ASSUMPTION,4,spiking,0,BUILD_BRIEF.md 3.2 refined visual-family rule
CB2399,spiking,ASSUMPTION,9,spiking,0,BUILD_BRIEF.md 3.2 refined visual-family rule
CB2401,spiking,ASSUMPTION,3,spiking,0,BUILD_BRIEF.md 3.2 refined visual-family rule
CB2402,spiking,ASSUMPTION,4,spiking,0,BUILD_BRIEF.md 3.2 refined visual-family rule
CB2403,spiking,ASSUMPTION,2,spiking,0,BUILD_BRIEF.md 3.2 refined visual-family rule
CB2404,spiking,ASSUMPTION,6,spiking,0,BUILD_BRIEF.md 3.2 refined visual-family rule
CB2406,spiking,ASSUMPTION,4,spiking,0,BUILD_BRIEF.md 3.2 refined visual-family rule
CB2407,spiking,ASSUMPTION,4,spiking,0,BUILD_BRIEF.md 3.2 refined visual-family rule
CB2408,spiking,ASSUMPTION,2,spiking,0,BUILD_BRIEF.md 3.2 refined visual-family rule
CB2411,spiking,ASSUMPTION,4,spiking,0,BUILD_BRIEF.md 3.2 refined visual-family rule
CB2412,spiking,ASSUMPTION,4,spiking,0,BUILD_BRIEF.md 3.2 refined visual-family rule
CB2413,spiking,ASSUMPTION,4,spiking,0,BUILD_BRIEF.md 3.2 refined visual-family rule
CB2414,spiking,ASSUMPTION,4,spiking,0,BUILD_BRIEF.md 3.2 refined visual-family rule
CB2415,spiking,ASSUMPTION,5,spiking,0,BUILD_BRIEF.md 3.2 refined visual-family rule
CB2416,spiking,ASSUMPTION,4,spiking,0,BUILD_BRIEF.md 3.2 refined visual-family rule
CB2417,spiking,ASSUMPTION,4,spiking,0,BUILD_BRIEF.md 3.2 refined visual-family rule
CB2419,spiking,ASSUMPTION,4,spiking,0,BUILD_BRIEF.md 3.2 refined visual-family rule
CB2420,spiking,ASSUMPTION,3,spiking,0,BUILD_BRIEF.md 3.2 refined visual-family rule
CB2421,spiking,ASSUMPTION,4,spiking,0,BUILD_BRIEF.md 3.2 refined visual-family rule
CB2422,spiking,ASSUMPTION,4,spiking,0,BUILD_BRIEF.md 3.2 refined visual-family rule
CB2423,spiking,ASSUMPTION,2,spiking,0,BUILD_BRIEF.md 3.2 refined visual-family rule
CB2424,spiking,ASSUMPTION,3,spiking,0,BUILD_BRIEF.md 3.2 refined visual-family rule
CB2425,spiking,ASSUMPTION,2,spiking,0,BUILD_BRIEF.md 3.2 refined visual-family rule
CB2426,spiking,ASSUMPTION,2,spiking,0,BUILD_BRIEF.md 3.2 refined visual-family rule
CB2427,spiking,ASSUMPTION,2,spiking,0,BUILD_BRIEF.md 3.2 refined visual-family rule
CB2428,spiking,ASSUMPTION,5,spiking,0,BUILD_BRIEF.md 3.2 refined visual-family rule
CB2429,spiking,ASSUMPTION,2,spiking,0,BUILD_BRIEF.md 3.2 refined visual-family rule
CB2430,spiking,ASSUMPTION,4,spiking,0,BUILD_BRIEF.md 3.2 refined visual-family rule
CB2431,spiking,ASSUMPTION,6,spiking,0,BUILD_BRIEF.md 3.2 refined visual-family rule
CB2432,spiking,ASSUMPTION,3,spiking,0,BUILD_BRIEF.md 3.2 refined visual-family rule
CB2433,spiking,ASSUMPTION,8,spiking,0,BUILD_BRIEF.md 3.2 refined visual-family rule
CB2434,spiking,ASSUMPTION,4,spiking,0,BUILD_BRIEF.md 3.2 refined visual-family rule
CB2436,spiking,ASSUMPTION,4,spiking,0,BUILD_BRIEF.md 3.2 refined visual-family rule
CB2437,spiking,ASSUMPTION,2,spiking,0,BUILD_BRIEF.md 3.2 refined visual-family rule
CB2438,spiking,ASSUMPTION,4,spiking,0,BUILD_BRIEF.md 3.2 refined visual-family rule
CB2439,spiking,ASSUMPTION,2,spiking,0,BUILD_BRIEF.md 3.2 refined visual-family rule
CB2440,spiking,ASSUMPTION,10,spiking,0,BUILD_BRIEF.md 3.2 refined visual-family rule
CB2442,spiking,ASSUMPTION,2,spiking,0,BUILD_BRIEF.md 3.2 refined visual-family rule
CB2443,spiking,ASSUMPTION,6,spiking,0,BUILD_BRIEF.md 3.2 refined visual-family rule
CB2444,spiking,ASSUMPTION,3,spiking,0,BUILD_BRIEF.md 3.2 refined visual-family rule
CB2446,spiking,ASSUMPTION,3,spiking,0,BUILD_BRIEF.md 3.2 refined visual-family rule
CB2447,spiking,ASSUMPTION,3,spiking,0,BUILD_BRIEF.md 3.2 refined visual-family rule
CB2448,spiking,ASSUMPTION,5,spiking,0,BUILD_BRIEF.md 3.2 refined visual-family rule
CB2449,spiking,ASSUMPTION,6,spiking,0,BUILD_BRIEF.md 3.2 refined visual-family rule
CB2450,spiking,ASSUMPTION,2,spiking,0,BUILD_BRIEF.md 3.2 refined visual-family rule
CB2451,spiking,ASSUMPTION,2,spiking,0,BUILD_BRIEF.md 3.2 refined visual-family rule
CB2452,spiking,ASSUMPTION,4,spiking,0,BUILD_BRIEF.md 3.2 refined visual-family rule
CB2453,spiking,ASSUMPTION,4,spiking,0,BUILD_BRIEF.md 3.2 refined visual-family rule
CB2455,spiking,ASSUMPTION,4,spiking,0,BUILD_BRIEF.md 3.2 refined visual-family rule
CB2456,spiking,ASSUMPTION,5,spiking,0,BUILD_BRIEF.md 3.2 refined visual-family rule
CB2457,spiking,ASSUMPTION,2,spiking,0,BUILD_BRIEF.md 3.2 refined visual-family rule
CB2458,spiking,ASSUMPTION,3,spiking,0,BUILD_BRIEF.md 3.2 refined visual-family rule
CB2459,spiking,ASSUMPTION,4,spiking,0,BUILD_BRIEF.md 3.2 refined visual-family rule
CB2460,spiking,ASSUMPTION,5,spiking,0,BUILD_BRIEF.md 3.2 refined visual-family rule
CB2461,spiking,ASSUMPTION,4,spiking,0,BUILD_BRIEF.md 3.2 refined visual-family rule
CB2462,spiking,ASSUMPTION,3,spiking,0,BUILD_BRIEF.md 3.2 refined visual-family rule
CB2463,spiking,ASSUMPTION,6,spiking,0,BUILD_BRIEF.md 3.2 refined visual-family rule
CB2465,spiking,ASSUMPTION,2,spiking,0,BUILD_BRIEF.md 3.2 refined visual-family rule
CB2466,spiking,ASSUMPTION,5,spiking,0,BUILD_BRIEF.md 3.2 refined visual-family rule
CB2467,spiking,ASSUMPTION,9,spiking,0,BUILD_BRIEF.md 3.2 refined visual-family rule
CB2468,spiking,ASSUMPTION,4,spiking,0,BUILD_BRIEF.md 3.2 refined visual-family rule
CB2469,spiking,ASSUMPTION,5,spiking,0,BUILD_BRIEF.md 3.2 refined visual-family rule
CB2470,spiking,ASSUMPTION,4,spiking,0,BUILD_BRIEF.md 3.2 refined visual-family rule
CB2471,spiking,ASSUMPTION,5,spiking,0,BUILD_BRIEF.md 3.2 refined visual-family rule
CB2472,spiking,ASSUMPTION,5,spiking,0,BUILD_BRIEF.md 3.2 refined visual-family rule
CB2473,spiking,ASSUMPTION,4,spiking,0,BUILD_BRIEF.md 3.2 refined visual-family rule
CB2474,spiking,ASSUMPTION,2,spiking,0,BUILD_BRIEF.md 3.2 refined visual-family rule
CB2475,spiking,ASSUMPTION,2,spiking,0,BUILD_BRIEF.md 3.2 refined visual-family rule
CB2476,spiking,ASSUMPTION,6,spiking,0,BUILD_BRIEF.md 3.2 refined visual-family rule
CB2477,spiking,ASSUMPTION,5,spiking,0,BUILD_BRIEF.md 3.2 refined visual-family rule
CB2478,spiking,ASSUMPTION,2,spiking,0,BUILD_BRIEF.md 3.2 refined visual-family rule
CB2479,spiking,ASSUMPTION,7,spiking,0,BUILD_BRIEF.md 3.2 refined visual-family rule
CB2480,spiking,ASSUMPTION,6,spiking,0,BUILD_BRIEF.md 3.2 refined visual-family rule
CB2481,spiking,ASSUMPTION,3,spiking,0,BUILD_BRIEF.md 3.2 refined visual-family rule
CB2482,spiking,ASSUMPTION,2,spiking,0,BUILD_BRIEF.md 3.2 refined visual-family rule
CB2485,spiking,ASSUMPTION,5,spiking,0,BUILD_BRIEF.md 3.2 refined visual-family rule
CB2487,spiking,ASSUMPTION,3,spiking,0,BUILD_BRIEF.md 3.2 refined visual-family rule
CB2488,spiking,ASSUMPTION,3,spiking,0,BUILD_BRIEF.md 3.2 refined visual-family rule
CB2489,spiking,ASSUMPTION,2,spiking,0,BUILD_BRIEF.md 3.2 refined visual-family rule
CB2490,spiking,ASSUMPTION,2,spiking,0,BUILD_BRIEF.md 3.2 refined visual-family rule
CB2491,spiking,ASSUMPTION,4,spiking,0,BUILD_BRIEF.md 3.2 refined visual-family rule
CB2492,spiking,ASSUMPTION,3,spiking,0,BUILD_BRIEF.md 3.2 refined visual-family rule
CB2493,spiking,ASSUMPTION,4,spiking,0,BUILD_BRIEF.md 3.2 refined visual-family rule
CB2494,spiking,ASSUMPTION,5,spiking,0,BUILD_BRIEF.md 3.2 refined visual-family rule
CB2495,spiking,ASSUMPTION,2,spiking,0,BUILD_BRIEF.md 3.2 refined visual-family rule
CB2497,spiking,ASSUMPTION,4,spiking,0,BUILD_BRIEF.md 3.2 refined visual-family rule
CB2498,spiking,ASSUMPTION,7,spiking,0,BUILD_BRIEF.md 3.2 refined visual-family rule
CB2500,spiking,ASSUMPTION,2,spiking,0,BUILD_BRIEF.md 3.2 refined visual-family rule
CB2501,spiking,ASSUMPTION,7,spiking,0,BUILD_BRIEF.md 3.2 refined visual-family rule
CB2502,spiking,ASSUMPTION,6,spiking,0,BUILD_BRIEF.md 3.2 refined visual-family rule
CB2503,spiking,ASSUMPTION,6,spiking,0,BUILD_BRIEF.md 3.2 refined visual-family rule
CB2504,spiking,ASSUMPTION,3,spiking,0,BUILD_BRIEF.md 3.2 refined visual-family rule
CB2505,spiking,ASSUMPTION,4,spiking,0,BUILD_BRIEF.md 3.2 refined visual-family rule
CB2506,spiking,ASSUMPTION,4,spiking,0,BUILD_BRIEF.md 3.2 refined visual-family rule
CB2507,spiking,ASSUMPTION,7,spiking,0,BUILD_BRIEF.md 3.2 refined visual-family rule
CB2509,spiking,ASSUMPTION,4,spiking,0,BUILD_BRIEF.md 3.2 refined visual-family rule
CB2510,spiking,ASSUMPTION,4,spiking,0,BUILD_BRIEF.md 3.2 refined visual-family rule
CB2512,spiking,ASSUMPTION,4,spiking,0,BUILD_BRIEF.md 3.2 refined visual-family rule
CB2513,spiking,ASSUMPTION,2,spiking,0,BUILD_BRIEF.md 3.2 refined visual-family rule
CB2514,spiking,ASSUMPTION,8,spiking,0,BUILD_BRIEF.md 3.2 refined visual-family rule
CB2515,spiking,ASSUMPTION,2,spiking,0,BUILD_BRIEF.md 3.2 refined visual-family rule
CB2516,spiking,ASSUMPTION,4,spiking,0,BUILD_BRIEF.md 3.2 refined visual-family rule
CB2517,spiking,ASSUMPTION,26,spiking,0,BUILD_BRIEF.md 3.2 refined visual-family rule
CB2518,spiking,ASSUMPTION,3,spiking,0,BUILD_BRIEF.md 3.2 refined visual-family rule
CB2519,spiking,ASSUMPTION,3,spiking,0,BUILD_BRIEF.md 3.2 refined visual-family rule
CB2520,spiking,ASSUMPTION,5,spiking,0,BUILD_BRIEF.md 3.2 refined visual-family rule
CB2521,spiking,ASSUMPTION,2,spiking,0,BUILD_BRIEF.md 3.2 refined visual-family rule
CB2522,spiking,ASSUMPTION,6,spiking,0,BUILD_BRIEF.md 3.2 refined visual-family rule
CB2523,spiking,ASSUMPTION,4,spiking,0,BUILD_BRIEF.md 3.2 refined visual-family rule
CB2524,spiking,ASSUMPTION,5,spiking,0,BUILD_BRIEF.md 3.2 refined visual-family rule
CB2525,spiking,ASSUMPTION,3,spiking,0,BUILD_BRIEF.md 3.2 refined visual-family rule
CB2526,spiking,ASSUMPTION,3,spiking,0,BUILD_BRIEF.md 3.2 refined visual-family rule
CB2527,spiking,ASSUMPTION,6,spiking,0,BUILD_BRIEF.md 3.2 refined visual-family rule
CB2528,spiking,ASSUMPTION,3,spiking,0,BUILD_BRIEF.md 3.2 refined visual-family rule
CB2529,spiking,ASSUMPTION,2,spiking,0,BUILD_BRIEF.md 3.2 refined visual-family rule
CB2530,spiking,ASSUMPTION,2,spiking,0,BUILD_BRIEF.md 3.2 refined visual-family rule
CB2531,spiking,ASSUMPTION,5,spiking,0,BUILD_BRIEF.md 3.2 refined visual-family rule
CB2532,spiking,ASSUMPTION,6,spiking,0,BUILD_BRIEF.md 3.2 refined visual-family rule
CB2533,spiking,ASSUMPTION,5,spiking,0,BUILD_BRIEF.md 3.2 refined visual-family rule
CB2534,spiking,ASSUMPTION,7,spiking,0,BUILD_BRIEF.md 3.2 refined visual-family rule
CB2535,spiking,ASSUMPTION,4,spiking,0,BUILD_BRIEF.md 3.2 refined visual-family rule
CB2537,spiking,ASSUMPTION,4,spiking,0,BUILD_BRIEF.md 3.2 refined visual-family rule
CB2538,spiking,ASSUMPTION,2,spiking,0,BUILD_BRIEF.md 3.2 refined visual-family rule
CB2539,spiking,ASSUMPTION,7,spiking,0,BUILD_BRIEF.md 3.2 refined visual-family rule
CB2541,spiking,ASSUMPTION,5,spiking,0,BUILD_BRIEF.md 3.2 refined visual-family rule
CB2542,spiking,ASSUMPTION,3,spiking,0,BUILD_BRIEF.md 3.2 refined visual-family rule
CB2543,spiking,ASSUMPTION,3,spiking,0,BUILD_BRIEF.md 3.2 refined visual-family rule
CB2544,spiking,ASSUMPTION,3,spiking,0,BUILD_BRIEF.md 3.2 refined visual-family rule
CB2545,spiking,ASSUMPTION,5,spiking,0,BUILD_BRIEF.md 3.2 refined visual-family rule
CB2547,spiking,ASSUMPTION,2,spiking,0,BUILD_BRIEF.md 3.2 refined visual-family rule
CB2548,spiking,ASSUMPTION,4,spiking,0,BUILD_BRIEF.md 3.2 refined visual-family rule
CB2549,spiking,ASSUMPTION,2,spiking,0,BUILD_BRIEF.md 3.2 refined visual-family rule
CB2550,spiking,ASSUMPTION,5,spiking,0,BUILD_BRIEF.md 3.2 refined visual-family rule
CB2551,spiking,ASSUMPTION,6,spiking,0,BUILD_BRIEF.md 3.2 refined visual-family rule
CB2552,spiking,ASSUMPTION,4,spiking,0,BUILD_BRIEF.md 3.2 refined visual-family rule
CB2553,spiking,ASSUMPTION,4,spiking,0,BUILD_BRIEF.md 3.2 refined visual-family rule
CB2554,spiking,ASSUMPTION,3,spiking,0,BUILD_BRIEF.md 3.2 refined visual-family rule
CB2555,spiking,ASSUMPTION,3,spiking,0,BUILD_BRIEF.md 3.2 refined visual-family rule
CB2556,spiking,ASSUMPTION,7,spiking,0,BUILD_BRIEF.md 3.2 refined visual-family rule
CB2557,spiking,ASSUMPTION,2,spiking,0,BUILD_BRIEF.md 3.2 refined visual-family rule
CB2558,spiking,ASSUMPTION,10,spiking,0,BUILD_BRIEF.md 3.2 refined visual-family rule
CB2559,spiking,ASSUMPTION,3,spiking,0,BUILD_BRIEF.md 3.2 refined visual-family rule
CB2560,spiking,ASSUMPTION,2,spiking,0,BUILD_BRIEF.md 3.2 refined visual-family rule
CB2561,spiking,ASSUMPTION,3,spiking,0,BUILD_BRIEF.md 3.2 refined visual-family rule
CB2563,spiking,ASSUMPTION,2,spiking,0,BUILD_BRIEF.md 3.2 refined visual-family rule
CB2564,spiking,ASSUMPTION,2,spiking,0,BUILD_BRIEF.md 3.2 refined visual-family rule
CB2565,spiking,ASSUMPTION,7,spiking,0,BUILD_BRIEF.md 3.2 refined visual-family rule
CB2566,spiking,ASSUMPTION,2,spiking,0,BUILD_BRIEF.md 3.2 refined visual-family rule
CB2567,spiking,ASSUMPTION,9,spiking,0,BUILD_BRIEF.md 3.2 refined visual-family rule
CB2568,spiking,ASSUMPTION,4,spiking,0,BUILD_BRIEF.md 3.2 refined visual-family rule
CB2569,spiking,ASSUMPTION,4,spiking,0,BUILD_BRIEF.md 3.2 refined visual-family rule
CB2571,spiking,ASSUMPTION,5,spiking,0,BUILD_BRIEF.md 3.2 refined visual-family rule
CB2572,spiking,ASSUMPTION,8,spiking,0,BUILD_BRIEF.md 3.2 refined visual-family rule
CB2573,spiking,ASSUMPTION,6,spiking,0,BUILD_BRIEF.md 3.2 refined visual-family rule
CB2574,spiking,ASSUMPTION,4,spiking,0,BUILD_BRIEF.md 3.2 refined visual-family rule
CB2575,spiking,ASSUMPTION,3,spiking,0,BUILD_BRIEF.md 3.2 refined visual-family rule
CB2576,spiking,ASSUMPTION,4,spiking,0,BUILD_BRIEF.md 3.2 refined visual-family rule
CB2577,spiking,ASSUMPTION,3,spiking,0,BUILD_BRIEF.md 3.2 refined visual-family rule
CB2579,spiking,ASSUMPTION,2,spiking,0,BUILD_BRIEF.md 3.2 refined visual-family rule
CB2580,spiking,ASSUMPTION,7,spiking,0,BUILD_BRIEF.md 3.2 refined visual-family rule
CB2581,spiking,ASSUMPTION,4,spiking,0,BUILD_BRIEF.md 3.2 refined visual-family rule
CB2582,spiking,ASSUMPTION,3,spiking,0,BUILD_BRIEF.md 3.2 refined visual-family rule
CB2583,spiking,ASSUMPTION,3,spiking,0,BUILD_BRIEF.md 3.2 refined visual-family rule
CB2584,spiking,ASSUMPTION,5,spiking,0,BUILD_BRIEF.md 3.2 refined visual-family rule
CB2585,spiking,ASSUMPTION,5,spiking,0,BUILD_BRIEF.md 3.2 refined visual-family rule
CB2587,spiking,ASSUMPTION,4,spiking,0,BUILD_BRIEF.md 3.2 refined visual-family rule
CB2588,spiking,ASSUMPTION,4,spiking,0,BUILD_BRIEF.md 3.2 refined visual-family rule
CB2589,spiking,ASSUMPTION,7,spiking,0,BUILD_BRIEF.md 3.2 refined visual-family rule
CB2591,spiking,ASSUMPTION,2,spiking,0,BUILD_BRIEF.md 3.2 refined visual-family rule
CB2592,spiking,ASSUMPTION,6,spiking,0,BUILD_BRIEF.md 3.2 refined visual-family rule
CB2593,spiking,ASSUMPTION,5,spiking,0,BUILD_BRIEF.md 3.2 refined visual-family rule
CB2594,spiking,ASSUMPTION,2,spiking,0,BUILD_BRIEF.md 3.2 refined visual-family rule
CB2595,spiking,ASSUMPTION,2,spiking,0,BUILD_BRIEF.md 3.2 refined visual-family rule
CB2596,spiking,ASSUMPTION,4,spiking,0,BUILD_BRIEF.md 3.2 refined visual-family rule
CB2598,spiking,ASSUMPTION,2,spiking,0,BUILD_BRIEF.md 3.2 refined visual-family rule
CB2599,spiking,ASSUMPTION,4,spiking,0,BUILD_BRIEF.md 3.2 refined visual-family rule
CB2600,spiking,ASSUMPTION,3,spiking,0,BUILD_BRIEF.md 3.2 refined visual-family rule
CB2602,spiking,ASSUMPTION,3,spiking,0,BUILD_BRIEF.md 3.2 refined visual-family rule
CB2604,spiking,ASSUMPTION,5,spiking,0,BUILD_BRIEF.md 3.2 refined visual-family rule
CB2605,spiking,ASSUMPTION,5,spiking,0,BUILD_BRIEF.md 3.2 refined visual-family rule
CB2606,spiking,ASSUMPTION,2,spiking,0,BUILD_BRIEF.md 3.2 refined visual-family rule
CB2607,spiking,ASSUMPTION,2,spiking,0,BUILD_BRIEF.md 3.2 refined visual-family rule
CB2608,spiking,ASSUMPTION,2,spiking,0,BUILD_BRIEF.md 3.2 refined visual-family rule
CB2610,spiking,ASSUMPTION,9,spiking,0,BUILD_BRIEF.md 3.2 refined visual-family rule
CB2611,spiking,ASSUMPTION,4,spiking,0,BUILD_BRIEF.md 3.2 refined visual-family rule
CB2612,spiking,ASSUMPTION,2,spiking,0,BUILD_BRIEF.md 3.2 refined visual-family rule
CB2613,spiking,ASSUMPTION,2,spiking,0,BUILD_BRIEF.md 3.2 refined visual-family rule
CB2615,spiking,ASSUMPTION,3,spiking,0,BUILD_BRIEF.md 3.2 refined visual-family rule
CB2616,spiking,ASSUMPTION,4,spiking,0,BUILD_BRIEF.md 3.2 refined visual-family rule
CB2617,spiking,ASSUMPTION,3,spiking,0,BUILD_BRIEF.md 3.2 refined visual-family rule
CB2618,spiking,ASSUMPTION,4,spiking,0,BUILD_BRIEF.md 3.2 refined visual-family rule
CB2619,spiking,ASSUMPTION,2,spiking,0,BUILD_BRIEF.md 3.2 refined visual-family rule
CB2620,spiking,ASSUMPTION,3,spiking,0,BUILD_BRIEF.md 3.2 refined visual-family rule
CB2621,spiking,ASSUMPTION,7,spiking,0,BUILD_BRIEF.md 3.2 refined visual-family rule
CB2623,spiking,ASSUMPTION,3,spiking,0,BUILD_BRIEF.md 3.2 refined visual-family rule
CB2624,spiking,ASSUMPTION,3,spiking,0,BUILD_BRIEF.md 3.2 refined visual-family rule
CB2625,spiking,ASSUMPTION,6,spiking,0,BUILD_BRIEF.md 3.2 refined visual-family rule
CB2626,spiking,ASSUMPTION,3,spiking,0,BUILD_BRIEF.md 3.2 refined visual-family rule
CB2627,spiking,ASSUMPTION,2,spiking,0,BUILD_BRIEF.md 3.2 refined visual-family rule
CB2628,spiking,ASSUMPTION,4,spiking,0,BUILD_BRIEF.md 3.2 refined visual-family rule
CB2629,spiking,ASSUMPTION,2,spiking,0,BUILD_BRIEF.md 3.2 refined visual-family rule
CB2630,spiking,ASSUMPTION,2,spiking,0,BUILD_BRIEF.md 3.2 refined visual-family rule
CB2632,spiking,ASSUMPTION,2,spiking,0,BUILD_BRIEF.md 3.2 refined visual-family rule
CB2633,spiking,ASSUMPTION,4,spiking,0,BUILD_BRIEF.md 3.2 refined visual-family rule
CB2634,spiking,ASSUMPTION,3,spiking,0,BUILD_BRIEF.md 3.2 refined visual-family rule
CB2635,spiking,ASSUMPTION,5,spiking,0,BUILD_BRIEF.md 3.2 refined visual-family rule
CB2636,spiking,ASSUMPTION,6,spiking,0,BUILD_BRIEF.md 3.2 refined visual-family rule
CB2637,spiking,ASSUMPTION,2,spiking,0,BUILD_BRIEF.md 3.2 refined visual-family rule
CB2638,spiking,ASSUMPTION,6,spiking,0,BUILD_BRIEF.md 3.2 refined visual-family rule
CB2639,spiking,ASSUMPTION,4,spiking,0,BUILD_BRIEF.md 3.2 refined visual-family rule
CB2640,spiking,ASSUMPTION,5,spiking,0,BUILD_BRIEF.md 3.2 refined visual-family rule
CB2642,spiking,ASSUMPTION,7,spiking,0,BUILD_BRIEF.md 3.2 refined visual-family rule
CB2643,spiking,ASSUMPTION,4,spiking,0,BUILD_BRIEF.md 3.2 refined visual-family rule
CB2644,spiking,ASSUMPTION,4,spiking,0,BUILD_BRIEF.md 3.2 refined visual-family rule
CB2645,spiking,ASSUMPTION,4,spiking,0,BUILD_BRIEF.md 3.2 refined visual-family rule
CB2646,spiking,ASSUMPTION,2,spiking,0,BUILD_BRIEF.md 3.2 refined visual-family rule
CB2647,spiking,ASSUMPTION,4,spiking,0,BUILD_BRIEF.md 3.2 refined visual-family rule
CB2648,spiking,ASSUMPTION,2,spiking,0,BUILD_BRIEF.md 3.2 refined visual-family rule
CB2649,spiking,ASSUMPTION,2,spiking,0,BUILD_BRIEF.md 3.2 refined visual-family rule
CB2650,spiking,ASSUMPTION,2,spiking,0,BUILD_BRIEF.md 3.2 refined visual-family rule
CB2651,spiking,ASSUMPTION,2,spiking,0,BUILD_BRIEF.md 3.2 refined visual-family rule
CB2652,spiking,ASSUMPTION,2,spiking,0,BUILD_BRIEF.md 3.2 refined visual-family rule
CB2653,spiking,ASSUMPTION,2,spiking,0,BUILD_BRIEF.md 3.2 refined visual-family rule
CB2655,spiking,ASSUMPTION,4,spiking,0,BUILD_BRIEF.md 3.2 refined visual-family rule
CB2656,spiking,ASSUMPTION,2,spiking,0,BUILD_BRIEF.md 3.2 refined visual-family rule
CB2657,spiking,ASSUMPTION,2,spiking,0,BUILD_BRIEF.md 3.2 refined visual-family rule
CB2659,spiking,ASSUMPTION,4,spiking,0,BUILD_BRIEF.md 3.2 refined visual-family rule
CB2660,spiking,ASSUMPTION,3,spiking,0,BUILD_BRIEF.md 3.2 refined visual-family rule
CB2661,spiking,ASSUMPTION,3,spiking,0,BUILD_BRIEF.md 3.2 refined visual-family rule
CB2662,spiking,ASSUMPTION,2,spiking,0,BUILD_BRIEF.md 3.2 refined visual-family rule
CB2663,spiking,ASSUMPTION,3,spiking,0,BUILD_BRIEF.md 3.2 refined visual-family rule
CB2664,spiking,ASSUMPTION,7,spiking,0,BUILD_BRIEF.md 3.2 refined visual-family rule
CB2665,spiking,ASSUMPTION,2,spiking,0,BUILD_BRIEF.md 3.2 refined visual-family rule
CB2666,spiking,ASSUMPTION,7,spiking,0,BUILD_BRIEF.md 3.2 refined visual-family rule
CB2667,spiking,ASSUMPTION,4,spiking,0,BUILD_BRIEF.md 3.2 refined visual-family rule
CB2668,spiking,ASSUMPTION,2,spiking,0,BUILD_BRIEF.md 3.2 refined visual-family rule
CB2669,spiking,ASSUMPTION,2,spiking,0,BUILD_BRIEF.md 3.2 refined visual-family rule
CB2670,spiking,ASSUMPTION,3,spiking,0,BUILD_BRIEF.md 3.2 refined visual-family rule
CB2671,spiking,ASSUMPTION,4,spiking,0,BUILD_BRIEF.md 3.2 refined visual-family rule
CB2672,spiking,ASSUMPTION,3,spiking,0,BUILD_BRIEF.md 3.2 refined visual-family rule
CB2673,spiking,ASSUMPTION,2,spiking,0,BUILD_BRIEF.md 3.2 refined visual-family rule
CB2674,spiking,ASSUMPTION,5,spiking,0,BUILD_BRIEF.md 3.2 refined visual-family rule
CB2675,spiking,ASSUMPTION,2,spiking,0,BUILD_BRIEF.md 3.2 refined visual-family rule
CB2676,spiking,ASSUMPTION,2,spiking,0,BUILD_BRIEF.md 3.2 refined visual-family rule
CB2677,spiking,ASSUMPTION,4,spiking,0,BUILD_BRIEF.md 3.2 refined visual-family rule
CB2678,spiking,ASSUMPTION,7,spiking,0,BUILD_BRIEF.md 3.2 refined visual-family rule
CB2679,spiking,ASSUMPTION,6,spiking,0,BUILD_BRIEF.md 3.2 refined visual-family rule
CB2680,spiking,ASSUMPTION,2,spiking,0,BUILD_BRIEF.md 3.2 refined visual-family rule
CB2681,spiking,ASSUMPTION,2,spiking,0,BUILD_BRIEF.md 3.2 refined visual-family rule
CB2682,spiking,ASSUMPTION,2,spiking,0,BUILD_BRIEF.md 3.2 refined visual-family rule
CB2683,spiking,ASSUMPTION,3,spiking,0,BUILD_BRIEF.md 3.2 refined visual-family rule
CB2684,spiking,ASSUMPTION,4,spiking,0,BUILD_BRIEF.md 3.2 refined visual-family rule
CB2685,spiking,ASSUMPTION,12,spiking,0,BUILD_BRIEF.md 3.2 refined visual-family rule
CB2687,spiking,ASSUMPTION,3,spiking,0,BUILD_BRIEF.md 3.2 refined visual-family rule
CB2688,spiking,ASSUMPTION,4,spiking,0,BUILD_BRIEF.md 3.2 refined visual-family rule
CB2689,spiking,ASSUMPTION,3,spiking,0,BUILD_BRIEF.md 3.2 refined visual-family rule
CB2690,spiking,ASSUMPTION,8,spiking,0,BUILD_BRIEF.md 3.2 refined visual-family rule
CB2691,spiking,ASSUMPTION,2,spiking,0,BUILD_BRIEF.md 3.2 refined visual-family rule
CB2692,spiking,ASSUMPTION,3,spiking,0,BUILD_BRIEF.md 3.2 refined visual-family rule
CB2693,spiking,ASSUMPTION,6,spiking,0,BUILD_BRIEF.md 3.2 refined visual-family rule
CB2694,spiking,ASSUMPTION,6,spiking,0,BUILD_BRIEF.md 3.2 refined visual-family rule
CB2695,spiking,ASSUMPTION,4,spiking,0,BUILD_BRIEF.md 3.2 refined visual-family rule
CB2696,spiking,ASSUMPTION,4,spiking,0,BUILD_BRIEF.md 3.2 refined visual-family rule
CB2697,spiking,ASSUMPTION,4,spiking,0,BUILD_BRIEF.md 3.2 refined visual-family rule
CB2698,spiking,ASSUMPTION,2,spiking,0,BUILD_BRIEF.md 3.2 refined visual-family rule
CB2699,spiking,ASSUMPTION,2,spiking,0,BUILD_BRIEF.md 3.2 refined visual-family rule
CB2700,spiking,ASSUMPTION,4,spiking,0,BUILD_BRIEF.md 3.2 refined visual-family rule
CB2701,spiking,ASSUMPTION,4,spiking,0,BUILD_BRIEF.md 3.2 refined visual-family rule
CB2702,spiking,ASSUMPTION,3,spiking,0,BUILD_BRIEF.md 3.2 refined visual-family rule
CB2703,spiking,ASSUMPTION,6,spiking,0,BUILD_BRIEF.md 3.2 refined visual-family rule
CB2706,spiking,ASSUMPTION,2,spiking,0,BUILD_BRIEF.md 3.2 refined visual-family rule
CB2707,spiking,ASSUMPTION,6,spiking,0,BUILD_BRIEF.md 3.2 refined visual-family rule
CB2708,spiking,ASSUMPTION,8,spiking,0,BUILD_BRIEF.md 3.2 refined visual-family rule
CB2709,spiking,ASSUMPTION,3,spiking,0,BUILD_BRIEF.md 3.2 refined visual-family rule
CB2710,spiking,ASSUMPTION,7,spiking,0,BUILD_BRIEF.md 3.2 refined visual-family rule
CB2711,spiking,ASSUMPTION,3,spiking,0,BUILD_BRIEF.md 3.2 refined visual-family rule
CB2712,spiking,ASSUMPTION,5,spiking,0,BUILD_BRIEF.md 3.2 refined visual-family rule
CB2713,spiking,ASSUMPTION,4,spiking,0,BUILD_BRIEF.md 3.2 refined visual-family rule
CB2714,spiking,ASSUMPTION,4,spiking,0,BUILD_BRIEF.md 3.2 refined visual-family rule
CB2715,spiking,ASSUMPTION,4,spiking,0,BUILD_BRIEF.md 3.2 refined visual-family rule
CB2716,spiking,ASSUMPTION,1,spiking,0,BUILD_BRIEF.md 3.2 refined visual-family rule
CB2717,spiking,ASSUMPTION,9,spiking,0,BUILD_BRIEF.md 3.2 refined visual-family rule
CB2718,spiking,ASSUMPTION,2,spiking,0,BUILD_BRIEF.md 3.2 refined visual-family rule
CB2719,spiking,ASSUMPTION,4,spiking,0,BUILD_BRIEF.md 3.2 refined visual-family rule
CB2720,spiking,ASSUMPTION,7,spiking,0,BUILD_BRIEF.md 3.2 refined visual-family rule
CB2721,spiking,ASSUMPTION,2,spiking,0,BUILD_BRIEF.md 3.2 refined visual-family rule
CB2723,spiking,ASSUMPTION,5,spiking,0,BUILD_BRIEF.md 3.2 refined visual-family rule
CB2724,spiking,ASSUMPTION,3,spiking,0,BUILD_BRIEF.md 3.2 refined visual-family rule
CB2725,spiking,ASSUMPTION,2,spiking,0,BUILD_BRIEF.md 3.2 refined visual-family rule
CB2726,spiking,ASSUMPTION,4,spiking,0,BUILD_BRIEF.md 3.2 refined visual-family rule
CB2728,spiking,ASSUMPTION,5,spiking,0,BUILD_BRIEF.md 3.2 refined visual-family rule
CB2729,spiking,ASSUMPTION,2,spiking,0,BUILD_BRIEF.md 3.2 refined visual-family rule
CB2731,spiking,ASSUMPTION,4,spiking,0,BUILD_BRIEF.md 3.2 refined visual-family rule
CB2733,spiking,ASSUMPTION,4,spiking,0,BUILD_BRIEF.md 3.2 refined visual-family rule
CB2735,spiking,ASSUMPTION,3,spiking,0,BUILD_BRIEF.md 3.2 refined visual-family rule
CB2736,spiking,ASSUMPTION,3,spiking,0,BUILD_BRIEF.md 3.2 refined visual-family rule
CB2737,spiking,ASSUMPTION,2,spiking,0,BUILD_BRIEF.md 3.2 refined visual-family rule
CB2738,spiking,ASSUMPTION,3,spiking,0,BUILD_BRIEF.md 3.2 refined visual-family rule
CB2739,spiking,ASSUMPTION,3,spiking,0,BUILD_BRIEF.md 3.2 refined visual-family rule
CB2741,spiking,ASSUMPTION,2,spiking,0,BUILD_BRIEF.md 3.2 refined visual-family rule
CB2743,spiking,ASSUMPTION,2,spiking,0,BUILD_BRIEF.md 3.2 refined visual-family rule
CB2744,spiking,ASSUMPTION,11,spiking,0,BUILD_BRIEF.md 3.2 refined visual-family rule
CB2745,spiking,ASSUMPTION,4,spiking,0,BUILD_BRIEF.md 3.2 refined visual-family rule
CB2746,spiking,ASSUMPTION,2,spiking,0,BUILD_BRIEF.md 3.2 refined visual-family rule
CB2747,spiking,ASSUMPTION,2,spiking,0,BUILD_BRIEF.md 3.2 refined visual-family rule
CB2748,spiking,ASSUMPTION,4,spiking,0,BUILD_BRIEF.md 3.2 refined visual-family rule
CB2749,spiking,ASSUMPTION,2,spiking,0,BUILD_BRIEF.md 3.2 refined visual-family rule
CB2750,spiking,ASSUMPTION,5,spiking,0,BUILD_BRIEF.md 3.2 refined visual-family rule
CB2751,spiking,ASSUMPTION,2,spiking,0,BUILD_BRIEF.md 3.2 refined visual-family rule
CB2752,spiking,ASSUMPTION,2,spiking,0,BUILD_BRIEF.md 3.2 refined visual-family rule
CB2754,spiking,ASSUMPTION,6,spiking,0,BUILD_BRIEF.md 3.2 refined visual-family rule
CB2755,spiking,ASSUMPTION,2,spiking,0,BUILD_BRIEF.md 3.2 refined visual-family rule
CB2756,spiking,ASSUMPTION,4,spiking,0,BUILD_BRIEF.md 3.2 refined visual-family rule
CB2757,spiking,ASSUMPTION,5,spiking,0,BUILD_BRIEF.md 3.2 refined visual-family rule
CB2758,spiking,ASSUMPTION,2,spiking,0,BUILD_BRIEF.md 3.2 refined visual-family rule
CB2759,spiking,ASSUMPTION,4,spiking,0,BUILD_BRIEF.md 3.2 refined visual-family rule
CB2760,spiking,ASSUMPTION,3,spiking,0,BUILD_BRIEF.md 3.2 refined visual-family rule
CB2761,spiking,ASSUMPTION,3,spiking,0,BUILD_BRIEF.md 3.2 refined visual-family rule
CB2762,spiking,ASSUMPTION,2,spiking,0,BUILD_BRIEF.md 3.2 refined visual-family rule
CB2763,spiking,ASSUMPTION,4,spiking,0,BUILD_BRIEF.md 3.2 refined visual-family rule
CB2764,spiking,ASSUMPTION,2,spiking,0,BUILD_BRIEF.md 3.2 refined visual-family rule
CB2765,spiking,ASSUMPTION,2,spiking,0,BUILD_BRIEF.md 3.2 refined visual-family rule
CB2766,spiking,ASSUMPTION,2,spiking,0,BUILD_BRIEF.md 3.2 refined visual-family rule
CB2767,spiking,ASSUMPTION,3,spiking,0,BUILD_BRIEF.md 3.2 refined visual-family rule
CB2769,spiking,ASSUMPTION,3,spiking,0,BUILD_BRIEF.md 3.2 refined visual-family rule
CB2770,spiking,ASSUMPTION,5,spiking,0,BUILD_BRIEF.md 3.2 refined visual-family rule
CB2771,spiking,ASSUMPTION,4,spiking,0,BUILD_BRIEF.md 3.2 refined visual-family rule
CB2772,spiking,ASSUMPTION,3,spiking,0,BUILD_BRIEF.md 3.2 refined visual-family rule
CB2773,spiking,ASSUMPTION,2,spiking,0,BUILD_BRIEF.md 3.2 refined visual-family rule
CB2774,spiking,ASSUMPTION,10,spiking,0,BUILD_BRIEF.md 3.2 refined visual-family rule
CB2776,spiking,ASSUMPTION,4,spiking,0,BUILD_BRIEF.md 3.2 refined visual-family rule
CB2777,spiking,ASSUMPTION,4,spiking,0,BUILD_BRIEF.md 3.2 refined visual-family rule
CB2778,spiking,ASSUMPTION,5,spiking,0,BUILD_BRIEF.md 3.2 refined visual-family rule
CB2779,spiking,ASSUMPTION,2,spiking,0,BUILD_BRIEF.md 3.2 refined visual-family rule
CB2780,spiking,ASSUMPTION,3,spiking,0,BUILD_BRIEF.md 3.2 refined visual-family rule
CB2781,spiking,ASSUMPTION,3,spiking,0,BUILD_BRIEF.md 3.2 refined visual-family rule
CB2782,spiking,ASSUMPTION,2,spiking,0,BUILD_BRIEF.md 3.2 refined visual-family rule
CB2783,spiking,ASSUMPTION,4,spiking,0,BUILD_BRIEF.md 3.2 refined visual-family rule
CB2784,spiking,ASSUMPTION,5,spiking,0,BUILD_BRIEF.md 3.2 refined visual-family rule
CB2785,spiking,ASSUMPTION,5,spiking,0,BUILD_BRIEF.md 3.2 refined visual-family rule
CB2786,spiking,ASSUMPTION,3,spiking,0,BUILD_BRIEF.md 3.2 refined visual-family rule
CB2787,spiking,ASSUMPTION,5,spiking,0,BUILD_BRIEF.md 3.2 refined visual-family rule
CB2789,spiking,ASSUMPTION,4,spiking,0,BUILD_BRIEF.md 3.2 refined visual-family rule
CB2790,spiking,ASSUMPTION,2,spiking,0,BUILD_BRIEF.md 3.2 refined visual-family rule
CB2791,spiking,ASSUMPTION,2,spiking,0,BUILD_BRIEF.md 3.2 refined visual-family rule
CB2792,spiking,ASSUMPTION,6,spiking,0,BUILD_BRIEF.md 3.2 refined visual-family rule
CB2793,spiking,ASSUMPTION,2,spiking,0,BUILD_BRIEF.md 3.2 refined visual-family rule
CB2795,spiking,ASSUMPTION,4,spiking,0,BUILD_BRIEF.md 3.2 refined visual-family rule
CB2796,spiking,ASSUMPTION,2,spiking,0,BUILD_BRIEF.md 3.2 refined visual-family rule
CB2797,spiking,ASSUMPTION,6,spiking,0,BUILD_BRIEF.md 3.2 refined visual-family rule
CB2798,spiking,ASSUMPTION,2,spiking,0,BUILD_BRIEF.md 3.2 refined visual-family rule
CB2800,spiking,ASSUMPTION,2,spiking,0,BUILD_BRIEF.md 3.2 refined visual-family rule
CB2801,spiking,ASSUMPTION,4,spiking,0,BUILD_BRIEF.md 3.2 refined visual-family rule
CB2802,spiking,ASSUMPTION,3,spiking,0,BUILD_BRIEF.md 3.2 refined visual-family rule
CB2803,spiking,ASSUMPTION,3,spiking,0,BUILD_BRIEF.md 3.2 refined visual-family rule
CB2804,spiking,ASSUMPTION,5,spiking,0,BUILD_BRIEF.md 3.2 refined visual-family rule
CB2805,spiking,ASSUMPTION,5,spiking,0,BUILD_BRIEF.md 3.2 refined visual-family rule
CB2806,spiking,ASSUMPTION,2,spiking,0,BUILD_BRIEF.md 3.2 refined visual-family rule
CB2808,spiking,ASSUMPTION,2,spiking,0,BUILD_BRIEF.md 3.2 refined visual-family rule
CB2809,spiking,ASSUMPTION,2,spiking,0,BUILD_BRIEF.md 3.2 refined visual-family rule
CB2810,spiking,ASSUMPTION,4,spiking,0,BUILD_BRIEF.md 3.2 refined visual-family rule
CB2811,spiking,ASSUMPTION,4,spiking,0,BUILD_BRIEF.md 3.2 refined visual-family rule
CB2812,spiking,ASSUMPTION,4,spiking,0,BUILD_BRIEF.md 3.2 refined visual-family rule
CB2813,spiking,ASSUMPTION,4,spiking,0,BUILD_BRIEF.md 3.2 refined visual-family rule
CB2814,spiking,ASSUMPTION,8,spiking,0,BUILD_BRIEF.md 3.2 refined visual-family rule
CB2816,spiking,ASSUMPTION,4,spiking,0,BUILD_BRIEF.md 3.2 refined visual-family rule
CB2817,spiking,ASSUMPTION,5,spiking,0,BUILD_BRIEF.md 3.2 refined visual-family rule
CB2819,spiking,ASSUMPTION,4,spiking,0,BUILD_BRIEF.md 3.2 refined visual-family rule
CB2820,spiking,ASSUMPTION,6,spiking,0,BUILD_BRIEF.md 3.2 refined visual-family rule
CB2821,spiking,ASSUMPTION,4,spiking,0,BUILD_BRIEF.md 3.2 refined visual-family rule
CB2823,spiking,ASSUMPTION,9,spiking,0,BUILD_BRIEF.md 3.2 refined visual-family rule
CB2824,spiking,ASSUMPTION,3,spiking,0,BUILD_BRIEF.md 3.2 refined visual-family rule
CB2825,spiking,ASSUMPTION,6,spiking,0,BUILD_BRIEF.md 3.2 refined visual-family rule
CB2826,spiking,ASSUMPTION,5,spiking,0,BUILD_BRIEF.md 3.2 refined visual-family rule
CB2828,spiking,ASSUMPTION,6,spiking,0,BUILD_BRIEF.md 3.2 refined visual-family rule
CB2829,spiking,ASSUMPTION,4,spiking,0,BUILD_BRIEF.md 3.2 refined visual-family rule
CB2831,spiking,ASSUMPTION,4,spiking,0,BUILD_BRIEF.md 3.2 refined visual-family rule
CB2834,spiking,ASSUMPTION,5,spiking,0,BUILD_BRIEF.md 3.2 refined visual-family rule
CB2835,spiking,ASSUMPTION,8,spiking,0,BUILD_BRIEF.md 3.2 refined visual-family rule
CB2836,spiking,ASSUMPTION,2,spiking,0,BUILD_BRIEF.md 3.2 refined visual-family rule
CB2840,spiking,ASSUMPTION,3,spiking,0,BUILD_BRIEF.md 3.2 refined visual-family rule
CB2841,spiking,ASSUMPTION,5,spiking,0,BUILD_BRIEF.md 3.2 refined visual-family rule
CB2842,spiking,ASSUMPTION,4,spiking,0,BUILD_BRIEF.md 3.2 refined visual-family rule
CB2843,spiking,ASSUMPTION,2,spiking,0,BUILD_BRIEF.md 3.2 refined visual-family rule
CB2844,spiking,ASSUMPTION,2,spiking,0,BUILD_BRIEF.md 3.2 refined visual-family rule
CB2845,spiking,ASSUMPTION,4,spiking,0,BUILD_BRIEF.md 3.2 refined visual-family rule
CB2846,spiking,ASSUMPTION,3,spiking,0,BUILD_BRIEF.md 3.2 refined visual-family rule
CB2847,spiking,ASSUMPTION,2,spiking,0,BUILD_BRIEF.md 3.2 refined visual-family rule
CB2848,spiking,ASSUMPTION,2,spiking,0,BUILD_BRIEF.md 3.2 refined visual-family rule
CB2849,spiking,ASSUMPTION,5,spiking,0,BUILD_BRIEF.md 3.2 refined visual-family rule
CB2850,spiking,ASSUMPTION,3,spiking,0,BUILD_BRIEF.md 3.2 refined visual-family rule
CB2851,spiking,ASSUMPTION,3,spiking,0,BUILD_BRIEF.md 3.2 refined visual-family rule
CB2853,spiking,ASSUMPTION,4,spiking,0,BUILD_BRIEF.md 3.2 refined visual-family rule
CB2854,spiking,ASSUMPTION,6,spiking,0,BUILD_BRIEF.md 3.2 refined visual-family rule
CB2855,spiking,ASSUMPTION,2,spiking,0,BUILD_BRIEF.md 3.2 refined visual-family rule
CB2856,spiking,ASSUMPTION,4,spiking,0,BUILD_BRIEF.md 3.2 refined visual-family rule
CB2858,spiking,ASSUMPTION,5,spiking,0,BUILD_BRIEF.md 3.2 refined visual-family rule
CB2859,spiking,ASSUMPTION,4,spiking,0,BUILD_BRIEF.md 3.2 refined visual-family rule
CB2860,spiking,ASSUMPTION,2,spiking,0,BUILD_BRIEF.md 3.2 refined visual-family rule
CB2861,spiking,ASSUMPTION,2,spiking,0,BUILD_BRIEF.md 3.2 refined visual-family rule
CB2862,spiking,ASSUMPTION,4,spiking,0,BUILD_BRIEF.md 3.2 refined visual-family rule
CB2863,spiking,ASSUMPTION,5,spiking,0,BUILD_BRIEF.md 3.2 refined visual-family rule
CB2864,spiking,ASSUMPTION,4,spiking,0,BUILD_BRIEF.md 3.2 refined visual-family rule
CB2865,spiking,ASSUMPTION,2,spiking,0,BUILD_BRIEF.md 3.2 refined visual-family rule
CB2866,spiking,ASSUMPTION,2,spiking,0,BUILD_BRIEF.md 3.2 refined visual-family rule
CB2867,spiking,ASSUMPTION,2,spiking,0,BUILD_BRIEF.md 3.2 refined visual-family rule
CB2868_a,spiking,ASSUMPTION,5,spiking,0,BUILD_BRIEF.md 3.2 refined visual-family rule
CB2868_b,spiking,ASSUMPTION,2,spiking,0,BUILD_BRIEF.md 3.2 refined visual-family rule
CB2869,spiking,ASSUMPTION,4,spiking,0,BUILD_BRIEF.md 3.2 refined visual-family rule
CB2870,spiking,ASSUMPTION,2,spiking,0,BUILD_BRIEF.md 3.2 refined visual-family rule
CB2872,spiking,ASSUMPTION,8,spiking,0,BUILD_BRIEF.md 3.2 refined visual-family rule
CB2873,spiking,ASSUMPTION,4,spiking,0,BUILD_BRIEF.md 3.2 refined visual-family rule
CB2874,spiking,ASSUMPTION,3,spiking,0,BUILD_BRIEF.md 3.2 refined visual-family rule
CB2876,spiking,ASSUMPTION,4,spiking,0,BUILD_BRIEF.md 3.2 refined visual-family rule
CB2877,spiking,ASSUMPTION,2,spiking,0,BUILD_BRIEF.md 3.2 refined visual-family rule
CB2878,spiking,ASSUMPTION,2,spiking,0,BUILD_BRIEF.md 3.2 refined visual-family rule
CB2879,spiking,ASSUMPTION,2,spiking,0,BUILD_BRIEF.md 3.2 refined visual-family rule
CB2880,spiking,ASSUMPTION,2,spiking,0,BUILD_BRIEF.md 3.2 refined visual-family rule
CB2881,spiking,ASSUMPTION,12,spiking,0,BUILD_BRIEF.md 3.2 refined visual-family rule
CB2883,spiking,ASSUMPTION,2,spiking,0,BUILD_BRIEF.md 3.2 refined visual-family rule
CB2884,spiking,ASSUMPTION,4,spiking,0,BUILD_BRIEF.md 3.2 refined visual-family rule
CB2885,spiking,ASSUMPTION,4,spiking,0,BUILD_BRIEF.md 3.2 refined visual-family rule
CB2886,spiking,ASSUMPTION,5,spiking,0,BUILD_BRIEF.md 3.2 refined visual-family rule
CB2887,spiking,ASSUMPTION,4,spiking,0,BUILD_BRIEF.md 3.2 refined visual-family rule
CB2888,spiking,ASSUMPTION,6,spiking,0,BUILD_BRIEF.md 3.2 refined visual-family rule
CB2889,spiking,ASSUMPTION,2,spiking,0,BUILD_BRIEF.md 3.2 refined visual-family rule
CB2891,spiking,ASSUMPTION,4,spiking,0,BUILD_BRIEF.md 3.2 refined visual-family rule
CB2892,spiking,ASSUMPTION,6,spiking,0,BUILD_BRIEF.md 3.2 refined visual-family rule
CB2893,spiking,ASSUMPTION,4,spiking,0,BUILD_BRIEF.md 3.2 refined visual-family rule
CB2894,spiking,ASSUMPTION,5,spiking,0,BUILD_BRIEF.md 3.2 refined visual-family rule
CB2895,spiking,ASSUMPTION,4,spiking,0,BUILD_BRIEF.md 3.2 refined visual-family rule
CB2896,spiking,ASSUMPTION,7,spiking,0,BUILD_BRIEF.md 3.2 refined visual-family rule
CB2897,spiking,ASSUMPTION,3,spiking,0,BUILD_BRIEF.md 3.2 refined visual-family rule
CB2898,spiking,ASSUMPTION,2,spiking,0,BUILD_BRIEF.md 3.2 refined visual-family rule
CB2899,spiking,ASSUMPTION,4,spiking,0,BUILD_BRIEF.md 3.2 refined visual-family rule
CB2901,spiking,ASSUMPTION,15,spiking,0,BUILD_BRIEF.md 3.2 refined visual-family rule
CB2902,spiking,ASSUMPTION,2,spiking,0,BUILD_BRIEF.md 3.2 refined visual-family rule
CB2903,spiking,ASSUMPTION,3,spiking,0,BUILD_BRIEF.md 3.2 refined visual-family rule
CB2904,spiking,ASSUMPTION,2,spiking,0,BUILD_BRIEF.md 3.2 refined visual-family rule
CB2905,spiking,ASSUMPTION,3,spiking,0,BUILD_BRIEF.md 3.2 refined visual-family rule
CB2906,spiking,ASSUMPTION,4,spiking,0,BUILD_BRIEF.md 3.2 refined visual-family rule
CB2907,spiking,ASSUMPTION,4,spiking,0,BUILD_BRIEF.md 3.2 refined visual-family rule
CB2908,spiking,ASSUMPTION,4,spiking,0,BUILD_BRIEF.md 3.2 refined visual-family rule
CB2909,spiking,ASSUMPTION,3,spiking,0,BUILD_BRIEF.md 3.2 refined visual-family rule
CB2910,spiking,ASSUMPTION,6,spiking,0,BUILD_BRIEF.md 3.2 refined visual-family rule
CB2911,spiking,ASSUMPTION,4,spiking,0,BUILD_BRIEF.md 3.2 refined visual-family rule
CB2912,spiking,ASSUMPTION,5,spiking,0,BUILD_BRIEF.md 3.2 refined visual-family rule
CB2913,spiking,ASSUMPTION,2,spiking,0,BUILD_BRIEF.md 3.2 refined visual-family rule
CB2914,spiking,ASSUMPTION,5,spiking,0,BUILD_BRIEF.md 3.2 refined visual-family rule
CB2915,spiking,ASSUMPTION,3,spiking,0,BUILD_BRIEF.md 3.2 refined visual-family rule
CB2917,spiking,ASSUMPTION,2,spiking,0,BUILD_BRIEF.md 3.2 refined visual-family rule
CB2918,spiking,ASSUMPTION,2,spiking,0,BUILD_BRIEF.md 3.2 refined visual-family rule
CB2919,spiking,ASSUMPTION,5,spiking,0,BUILD_BRIEF.md 3.2 refined visual-family rule
CB2920,spiking,ASSUMPTION,5,spiking,0,BUILD_BRIEF.md 3.2 refined visual-family rule
CB2921,spiking,ASSUMPTION,3,spiking,0,BUILD_BRIEF.md 3.2 refined visual-family rule
CB2922,spiking,ASSUMPTION,4,spiking,0,BUILD_BRIEF.md 3.2 refined visual-family rule
CB2923,spiking,ASSUMPTION,6,spiking,0,BUILD_BRIEF.md 3.2 refined visual-family rule
CB2924,spiking,ASSUMPTION,3,spiking,0,BUILD_BRIEF.md 3.2 refined visual-family rule
CB2925,spiking,ASSUMPTION,3,spiking,0,BUILD_BRIEF.md 3.2 refined visual-family rule
CB2926,spiking,ASSUMPTION,3,spiking,0,BUILD_BRIEF.md 3.2 refined visual-family rule
CB2927,spiking,ASSUMPTION,2,spiking,0,BUILD_BRIEF.md 3.2 refined visual-family rule
CB2928,spiking,ASSUMPTION,10,spiking,0,BUILD_BRIEF.md 3.2 refined visual-family rule
CB2929,spiking,ASSUMPTION,3,spiking,0,BUILD_BRIEF.md 3.2 refined visual-family rule
CB2930,spiking,ASSUMPTION,5,spiking,0,BUILD_BRIEF.md 3.2 refined visual-family rule
CB2931,spiking,ASSUMPTION,4,spiking,0,BUILD_BRIEF.md 3.2 refined visual-family rule
CB2932,spiking,ASSUMPTION,4,spiking,0,BUILD_BRIEF.md 3.2 refined visual-family rule
CB2933,spiking,ASSUMPTION,2,spiking,0,BUILD_BRIEF.md 3.2 refined visual-family rule
CB2934,spiking,ASSUMPTION,5,spiking,0,BUILD_BRIEF.md 3.2 refined visual-family rule
CB2935,spiking,ASSUMPTION,2,spiking,0,BUILD_BRIEF.md 3.2 refined visual-family rule
CB2936,spiking,ASSUMPTION,2,spiking,0,BUILD_BRIEF.md 3.2 refined visual-family rule
CB2937,spiking,ASSUMPTION,3,spiking,0,BUILD_BRIEF.md 3.2 refined visual-family rule
CB2938,spiking,ASSUMPTION,2,spiking,0,BUILD_BRIEF.md 3.2 refined visual-family rule
CB2940,spiking,ASSUMPTION,2,spiking,0,BUILD_BRIEF.md 3.2 refined visual-family rule
CB2941,spiking,ASSUMPTION,2,spiking,0,BUILD_BRIEF.md 3.2 refined visual-family rule
CB2942,spiking,ASSUMPTION,2,spiking,0,BUILD_BRIEF.md 3.2 refined visual-family rule
CB2943,spiking,ASSUMPTION,3,spiking,0,BUILD_BRIEF.md 3.2 refined visual-family rule
CB2944,spiking,ASSUMPTION,4,spiking,0,BUILD_BRIEF.md 3.2 refined visual-family rule
CB2945,spiking,ASSUMPTION,4,spiking,0,BUILD_BRIEF.md 3.2 refined visual-family rule
CB2946,spiking,ASSUMPTION,2,spiking,0,BUILD_BRIEF.md 3.2 refined visual-family rule
CB2947,spiking,ASSUMPTION,3,spiking,0,BUILD_BRIEF.md 3.2 refined visual-family rule
CB2948,spiking,ASSUMPTION,2,spiking,0,BUILD_BRIEF.md 3.2 refined visual-family rule
CB2949,spiking,ASSUMPTION,2,spiking,0,BUILD_BRIEF.md 3.2 refined visual-family rule
CB2950,spiking,ASSUMPTION,6,spiking,0,BUILD_BRIEF.md 3.2 refined visual-family rule
CB2951,spiking,ASSUMPTION,3,spiking,0,BUILD_BRIEF.md 3.2 refined visual-family rule
CB2952,spiking,ASSUMPTION,4,spiking,0,BUILD_BRIEF.md 3.2 refined visual-family rule
CB2953,spiking,ASSUMPTION,2,spiking,0,BUILD_BRIEF.md 3.2 refined visual-family rule
CB2954,spiking,ASSUMPTION,3,spiking,0,BUILD_BRIEF.md 3.2 refined visual-family rule
CB2955,spiking,ASSUMPTION,7,spiking,0,BUILD_BRIEF.md 3.2 refined visual-family rule
CB2956,spiking,ASSUMPTION,2,spiking,0,BUILD_BRIEF.md 3.2 refined visual-family rule
CB2957,spiking,ASSUMPTION,6,spiking,0,BUILD_BRIEF.md 3.2 refined visual-family rule
CB2958,spiking,ASSUMPTION,2,spiking,0,BUILD_BRIEF.md 3.2 refined visual-family rule
CB2960,spiking,ASSUMPTION,5,spiking,0,BUILD_BRIEF.md 3.2 refined visual-family rule
CB2961,spiking,ASSUMPTION,4,spiking,0,BUILD_BRIEF.md 3.2 refined visual-family rule
CB2962,spiking,ASSUMPTION,9,spiking,0,BUILD_BRIEF.md 3.2 refined visual-family rule
CB2962a,spiking,ASSUMPTION,1,spiking,0,BUILD_BRIEF.md 3.2 refined visual-family rule
CB2963,spiking,ASSUMPTION,2,spiking,0,BUILD_BRIEF.md 3.2 refined visual-family rule
CB2965,spiking,ASSUMPTION,5,spiking,0,BUILD_BRIEF.md 3.2 refined visual-family rule
CB2966,spiking,ASSUMPTION,4,spiking,0,BUILD_BRIEF.md 3.2 refined visual-family rule
CB2967,spiking,ASSUMPTION,3,spiking,0,BUILD_BRIEF.md 3.2 refined visual-family rule
CB2968,spiking,ASSUMPTION,5,spiking,0,BUILD_BRIEF.md 3.2 refined visual-family rule
CB2969,spiking,ASSUMPTION,2,spiking,0,BUILD_BRIEF.md 3.2 refined visual-family rule
CB2970,spiking,ASSUMPTION,2,spiking,0,BUILD_BRIEF.md 3.2 refined visual-family rule
CB2971,spiking,ASSUMPTION,2,spiking,0,BUILD_BRIEF.md 3.2 refined visual-family rule
CB2972,spiking,ASSUMPTION,2,spiking,0,BUILD_BRIEF.md 3.2 refined visual-family rule
CB2973,spiking,ASSUMPTION,3,spiking,0,BUILD_BRIEF.md 3.2 refined visual-family rule
CB2974,spiking,ASSUMPTION,3,spiking,0,BUILD_BRIEF.md 3.2 refined visual-family rule
CB2975,spiking,ASSUMPTION,2,spiking,0,BUILD_BRIEF.md 3.2 refined visual-family rule
CB2976,spiking,ASSUMPTION,4,spiking,0,BUILD_BRIEF.md 3.2 refined visual-family rule
CB2977,spiking,ASSUMPTION,2,spiking,0,BUILD_BRIEF.md 3.2 refined visual-family rule
CB2978,spiking,ASSUMPTION,3,spiking,0,BUILD_BRIEF.md 3.2 refined visual-family rule
CB2979,spiking,ASSUMPTION,2,spiking,0,BUILD_BRIEF.md 3.2 refined visual-family rule
CB2980,spiking,ASSUMPTION,2,spiking,0,BUILD_BRIEF.md 3.2 refined visual-family rule
CB2981,spiking,ASSUMPTION,4,spiking,0,BUILD_BRIEF.md 3.2 refined visual-family rule
CB2982,spiking,ASSUMPTION,2,spiking,0,BUILD_BRIEF.md 3.2 refined visual-family rule
CB2983,spiking,ASSUMPTION,2,spiking,0,BUILD_BRIEF.md 3.2 refined visual-family rule
CB2984,spiking,ASSUMPTION,4,spiking,0,BUILD_BRIEF.md 3.2 refined visual-family rule
CB2985,spiking,ASSUMPTION,3,spiking,0,BUILD_BRIEF.md 3.2 refined visual-family rule
CB2987,spiking,ASSUMPTION,6,spiking,0,BUILD_BRIEF.md 3.2 refined visual-family rule
CB2988,spiking,ASSUMPTION,2,spiking,0,BUILD_BRIEF.md 3.2 refined visual-family rule
CB2989,spiking,ASSUMPTION,10,spiking,0,BUILD_BRIEF.md 3.2 refined visual-family rule
CB2991,spiking,ASSUMPTION,4,spiking,0,BUILD_BRIEF.md 3.2 refined visual-family rule
CB2992,spiking,ASSUMPTION,3,spiking,0,BUILD_BRIEF.md 3.2 refined visual-family rule
CB2993,spiking,ASSUMPTION,1,spiking,0,BUILD_BRIEF.md 3.2 refined visual-family rule
CB2995,spiking,ASSUMPTION,7,spiking,0,BUILD_BRIEF.md 3.2 refined visual-family rule
CB2996,spiking,ASSUMPTION,3,spiking,0,BUILD_BRIEF.md 3.2 refined visual-family rule
CB2997,spiking,ASSUMPTION,2,spiking,0,BUILD_BRIEF.md 3.2 refined visual-family rule
CB2998,spiking,ASSUMPTION,4,spiking,0,BUILD_BRIEF.md 3.2 refined visual-family rule
CB2999,spiking,ASSUMPTION,2,spiking,0,BUILD_BRIEF.md 3.2 refined visual-family rule
CB3000,spiking,ASSUMPTION,6,spiking,0,BUILD_BRIEF.md 3.2 refined visual-family rule
CB3001,spiking,ASSUMPTION,4,spiking,0,BUILD_BRIEF.md 3.2 refined visual-family rule
CB3002,spiking,ASSUMPTION,3,spiking,0,BUILD_BRIEF.md 3.2 refined visual-family rule
CB3003,spiking,ASSUMPTION,2,spiking,0,BUILD_BRIEF.md 3.2 refined visual-family rule
CB3004,spiking,ASSUMPTION,4,spiking,0,BUILD_BRIEF.md 3.2 refined visual-family rule
CB3005,spiking,ASSUMPTION,5,spiking,0,BUILD_BRIEF.md 3.2 refined visual-family rule
CB3006,spiking,ASSUMPTION,3,spiking,0,BUILD_BRIEF.md 3.2 refined visual-family rule
CB3007,spiking,ASSUMPTION,7,spiking,0,BUILD_BRIEF.md 3.2 refined visual-family rule
CB3008,spiking,ASSUMPTION,2,spiking,0,BUILD_BRIEF.md 3.2 refined visual-family rule
CB3009,spiking,ASSUMPTION,2,spiking,0,BUILD_BRIEF.md 3.2 refined visual-family rule
CB3010,spiking,ASSUMPTION,5,spiking,0,BUILD_BRIEF.md 3.2 refined visual-family rule
CB3011,spiking,ASSUMPTION,2,spiking,0,BUILD_BRIEF.md 3.2 refined visual-family rule
CB3012,spiking,ASSUMPTION,3,spiking,0,BUILD_BRIEF.md 3.2 refined visual-family rule
CB3013,spiking,ASSUMPTION,5,spiking,0,BUILD_BRIEF.md 3.2 refined visual-family rule
CB3014,spiking,ASSUMPTION,4,spiking,0,BUILD_BRIEF.md 3.2 refined visual-family rule
CB3015,spiking,ASSUMPTION,4,spiking,0,BUILD_BRIEF.md 3.2 refined visual-family rule
CB3016,spiking,ASSUMPTION,6,spiking,0,BUILD_BRIEF.md 3.2 refined visual-family rule
CB3017,spiking,ASSUMPTION,4,spiking,0,BUILD_BRIEF.md 3.2 refined visual-family rule
CB3018,spiking,ASSUMPTION,2,spiking,0,BUILD_BRIEF.md 3.2 refined visual-family rule
CB3019,spiking,ASSUMPTION,5,spiking,0,BUILD_BRIEF.md 3.2 refined visual-family rule
CB3020,spiking,ASSUMPTION,2,spiking,0,BUILD_BRIEF.md 3.2 refined visual-family rule
CB3021,spiking,ASSUMPTION,3,spiking,0,BUILD_BRIEF.md 3.2 refined visual-family rule
CB3023,spiking,ASSUMPTION,4,spiking,0,BUILD_BRIEF.md 3.2 refined visual-family rule
CB3024,spiking,ASSUMPTION,6,spiking,0,BUILD_BRIEF.md 3.2 refined visual-family rule
CB3026,spiking,ASSUMPTION,4,spiking,0,BUILD_BRIEF.md 3.2 refined visual-family rule
CB3029,spiking,ASSUMPTION,10,spiking,0,BUILD_BRIEF.md 3.2 refined visual-family rule
CB3030,spiking,ASSUMPTION,2,spiking,0,BUILD_BRIEF.md 3.2 refined visual-family rule
CB3031,spiking,ASSUMPTION,5,spiking,0,BUILD_BRIEF.md 3.2 refined visual-family rule
CB3032,spiking,ASSUMPTION,2,spiking,0,BUILD_BRIEF.md 3.2 refined visual-family rule
CB3033,spiking,ASSUMPTION,6,spiking,0,BUILD_BRIEF.md 3.2 refined visual-family rule
CB3034,spiking,ASSUMPTION,6,spiking,0,BUILD_BRIEF.md 3.2 refined visual-family rule
CB3035,spiking,ASSUMPTION,4,spiking,0,BUILD_BRIEF.md 3.2 refined visual-family rule
CB3036,spiking,ASSUMPTION,5,spiking,0,BUILD_BRIEF.md 3.2 refined visual-family rule
CB3037,spiking,ASSUMPTION,5,spiking,0,BUILD_BRIEF.md 3.2 refined visual-family rule
CB3038,spiking,ASSUMPTION,2,spiking,0,BUILD_BRIEF.md 3.2 refined visual-family rule
CB3040,spiking,ASSUMPTION,4,spiking,0,BUILD_BRIEF.md 3.2 refined visual-family rule
CB3041,spiking,ASSUMPTION,2,spiking,0,BUILD_BRIEF.md 3.2 refined visual-family rule
CB3042,spiking,ASSUMPTION,7,spiking,0,BUILD_BRIEF.md 3.2 refined visual-family rule
CB3043,spiking,ASSUMPTION,6,spiking,0,BUILD_BRIEF.md 3.2 refined visual-family rule
CB3044,spiking,ASSUMPTION,3,spiking,0,BUILD_BRIEF.md 3.2 refined visual-family rule
CB3045,spiking,ASSUMPTION,2,spiking,0,BUILD_BRIEF.md 3.2 refined visual-family rule
CB3046,spiking,ASSUMPTION,2,spiking,0,BUILD_BRIEF.md 3.2 refined visual-family rule
CB3047,spiking,ASSUMPTION,2,spiking,0,BUILD_BRIEF.md 3.2 refined visual-family rule
CB3048,spiking,ASSUMPTION,6,spiking,0,BUILD_BRIEF.md 3.2 refined visual-family rule
CB3049,spiking,ASSUMPTION,4,spiking,0,BUILD_BRIEF.md 3.2 refined visual-family rule
CB3050,spiking,ASSUMPTION,10,spiking,0,BUILD_BRIEF.md 3.2 refined visual-family rule
CB3051,spiking,ASSUMPTION,2,spiking,0,BUILD_BRIEF.md 3.2 refined visual-family rule
CB3052,spiking,ASSUMPTION,2,spiking,0,BUILD_BRIEF.md 3.2 refined visual-family rule
CB3054,spiking,ASSUMPTION,5,spiking,0,BUILD_BRIEF.md 3.2 refined visual-family rule
CB3055,spiking,ASSUMPTION,6,spiking,0,BUILD_BRIEF.md 3.2 refined visual-family rule
CB3056,spiking,ASSUMPTION,8,spiking,0,BUILD_BRIEF.md 3.2 refined visual-family rule
CB3057,spiking,ASSUMPTION,2,spiking,0,BUILD_BRIEF.md 3.2 refined visual-family rule
CB3058,spiking,ASSUMPTION,2,spiking,0,BUILD_BRIEF.md 3.2 refined visual-family rule
CB3060,spiking,ASSUMPTION,3,spiking,0,BUILD_BRIEF.md 3.2 refined visual-family rule
CB3061,spiking,ASSUMPTION,4,spiking,0,BUILD_BRIEF.md 3.2 refined visual-family rule
CB3063,spiking,ASSUMPTION,3,spiking,0,BUILD_BRIEF.md 3.2 refined visual-family rule
CB3064,spiking,ASSUMPTION,4,spiking,0,BUILD_BRIEF.md 3.2 refined visual-family rule
CB3065,spiking,ASSUMPTION,4,spiking,0,BUILD_BRIEF.md 3.2 refined visual-family rule
CB3066,spiking,ASSUMPTION,2,spiking,0,BUILD_BRIEF.md 3.2 refined visual-family rule
CB3067,spiking,ASSUMPTION,2,spiking,0,BUILD_BRIEF.md 3.2 refined visual-family rule
CB3069,spiking,ASSUMPTION,3,spiking,0,BUILD_BRIEF.md 3.2 refined visual-family rule
CB3071,spiking,ASSUMPTION,4,spiking,0,BUILD_BRIEF.md 3.2 refined visual-family rule
CB3072,spiking,ASSUMPTION,4,spiking,0,BUILD_BRIEF.md 3.2 refined visual-family rule
CB3073,spiking,ASSUMPTION,4,spiking,0,BUILD_BRIEF.md 3.2 refined visual-family rule
CB3074,spiking,ASSUMPTION,4,spiking,0,BUILD_BRIEF.md 3.2 refined visual-family rule
CB3075,spiking,ASSUMPTION,5,spiking,0,BUILD_BRIEF.md 3.2 refined visual-family rule
CB3076,spiking,ASSUMPTION,4,spiking,0,BUILD_BRIEF.md 3.2 refined visual-family rule
CB3077,spiking,ASSUMPTION,2,spiking,0,BUILD_BRIEF.md 3.2 refined visual-family rule
CB3079,spiking,ASSUMPTION,2,spiking,0,BUILD_BRIEF.md 3.2 refined visual-family rule
CB3080,spiking,ASSUMPTION,4,spiking,0,BUILD_BRIEF.md 3.2 refined visual-family rule
CB3081,spiking,ASSUMPTION,5,spiking,0,BUILD_BRIEF.md 3.2 refined visual-family rule
CB3082,spiking,ASSUMPTION,3,spiking,0,BUILD_BRIEF.md 3.2 refined visual-family rule
CB3083,spiking,ASSUMPTION,2,spiking,0,BUILD_BRIEF.md 3.2 refined visual-family rule
CB3084,spiking,ASSUMPTION,2,spiking,0,BUILD_BRIEF.md 3.2 refined visual-family rule
CB3085,spiking,ASSUMPTION,4,spiking,0,BUILD_BRIEF.md 3.2 refined visual-family rule
CB3087,spiking,ASSUMPTION,2,spiking,0,BUILD_BRIEF.md 3.2 refined visual-family rule
CB3088,spiking,ASSUMPTION,2,spiking,0,BUILD_BRIEF.md 3.2 refined visual-family rule
CB3089,spiking,ASSUMPTION,4,spiking,0,BUILD_BRIEF.md 3.2 refined visual-family rule
CB3092,spiking,ASSUMPTION,5,spiking,0,BUILD_BRIEF.md 3.2 refined visual-family rule
CB3093,spiking,ASSUMPTION,3,spiking,0,BUILD_BRIEF.md 3.2 refined visual-family rule
CB3094,spiking,ASSUMPTION,2,spiking,0,BUILD_BRIEF.md 3.2 refined visual-family rule
CB3095,spiking,ASSUMPTION,8,spiking,0,BUILD_BRIEF.md 3.2 refined visual-family rule
CB3098,spiking,ASSUMPTION,2,spiking,0,BUILD_BRIEF.md 3.2 refined visual-family rule
CB3099,spiking,ASSUMPTION,3,spiking,0,BUILD_BRIEF.md 3.2 refined visual-family rule
CB3102,spiking,ASSUMPTION,4,spiking,0,BUILD_BRIEF.md 3.2 refined visual-family rule
CB3103,spiking,ASSUMPTION,5,spiking,0,BUILD_BRIEF.md 3.2 refined visual-family rule
CB3104,spiking,ASSUMPTION,7,spiking,0,BUILD_BRIEF.md 3.2 refined visual-family rule
CB3105,spiking,ASSUMPTION,4,spiking,0,BUILD_BRIEF.md 3.2 refined visual-family rule
CB3106,spiking,ASSUMPTION,2,spiking,0,BUILD_BRIEF.md 3.2 refined visual-family rule
CB3107,spiking,ASSUMPTION,3,spiking,0,BUILD_BRIEF.md 3.2 refined visual-family rule
CB3108,spiking,ASSUMPTION,3,spiking,0,BUILD_BRIEF.md 3.2 refined visual-family rule
CB3109,spiking,ASSUMPTION,2,spiking,0,BUILD_BRIEF.md 3.2 refined visual-family rule
CB3110,spiking,ASSUMPTION,6,spiking,0,BUILD_BRIEF.md 3.2 refined visual-family rule
CB3111,spiking,ASSUMPTION,6,spiking,0,BUILD_BRIEF.md 3.2 refined visual-family rule
CB3112,spiking,ASSUMPTION,6,spiking,0,BUILD_BRIEF.md 3.2 refined visual-family rule
CB3113,spiking,ASSUMPTION,4,spiking,0,BUILD_BRIEF.md 3.2 refined visual-family rule
CB3114,spiking,ASSUMPTION,4,spiking,0,BUILD_BRIEF.md 3.2 refined visual-family rule
CB3115,spiking,ASSUMPTION,2,spiking,0,BUILD_BRIEF.md 3.2 refined visual-family rule
CB3117,spiking,ASSUMPTION,3,spiking,0,BUILD_BRIEF.md 3.2 refined visual-family rule
CB3118,spiking,ASSUMPTION,10,spiking,0,BUILD_BRIEF.md 3.2 refined visual-family rule
CB3119,spiking,ASSUMPTION,5,spiking,0,BUILD_BRIEF.md 3.2 refined visual-family rule
CB3120,spiking,ASSUMPTION,2,spiking,0,BUILD_BRIEF.md 3.2 refined visual-family rule
CB3121,spiking,ASSUMPTION,4,spiking,0,BUILD_BRIEF.md 3.2 refined visual-family rule
CB3122,spiking,ASSUMPTION,4,spiking,0,BUILD_BRIEF.md 3.2 refined visual-family rule
CB3123,spiking,ASSUMPTION,2,spiking,0,BUILD_BRIEF.md 3.2 refined visual-family rule
CB3124,spiking,ASSUMPTION,3,spiking,0,BUILD_BRIEF.md 3.2 refined visual-family rule
CB3125,spiking,ASSUMPTION,3,spiking,0,BUILD_BRIEF.md 3.2 refined visual-family rule
CB3126,spiking,ASSUMPTION,2,spiking,0,BUILD_BRIEF.md 3.2 refined visual-family rule
CB3127,spiking,ASSUMPTION,6,spiking,0,BUILD_BRIEF.md 3.2 refined visual-family rule
CB3129,spiking,ASSUMPTION,2,spiking,0,BUILD_BRIEF.md 3.2 refined visual-family rule
CB3130,spiking,ASSUMPTION,6,spiking,0,BUILD_BRIEF.md 3.2 refined visual-family rule
CB3131,spiking,ASSUMPTION,2,spiking,0,BUILD_BRIEF.md 3.2 refined visual-family rule
CB3132,spiking,ASSUMPTION,2,spiking,0,BUILD_BRIEF.md 3.2 refined visual-family rule
CB3133,spiking,ASSUMPTION,3,spiking,0,BUILD_BRIEF.md 3.2 refined visual-family rule
CB3134a,spiking,ASSUMPTION,1,spiking,0,BUILD_BRIEF.md 3.2 refined visual-family rule
CB3134b,spiking,ASSUMPTION,2,spiking,0,BUILD_BRIEF.md 3.2 refined visual-family rule
CB3135,spiking,ASSUMPTION,4,spiking,0,BUILD_BRIEF.md 3.2 refined visual-family rule
CB3136,spiking,ASSUMPTION,4,spiking,0,BUILD_BRIEF.md 3.2 refined visual-family rule
CB3138,spiking,ASSUMPTION,4,spiking,0,BUILD_BRIEF.md 3.2 refined visual-family rule
CB3140,spiking,ASSUMPTION,4,spiking,0,BUILD_BRIEF.md 3.2 refined visual-family rule
CB3141,spiking,ASSUMPTION,4,spiking,0,BUILD_BRIEF.md 3.2 refined visual-family rule
CB3142,spiking,ASSUMPTION,4,spiking,0,BUILD_BRIEF.md 3.2 refined visual-family rule
CB3143,spiking,ASSUMPTION,5,spiking,0,BUILD_BRIEF.md 3.2 refined visual-family rule
CB3145,spiking,ASSUMPTION,2,spiking,0,BUILD_BRIEF.md 3.2 refined visual-family rule
CB3146,spiking,ASSUMPTION,4,spiking,0,BUILD_BRIEF.md 3.2 refined visual-family rule
CB3147,spiking,ASSUMPTION,3,spiking,0,BUILD_BRIEF.md 3.2 refined visual-family rule
CB3148,spiking,ASSUMPTION,3,spiking,0,BUILD_BRIEF.md 3.2 refined visual-family rule
CB3149,spiking,ASSUMPTION,2,spiking,0,BUILD_BRIEF.md 3.2 refined visual-family rule
CB3150,spiking,ASSUMPTION,6,spiking,0,BUILD_BRIEF.md 3.2 refined visual-family rule
CB3151,spiking,ASSUMPTION,2,spiking,0,BUILD_BRIEF.md 3.2 refined visual-family rule
CB3152,spiking,ASSUMPTION,2,spiking,0,BUILD_BRIEF.md 3.2 refined visual-family rule
CB3153,spiking,ASSUMPTION,4,spiking,0,BUILD_BRIEF.md 3.2 refined visual-family rule
CB3154,spiking,ASSUMPTION,2,spiking,0,BUILD_BRIEF.md 3.2 refined visual-family rule
CB3155,spiking,ASSUMPTION,2,spiking,0,BUILD_BRIEF.md 3.2 refined visual-family rule
CB3156,spiking,ASSUMPTION,3,spiking,0,BUILD_BRIEF.md 3.2 refined visual-family rule
CB3157,spiking,ASSUMPTION,2,spiking,0,BUILD_BRIEF.md 3.2 refined visual-family rule
CB3158,spiking,ASSUMPTION,2,spiking,0,BUILD_BRIEF.md 3.2 refined visual-family rule
CB3160,spiking,ASSUMPTION,5,spiking,0,BUILD_BRIEF.md 3.2 refined visual-family rule
CB3162,spiking,ASSUMPTION,4,spiking,0,BUILD_BRIEF.md 3.2 refined visual-family rule
CB3163,spiking,ASSUMPTION,4,spiking,0,BUILD_BRIEF.md 3.2 refined visual-family rule
CB3164,spiking,ASSUMPTION,2,spiking,0,BUILD_BRIEF.md 3.2 refined visual-family rule
CB3166,spiking,ASSUMPTION,2,spiking,0,BUILD_BRIEF.md 3.2 refined visual-family rule
CB3168,spiking,ASSUMPTION,2,spiking,0,BUILD_BRIEF.md 3.2 refined visual-family rule
CB3169,spiking,ASSUMPTION,3,spiking,0,BUILD_BRIEF.md 3.2 refined visual-family rule
CB3171,spiking,ASSUMPTION,2,spiking,0,BUILD_BRIEF.md 3.2 refined visual-family rule
CB3172,spiking,ASSUMPTION,2,spiking,0,BUILD_BRIEF.md 3.2 refined visual-family rule
CB3173,spiking,ASSUMPTION,6,spiking,0,BUILD_BRIEF.md 3.2 refined visual-family rule
CB3174,spiking,ASSUMPTION,5,spiking,0,BUILD_BRIEF.md 3.2 refined visual-family rule
CB3175,spiking,ASSUMPTION,2,spiking,0,BUILD_BRIEF.md 3.2 refined visual-family rule
CB3176,spiking,ASSUMPTION,4,spiking,0,BUILD_BRIEF.md 3.2 refined visual-family rule
CB3177,spiking,ASSUMPTION,2,spiking,0,BUILD_BRIEF.md 3.2 refined visual-family rule
CB3178,spiking,ASSUMPTION,2,spiking,0,BUILD_BRIEF.md 3.2 refined visual-family rule
CB3179,spiking,ASSUMPTION,2,spiking,0,BUILD_BRIEF.md 3.2 refined visual-family rule
CB3180,spiking,ASSUMPTION,2,spiking,0,BUILD_BRIEF.md 3.2 refined visual-family rule
CB3181,spiking,ASSUMPTION,3,spiking,0,BUILD_BRIEF.md 3.2 refined visual-family rule
CB3182,spiking,ASSUMPTION,5,spiking,0,BUILD_BRIEF.md 3.2 refined visual-family rule
CB3183,spiking,ASSUMPTION,3,spiking,0,BUILD_BRIEF.md 3.2 refined visual-family rule
CB3184,spiking,ASSUMPTION,4,spiking,0,BUILD_BRIEF.md 3.2 refined visual-family rule
CB3185,spiking,ASSUMPTION,4,spiking,0,BUILD_BRIEF.md 3.2 refined visual-family rule
CB3186,spiking,ASSUMPTION,2,spiking,0,BUILD_BRIEF.md 3.2 refined visual-family rule
CB3187,spiking,ASSUMPTION,2,spiking,0,BUILD_BRIEF.md 3.2 refined visual-family rule
CB3189,spiking,ASSUMPTION,4,spiking,0,BUILD_BRIEF.md 3.2 refined visual-family rule
CB3190,spiking,ASSUMPTION,3,spiking,0,BUILD_BRIEF.md 3.2 refined visual-family rule
CB3191,spiking,ASSUMPTION,3,spiking,0,BUILD_BRIEF.md 3.2 refined visual-family rule
CB3192,spiking,ASSUMPTION,4,spiking,0,BUILD_BRIEF.md 3.2 refined visual-family rule
CB3193,spiking,ASSUMPTION,2,spiking,0,BUILD_BRIEF.md 3.2 refined visual-family rule
CB3194,spiking,ASSUMPTION,4,spiking,0,BUILD_BRIEF.md 3.2 refined visual-family rule
CB3195,spiking,ASSUMPTION,2,spiking,0,BUILD_BRIEF.md 3.2 refined visual-family rule
CB3196,spiking,ASSUMPTION,2,spiking,0,BUILD_BRIEF.md 3.2 refined visual-family rule
CB3197,spiking,ASSUMPTION,3,spiking,0,BUILD_BRIEF.md 3.2 refined visual-family rule
CB3198,spiking,ASSUMPTION,4,spiking,0,BUILD_BRIEF.md 3.2 refined visual-family rule
CB3199,spiking,ASSUMPTION,4,spiking,0,BUILD_BRIEF.md 3.2 refined visual-family rule
CB3200,spiking,ASSUMPTION,2,spiking,0,BUILD_BRIEF.md 3.2 refined visual-family rule
CB3200b,spiking,ASSUMPTION,4,spiking,0,BUILD_BRIEF.md 3.2 refined visual-family rule
CB3201,spiking,ASSUMPTION,4,spiking,0,BUILD_BRIEF.md 3.2 refined visual-family rule
CB3202,spiking,ASSUMPTION,4,spiking,0,BUILD_BRIEF.md 3.2 refined visual-family rule
CB3203,spiking,ASSUMPTION,2,spiking,0,BUILD_BRIEF.md 3.2 refined visual-family rule
CB3204,spiking,ASSUMPTION,2,spiking,0,BUILD_BRIEF.md 3.2 refined visual-family rule
CB3205,spiking,ASSUMPTION,2,spiking,0,BUILD_BRIEF.md 3.2 refined visual-family rule
CB3206,spiking,ASSUMPTION,3,spiking,0,BUILD_BRIEF.md 3.2 refined visual-family rule
CB3207,spiking,ASSUMPTION,3,spiking,0,BUILD_BRIEF.md 3.2 refined visual-family rule
CB3208,spiking,ASSUMPTION,4,spiking,0,BUILD_BRIEF.md 3.2 refined visual-family rule
CB3209,spiking,ASSUMPTION,2,spiking,0,BUILD_BRIEF.md 3.2 refined visual-family rule
CB3210,spiking,ASSUMPTION,2,spiking,0,BUILD_BRIEF.md 3.2 refined visual-family rule
CB3211,spiking,ASSUMPTION,4,spiking,0,BUILD_BRIEF.md 3.2 refined visual-family rule
CB3212,spiking,ASSUMPTION,2,spiking,0,BUILD_BRIEF.md 3.2 refined visual-family rule
CB3214,spiking,ASSUMPTION,2,spiking,0,BUILD_BRIEF.md 3.2 refined visual-family rule
CB3215,spiking,ASSUMPTION,4,spiking,0,BUILD_BRIEF.md 3.2 refined visual-family rule
CB3218,spiking,ASSUMPTION,4,spiking,0,BUILD_BRIEF.md 3.2 refined visual-family rule
CB3219,spiking,ASSUMPTION,2,spiking,0,BUILD_BRIEF.md 3.2 refined visual-family rule
CB3220,spiking,ASSUMPTION,2,spiking,0,BUILD_BRIEF.md 3.2 refined visual-family rule
CB3221,spiking,ASSUMPTION,2,spiking,0,BUILD_BRIEF.md 3.2 refined visual-family rule
CB3223,spiking,ASSUMPTION,3,spiking,0,BUILD_BRIEF.md 3.2 refined visual-family rule
CB3224,spiking,ASSUMPTION,2,spiking,0,BUILD_BRIEF.md 3.2 refined visual-family rule
CB3225,spiking,ASSUMPTION,4,spiking,0,BUILD_BRIEF.md 3.2 refined visual-family rule
CB3226,spiking,ASSUMPTION,2,spiking,0,BUILD_BRIEF.md 3.2 refined visual-family rule
CB3227,spiking,ASSUMPTION,2,spiking,0,BUILD_BRIEF.md 3.2 refined visual-family rule
CB3228,spiking,ASSUMPTION,2,spiking,0,BUILD_BRIEF.md 3.2 refined visual-family rule
CB3229,spiking,ASSUMPTION,4,spiking,0,BUILD_BRIEF.md 3.2 refined visual-family rule
CB3230,spiking,ASSUMPTION,4,spiking,0,BUILD_BRIEF.md 3.2 refined visual-family rule
CB3231,spiking,ASSUMPTION,5,spiking,0,BUILD_BRIEF.md 3.2 refined visual-family rule
CB3233,spiking,ASSUMPTION,3,spiking,0,BUILD_BRIEF.md 3.2 refined visual-family rule
CB3234,spiking,ASSUMPTION,4,spiking,0,BUILD_BRIEF.md 3.2 refined visual-family rule
CB3235,spiking,ASSUMPTION,2,spiking,0,BUILD_BRIEF.md 3.2 refined visual-family rule
CB3236,spiking,ASSUMPTION,3,spiking,0,BUILD_BRIEF.md 3.2 refined visual-family rule
CB3238,spiking,ASSUMPTION,2,spiking,0,BUILD_BRIEF.md 3.2 refined visual-family rule
CB3239,spiking,ASSUMPTION,4,spiking,0,BUILD_BRIEF.md 3.2 refined visual-family rule
CB3240,spiking,ASSUMPTION,2,spiking,0,BUILD_BRIEF.md 3.2 refined visual-family rule
CB3241,spiking,ASSUMPTION,2,spiking,0,BUILD_BRIEF.md 3.2 refined visual-family rule
CB3242,spiking,ASSUMPTION,2,spiking,0,BUILD_BRIEF.md 3.2 refined visual-family rule
CB3243,spiking,ASSUMPTION,6,spiking,0,BUILD_BRIEF.md 3.2 refined visual-family rule
CB3244,spiking,ASSUMPTION,2,spiking,0,BUILD_BRIEF.md 3.2 refined visual-family rule
CB3245,spiking,ASSUMPTION,6,spiking,0,BUILD_BRIEF.md 3.2 refined visual-family rule
CB3248,spiking,ASSUMPTION,6,spiking,0,BUILD_BRIEF.md 3.2 refined visual-family rule
CB3249,spiking,ASSUMPTION,2,spiking,0,BUILD_BRIEF.md 3.2 refined visual-family rule
CB3250,spiking,ASSUMPTION,2,spiking,0,BUILD_BRIEF.md 3.2 refined visual-family rule
CB3251,spiking,ASSUMPTION,2,spiking,0,BUILD_BRIEF.md 3.2 refined visual-family rule
CB3252,spiking,ASSUMPTION,7,spiking,0,BUILD_BRIEF.md 3.2 refined visual-family rule
CB3253,spiking,ASSUMPTION,2,spiking,0,BUILD_BRIEF.md 3.2 refined visual-family rule
CB3254,spiking,ASSUMPTION,3,spiking,0,BUILD_BRIEF.md 3.2 refined visual-family rule
CB3255,spiking,ASSUMPTION,2,spiking,0,BUILD_BRIEF.md 3.2 refined visual-family rule
CB3256,spiking,ASSUMPTION,6,spiking,0,BUILD_BRIEF.md 3.2 refined visual-family rule
CB3257,spiking,ASSUMPTION,4,spiking,0,BUILD_BRIEF.md 3.2 refined visual-family rule
CB3260,spiking,ASSUMPTION,2,spiking,0,BUILD_BRIEF.md 3.2 refined visual-family rule
CB3261,spiking,ASSUMPTION,6,spiking,0,BUILD_BRIEF.md 3.2 refined visual-family rule
CB3263,spiking,ASSUMPTION,3,spiking,0,BUILD_BRIEF.md 3.2 refined visual-family rule
CB3264,spiking,ASSUMPTION,5,spiking,0,BUILD_BRIEF.md 3.2 refined visual-family rule
CB3267,spiking,ASSUMPTION,4,spiking,0,BUILD_BRIEF.md 3.2 refined visual-family rule
CB3268,spiking,ASSUMPTION,3,spiking,0,BUILD_BRIEF.md 3.2 refined visual-family rule
CB3269,spiking,ASSUMPTION,6,spiking,0,BUILD_BRIEF.md 3.2 refined visual-family rule
CB3270,spiking,ASSUMPTION,3,spiking,0,BUILD_BRIEF.md 3.2 refined visual-family rule
CB3272,spiking,ASSUMPTION,8,spiking,0,BUILD_BRIEF.md 3.2 refined visual-family rule
CB3273,spiking,ASSUMPTION,4,spiking,0,BUILD_BRIEF.md 3.2 refined visual-family rule
CB3274,spiking,ASSUMPTION,3,spiking,0,BUILD_BRIEF.md 3.2 refined visual-family rule
CB3275a,spiking,ASSUMPTION,4,spiking,0,BUILD_BRIEF.md 3.2 refined visual-family rule
CB3275b,spiking,ASSUMPTION,2,spiking,0,BUILD_BRIEF.md 3.2 refined visual-family rule
CB3276,spiking,ASSUMPTION,6,spiking,0,BUILD_BRIEF.md 3.2 refined visual-family rule
CB3277,spiking,ASSUMPTION,2,spiking,0,BUILD_BRIEF.md 3.2 refined visual-family rule
CB3278,spiking,ASSUMPTION,2,spiking,0,BUILD_BRIEF.md 3.2 refined visual-family rule
CB3279,spiking,ASSUMPTION,4,spiking,0,BUILD_BRIEF.md 3.2 refined visual-family rule
CB3280,spiking,ASSUMPTION,2,spiking,0,BUILD_BRIEF.md 3.2 refined visual-family rule
CB3281,spiking,ASSUMPTION,2,spiking,0,BUILD_BRIEF.md 3.2 refined visual-family rule
CB3283,spiking,ASSUMPTION,4,spiking,0,BUILD_BRIEF.md 3.2 refined visual-family rule
CB3284,spiking,ASSUMPTION,2,spiking,0,BUILD_BRIEF.md 3.2 refined visual-family rule
CB3285,spiking,ASSUMPTION,3,spiking,0,BUILD_BRIEF.md 3.2 refined visual-family rule
CB3286,spiking,ASSUMPTION,2,spiking,0,BUILD_BRIEF.md 3.2 refined visual-family rule
CB3287,spiking,ASSUMPTION,7,spiking,0,BUILD_BRIEF.md 3.2 refined visual-family rule
CB3288,spiking,ASSUMPTION,4,spiking,0,BUILD_BRIEF.md 3.2 refined visual-family rule
CB3289,spiking,ASSUMPTION,5,spiking,0,BUILD_BRIEF.md 3.2 refined visual-family rule
CB3290,spiking,ASSUMPTION,6,spiking,0,BUILD_BRIEF.md 3.2 refined visual-family rule
CB3291,spiking,ASSUMPTION,2,spiking,0,BUILD_BRIEF.md 3.2 refined visual-family rule
CB3292,spiking,ASSUMPTION,4,spiking,0,BUILD_BRIEF.md 3.2 refined visual-family rule
CB3293,spiking,ASSUMPTION,6,spiking,0,BUILD_BRIEF.md 3.2 refined visual-family rule
CB3294,spiking,ASSUMPTION,3,spiking,0,BUILD_BRIEF.md 3.2 refined visual-family rule
CB3295,spiking,ASSUMPTION,3,spiking,0,BUILD_BRIEF.md 3.2 refined visual-family rule
CB3297,spiking,ASSUMPTION,2,spiking,0,BUILD_BRIEF.md 3.2 refined visual-family rule
CB3298,spiking,ASSUMPTION,5,spiking,0,BUILD_BRIEF.md 3.2 refined visual-family rule
CB3299,spiking,ASSUMPTION,2,spiking,0,BUILD_BRIEF.md 3.2 refined visual-family rule
CB3300,spiking,ASSUMPTION,8,spiking,0,BUILD_BRIEF.md 3.2 refined visual-family rule
CB3302,spiking,ASSUMPTION,3,spiking,0,BUILD_BRIEF.md 3.2 refined visual-family rule
CB3304,spiking,ASSUMPTION,4,spiking,0,BUILD_BRIEF.md 3.2 refined visual-family rule
CB3305,spiking,ASSUMPTION,4,spiking,0,BUILD_BRIEF.md 3.2 refined visual-family rule
CB3306,spiking,ASSUMPTION,2,spiking,0,BUILD_BRIEF.md 3.2 refined visual-family rule
CB3308,spiking,ASSUMPTION,5,spiking,0,BUILD_BRIEF.md 3.2 refined visual-family rule
CB3309,spiking,ASSUMPTION,2,spiking,0,BUILD_BRIEF.md 3.2 refined visual-family rule
CB3310,spiking,ASSUMPTION,2,spiking,0,BUILD_BRIEF.md 3.2 refined visual-family rule
CB3312,spiking,ASSUMPTION,5,spiking,0,BUILD_BRIEF.md 3.2 refined visual-family rule
CB3313,spiking,ASSUMPTION,5,spiking,0,BUILD_BRIEF.md 3.2 refined visual-family rule
CB3314,spiking,ASSUMPTION,3,spiking,0,BUILD_BRIEF.md 3.2 refined visual-family rule
CB3315,spiking,ASSUMPTION,2,spiking,0,BUILD_BRIEF.md 3.2 refined visual-family rule
CB3316,spiking,ASSUMPTION,2,spiking,0,BUILD_BRIEF.md 3.2 refined visual-family rule
CB3317,spiking,ASSUMPTION,2,spiking,0,BUILD_BRIEF.md 3.2 refined visual-family rule
CB3318,spiking,ASSUMPTION,4,spiking,0,BUILD_BRIEF.md 3.2 refined visual-family rule
CB3319,spiking,ASSUMPTION,2,spiking,0,BUILD_BRIEF.md 3.2 refined visual-family rule
CB3320,spiking,ASSUMPTION,6,spiking,0,BUILD_BRIEF.md 3.2 refined visual-family rule
CB3321,spiking,ASSUMPTION,3,spiking,0,BUILD_BRIEF.md 3.2 refined visual-family rule
CB3322,spiking,ASSUMPTION,4,spiking,0,BUILD_BRIEF.md 3.2 refined visual-family rule
CB3323,spiking,ASSUMPTION,2,spiking,0,BUILD_BRIEF.md 3.2 refined visual-family rule
CB3324,spiking,ASSUMPTION,5,spiking,0,BUILD_BRIEF.md 3.2 refined visual-family rule
CB3325,spiking,ASSUMPTION,2,spiking,0,BUILD_BRIEF.md 3.2 refined visual-family rule
CB3326,spiking,ASSUMPTION,4,spiking,0,BUILD_BRIEF.md 3.2 refined visual-family rule
CB3327,spiking,ASSUMPTION,2,spiking,0,BUILD_BRIEF.md 3.2 refined visual-family rule
CB3328,spiking,ASSUMPTION,4,spiking,0,BUILD_BRIEF.md 3.2 refined visual-family rule
CB3329,spiking,ASSUMPTION,6,spiking,0,BUILD_BRIEF.md 3.2 refined visual-family rule
CB3330,spiking,ASSUMPTION,3,spiking,0,BUILD_BRIEF.md 3.2 refined visual-family rule
CB3331,spiking,ASSUMPTION,4,spiking,0,BUILD_BRIEF.md 3.2 refined visual-family rule
CB3332,spiking,ASSUMPTION,2,spiking,0,BUILD_BRIEF.md 3.2 refined visual-family rule
CB3335,spiking,ASSUMPTION,2,spiking,0,BUILD_BRIEF.md 3.2 refined visual-family rule
CB3336,spiking,ASSUMPTION,2,spiking,0,BUILD_BRIEF.md 3.2 refined visual-family rule
CB3337,spiking,ASSUMPTION,5,spiking,0,BUILD_BRIEF.md 3.2 refined visual-family rule
CB3339,spiking,ASSUMPTION,2,spiking,0,BUILD_BRIEF.md 3.2 refined visual-family rule
CB3340,spiking,ASSUMPTION,4,spiking,0,BUILD_BRIEF.md 3.2 refined visual-family rule
CB3341,spiking,ASSUMPTION,2,spiking,0,BUILD_BRIEF.md 3.2 refined visual-family rule
CB3342,spiking,ASSUMPTION,2,spiking,0,BUILD_BRIEF.md 3.2 refined visual-family rule
CB3343,spiking,ASSUMPTION,2,spiking,0,BUILD_BRIEF.md 3.2 refined visual-family rule
CB3344,spiking,ASSUMPTION,2,spiking,0,BUILD_BRIEF.md 3.2 refined visual-family rule
CB3345,spiking,ASSUMPTION,3,spiking,0,BUILD_BRIEF.md 3.2 refined visual-family rule
CB3346,spiking,ASSUMPTION,2,spiking,0,BUILD_BRIEF.md 3.2 refined visual-family rule
CB3347,spiking,ASSUMPTION,2,spiking,0,BUILD_BRIEF.md 3.2 refined visual-family rule
CB3348,spiking,ASSUMPTION,2,spiking,0,BUILD_BRIEF.md 3.2 refined visual-family rule
CB3349,spiking,ASSUMPTION,2,spiking,0,BUILD_BRIEF.md 3.2 refined visual-family rule
CB3351,spiking,ASSUMPTION,2,spiking,0,BUILD_BRIEF.md 3.2 refined visual-family rule
CB3352,spiking,ASSUMPTION,2,spiking,0,BUILD_BRIEF.md 3.2 refined visual-family rule
CB3353,spiking,ASSUMPTION,2,spiking,0,BUILD_BRIEF.md 3.2 refined visual-family rule
CB3354,spiking,ASSUMPTION,2,spiking,0,BUILD_BRIEF.md 3.2 refined visual-family rule
CB3355,spiking,ASSUMPTION,2,spiking,0,BUILD_BRIEF.md 3.2 refined visual-family rule
CB3356,spiking,ASSUMPTION,2,spiking,0,BUILD_BRIEF.md 3.2 refined visual-family rule
CB3357,spiking,ASSUMPTION,3,spiking,0,BUILD_BRIEF.md 3.2 refined visual-family rule
CB3358,spiking,ASSUMPTION,2,spiking,0,BUILD_BRIEF.md 3.2 refined visual-family rule
CB3359,spiking,ASSUMPTION,2,spiking,0,BUILD_BRIEF.md 3.2 refined visual-family rule
CB3360,spiking,ASSUMPTION,4,spiking,0,BUILD_BRIEF.md 3.2 refined visual-family rule
CB3361,spiking,ASSUMPTION,3,spiking,0,BUILD_BRIEF.md 3.2 refined visual-family rule
CB3362,spiking,ASSUMPTION,2,spiking,0,BUILD_BRIEF.md 3.2 refined visual-family rule
CB3363,spiking,ASSUMPTION,2,spiking,0,BUILD_BRIEF.md 3.2 refined visual-family rule
CB3364,spiking,ASSUMPTION,3,spiking,0,BUILD_BRIEF.md 3.2 refined visual-family rule
CB3365,spiking,ASSUMPTION,2,spiking,0,BUILD_BRIEF.md 3.2 refined visual-family rule
CB3366,spiking,ASSUMPTION,9,spiking,0,BUILD_BRIEF.md 3.2 refined visual-family rule
CB3368,spiking,ASSUMPTION,2,spiking,0,BUILD_BRIEF.md 3.2 refined visual-family rule
CB3369,spiking,ASSUMPTION,4,spiking,0,BUILD_BRIEF.md 3.2 refined visual-family rule
CB3370,spiking,ASSUMPTION,5,spiking,0,BUILD_BRIEF.md 3.2 refined visual-family rule
CB3371,spiking,ASSUMPTION,4,spiking,0,BUILD_BRIEF.md 3.2 refined visual-family rule
CB3372,spiking,ASSUMPTION,4,spiking,0,BUILD_BRIEF.md 3.2 refined visual-family rule
CB3373,spiking,ASSUMPTION,2,spiking,0,BUILD_BRIEF.md 3.2 refined visual-family rule
CB3374,spiking,ASSUMPTION,4,spiking,0,BUILD_BRIEF.md 3.2 refined visual-family rule
CB3376,spiking,ASSUMPTION,2,spiking,0,BUILD_BRIEF.md 3.2 refined visual-family rule
CB3377,spiking,ASSUMPTION,3,spiking,0,BUILD_BRIEF.md 3.2 refined visual-family rule
CB3378,spiking,ASSUMPTION,2,spiking,0,BUILD_BRIEF.md 3.2 refined visual-family rule
CB3379,spiking,ASSUMPTION,3,spiking,0,BUILD_BRIEF.md 3.2 refined visual-family rule
CB3380,spiking,ASSUMPTION,2,spiking,0,BUILD_BRIEF.md 3.2 refined visual-family rule
CB3381,spiking,ASSUMPTION,2,spiking,0,BUILD_BRIEF.md 3.2 refined visual-family rule
CB3382,spiking,ASSUMPTION,4,spiking,0,BUILD_BRIEF.md 3.2 refined visual-family rule
CB3383,spiking,ASSUMPTION,5,spiking,0,BUILD_BRIEF.md 3.2 refined visual-family rule
CB3384,spiking,ASSUMPTION,2,spiking,0,BUILD_BRIEF.md 3.2 refined visual-family rule
CB3385,spiking,ASSUMPTION,2,spiking,0,BUILD_BRIEF.md 3.2 refined visual-family rule
CB3386,spiking,ASSUMPTION,8,spiking,0,BUILD_BRIEF.md 3.2 refined visual-family rule
CB3387,spiking,ASSUMPTION,2,spiking,0,BUILD_BRIEF.md 3.2 refined visual-family rule
CB3388,spiking,ASSUMPTION,2,spiking,0,BUILD_BRIEF.md 3.2 refined visual-family rule
CB3390,spiking,ASSUMPTION,4,spiking,0,BUILD_BRIEF.md 3.2 refined visual-family rule
CB3391,spiking,ASSUMPTION,6,spiking,0,BUILD_BRIEF.md 3.2 refined visual-family rule
CB3392,spiking,ASSUMPTION,4,spiking,0,BUILD_BRIEF.md 3.2 refined visual-family rule
CB3393,spiking,ASSUMPTION,3,spiking,0,BUILD_BRIEF.md 3.2 refined visual-family rule
CB3394,spiking,ASSUMPTION,2,spiking,0,BUILD_BRIEF.md 3.2 refined visual-family rule
CB3395,spiking,ASSUMPTION,2,spiking,0,BUILD_BRIEF.md 3.2 refined visual-family rule
CB3396,spiking,ASSUMPTION,4,spiking,0,BUILD_BRIEF.md 3.2 refined visual-family rule
CB3398,spiking,ASSUMPTION,2,spiking,0,BUILD_BRIEF.md 3.2 refined visual-family rule
CB3399,spiking,ASSUMPTION,3,spiking,0,BUILD_BRIEF.md 3.2 refined visual-family rule
CB3400,spiking,ASSUMPTION,2,spiking,0,BUILD_BRIEF.md 3.2 refined visual-family rule
CB3401,spiking,ASSUMPTION,6,spiking,0,BUILD_BRIEF.md 3.2 refined visual-family rule
CB3402,spiking,ASSUMPTION,3,spiking,0,BUILD_BRIEF.md 3.2 refined visual-family rule
CB3403,spiking,ASSUMPTION,4,spiking,0,BUILD_BRIEF.md 3.2 refined visual-family rule
CB3404,spiking,ASSUMPTION,5,spiking,0,BUILD_BRIEF.md 3.2 refined visual-family rule
CB3405,spiking,ASSUMPTION,2,spiking,0,BUILD_BRIEF.md 3.2 refined visual-family rule
CB3406,spiking,ASSUMPTION,2,spiking,0,BUILD_BRIEF.md 3.2 refined visual-family rule
CB3407,spiking,ASSUMPTION,2,spiking,0,BUILD_BRIEF.md 3.2 refined visual-family rule
CB3408,spiking,ASSUMPTION,2,spiking,0,BUILD_BRIEF.md 3.2 refined visual-family rule
CB3409,spiking,ASSUMPTION,4,spiking,0,BUILD_BRIEF.md 3.2 refined visual-family rule
CB3410,spiking,ASSUMPTION,2,spiking,0,BUILD_BRIEF.md 3.2 refined visual-family rule
CB3411,spiking,ASSUMPTION,2,spiking,0,BUILD_BRIEF.md 3.2 refined visual-family rule
CB3412,spiking,ASSUMPTION,4,spiking,0,BUILD_BRIEF.md 3.2 refined visual-family rule
CB3413,spiking,ASSUMPTION,5,spiking,0,BUILD_BRIEF.md 3.2 refined visual-family rule
CB3414,spiking,ASSUMPTION,4,spiking,0,BUILD_BRIEF.md 3.2 refined visual-family rule
CB3415,spiking,ASSUMPTION,2,spiking,0,BUILD_BRIEF.md 3.2 refined visual-family rule
CB3416,spiking,ASSUMPTION,4,spiking,0,BUILD_BRIEF.md 3.2 refined visual-family rule
CB3417,spiking,ASSUMPTION,7,spiking,0,BUILD_BRIEF.md 3.2 refined visual-family rule
CB3418,spiking,ASSUMPTION,2,spiking,0,BUILD_BRIEF.md 3.2 refined visual-family rule
CB3419,spiking,ASSUMPTION,5,spiking,0,BUILD_BRIEF.md 3.2 refined visual-family rule
CB3422,spiking,ASSUMPTION,2,spiking,0,BUILD_BRIEF.md 3.2 refined visual-family rule
CB3423,spiking,ASSUMPTION,4,spiking,0,BUILD_BRIEF.md 3.2 refined visual-family rule
CB3424,spiking,ASSUMPTION,5,spiking,0,BUILD_BRIEF.md 3.2 refined visual-family rule
CB3425,spiking,ASSUMPTION,3,spiking,0,BUILD_BRIEF.md 3.2 refined visual-family rule
CB3426,spiking,ASSUMPTION,3,spiking,0,BUILD_BRIEF.md 3.2 refined visual-family rule
CB3427,spiking,ASSUMPTION,2,spiking,0,BUILD_BRIEF.md 3.2 refined visual-family rule
CB3428,spiking,ASSUMPTION,1,spiking,0,BUILD_BRIEF.md 3.2 refined visual-family rule
CB3429,spiking,ASSUMPTION,2,spiking,0,BUILD_BRIEF.md 3.2 refined visual-family rule
CB3430,spiking,ASSUMPTION,2,spiking,0,BUILD_BRIEF.md 3.2 refined visual-family rule
CB3431,spiking,ASSUMPTION,5,spiking,0,BUILD_BRIEF.md 3.2 refined visual-family rule
CB3432,spiking,ASSUMPTION,2,spiking,0,BUILD_BRIEF.md 3.2 refined visual-family rule
CB3433,spiking,ASSUMPTION,2,spiking,0,BUILD_BRIEF.md 3.2 refined visual-family rule
CB3434,spiking,ASSUMPTION,4,spiking,0,BUILD_BRIEF.md 3.2 refined visual-family rule
CB3435,spiking,ASSUMPTION,3,spiking,0,BUILD_BRIEF.md 3.2 refined visual-family rule
CB3436,spiking,ASSUMPTION,2,spiking,0,BUILD_BRIEF.md 3.2 refined visual-family rule
CB3437,spiking,ASSUMPTION,3,spiking,0,BUILD_BRIEF.md 3.2 refined visual-family rule
CB3438,spiking,ASSUMPTION,2,spiking,0,BUILD_BRIEF.md 3.2 refined visual-family rule
CB3439,spiking,ASSUMPTION,5,spiking,0,BUILD_BRIEF.md 3.2 refined visual-family rule
CB3441,spiking,ASSUMPTION,2,spiking,0,BUILD_BRIEF.md 3.2 refined visual-family rule
CB3442,spiking,ASSUMPTION,2,spiking,0,BUILD_BRIEF.md 3.2 refined visual-family rule
CB3444,spiking,ASSUMPTION,2,spiking,0,BUILD_BRIEF.md 3.2 refined visual-family rule
CB3445,spiking,ASSUMPTION,3,spiking,0,BUILD_BRIEF.md 3.2 refined visual-family rule
CB3446,spiking,ASSUMPTION,4,spiking,0,BUILD_BRIEF.md 3.2 refined visual-family rule
CB3447,spiking,ASSUMPTION,3,spiking,0,BUILD_BRIEF.md 3.2 refined visual-family rule
CB3448,spiking,ASSUMPTION,2,spiking,0,BUILD_BRIEF.md 3.2 refined visual-family rule
CB3449,spiking,ASSUMPTION,6,spiking,0,BUILD_BRIEF.md 3.2 refined visual-family rule
CB3450,spiking,ASSUMPTION,3,spiking,0,BUILD_BRIEF.md 3.2 refined visual-family rule
CB3452,spiking,ASSUMPTION,2,spiking,0,BUILD_BRIEF.md 3.2 refined visual-family rule
CB3453,spiking,ASSUMPTION,2,spiking,0,BUILD_BRIEF.md 3.2 refined visual-family rule
CB3454,spiking,ASSUMPTION,3,spiking,0,BUILD_BRIEF.md 3.2 refined visual-family rule
CB3455,spiking,ASSUMPTION,2,spiking,0,BUILD_BRIEF.md 3.2 refined visual-family rule
CB3456,spiking,ASSUMPTION,2,spiking,0,BUILD_BRIEF.md 3.2 refined visual-family rule
CB3457,spiking,ASSUMPTION,4,spiking,0,BUILD_BRIEF.md 3.2 refined visual-family rule
CB3458,spiking,ASSUMPTION,4,spiking,0,BUILD_BRIEF.md 3.2 refined visual-family rule
CB3459,spiking,ASSUMPTION,3,spiking,0,BUILD_BRIEF.md 3.2 refined visual-family rule
CB3461,spiking,ASSUMPTION,3,spiking,0,BUILD_BRIEF.md 3.2 refined visual-family rule
CB3462,spiking,ASSUMPTION,3,spiking,0,BUILD_BRIEF.md 3.2 refined visual-family rule
CB3463,spiking,ASSUMPTION,2,spiking,0,BUILD_BRIEF.md 3.2 refined visual-family rule
CB3464,spiking,ASSUMPTION,5,spiking,0,BUILD_BRIEF.md 3.2 refined visual-family rule
CB3465,spiking,ASSUMPTION,2,spiking,0,BUILD_BRIEF.md 3.2 refined visual-family rule
CB3466,spiking,ASSUMPTION,4,spiking,0,BUILD_BRIEF.md 3.2 refined visual-family rule
CB3467,spiking,ASSUMPTION,2,spiking,0,BUILD_BRIEF.md 3.2 refined visual-family rule
CB3468,spiking,ASSUMPTION,2,spiking,0,BUILD_BRIEF.md 3.2 refined visual-family rule
CB3469,spiking,ASSUMPTION,2,spiking,0,BUILD_BRIEF.md 3.2 refined visual-family rule
CB3470,spiking,ASSUMPTION,4,spiking,0,BUILD_BRIEF.md 3.2 refined visual-family rule
CB3471,spiking,ASSUMPTION,2,spiking,0,BUILD_BRIEF.md 3.2 refined visual-family rule
CB3472,spiking,ASSUMPTION,2,spiking,0,BUILD_BRIEF.md 3.2 refined visual-family rule
CB3473,spiking,ASSUMPTION,2,spiking,0,BUILD_BRIEF.md 3.2 refined visual-family rule
CB3474,spiking,ASSUMPTION,3,spiking,0,BUILD_BRIEF.md 3.2 refined visual-family rule
CB3476,spiking,ASSUMPTION,4,spiking,0,BUILD_BRIEF.md 3.2 refined visual-family rule
CB3477,spiking,ASSUMPTION,2,spiking,0,BUILD_BRIEF.md 3.2 refined visual-family rule
CB3479,spiking,ASSUMPTION,4,spiking,0,BUILD_BRIEF.md 3.2 refined visual-family rule
CB3480,spiking,ASSUMPTION,2,spiking,0,BUILD_BRIEF.md 3.2 refined visual-family rule
CB3482,spiking,ASSUMPTION,3,spiking,0,BUILD_BRIEF.md 3.2 refined visual-family rule
CB3483,spiking,ASSUMPTION,4,spiking,0,BUILD_BRIEF.md 3.2 refined visual-family rule
CB3484,spiking,ASSUMPTION,3,spiking,0,BUILD_BRIEF.md 3.2 refined visual-family rule
CB3485,spiking,ASSUMPTION,2,spiking,0,BUILD_BRIEF.md 3.2 refined visual-family rule
CB3486,spiking,ASSUMPTION,6,spiking,0,BUILD_BRIEF.md 3.2 refined visual-family rule
CB3487,spiking,ASSUMPTION,2,spiking,0,BUILD_BRIEF.md 3.2 refined visual-family rule
CB3488,spiking,ASSUMPTION,2,spiking,0,BUILD_BRIEF.md 3.2 refined visual-family rule
CB3489,spiking,ASSUMPTION,2,spiking,0,BUILD_BRIEF.md 3.2 refined visual-family rule
CB3491,spiking,ASSUMPTION,4,spiking,0,BUILD_BRIEF.md 3.2 refined visual-family rule
CB3492,spiking,ASSUMPTION,2,spiking,0,BUILD_BRIEF.md 3.2 refined visual-family rule
CB3493,spiking,ASSUMPTION,2,spiking,0,BUILD_BRIEF.md 3.2 refined visual-family rule
CB3496,spiking,ASSUMPTION,2,spiking,0,BUILD_BRIEF.md 3.2 refined visual-family rule
CB3497,spiking,ASSUMPTION,4,spiking,0,BUILD_BRIEF.md 3.2 refined visual-family rule
CB3498,spiking,ASSUMPTION,2,spiking,0,BUILD_BRIEF.md 3.2 refined visual-family rule
CB3499,spiking,ASSUMPTION,2,spiking,0,BUILD_BRIEF.md 3.2 refined visual-family rule
CB3500,spiking,ASSUMPTION,4,spiking,0,BUILD_BRIEF.md 3.2 refined visual-family rule
CB3501,spiking,ASSUMPTION,3,spiking,0,BUILD_BRIEF.md 3.2 refined visual-family rule
CB3502,spiking,ASSUMPTION,4,spiking,0,BUILD_BRIEF.md 3.2 refined visual-family rule
CB3503,spiking,ASSUMPTION,5,spiking,0,BUILD_BRIEF.md 3.2 refined visual-family rule
CB3504,spiking,ASSUMPTION,3,spiking,0,BUILD_BRIEF.md 3.2 refined visual-family rule
CB3505,spiking,ASSUMPTION,5,spiking,0,BUILD_BRIEF.md 3.2 refined visual-family rule
CB3506,spiking,ASSUMPTION,2,spiking,0,BUILD_BRIEF.md 3.2 refined visual-family rule
CB3507,spiking,ASSUMPTION,4,spiking,0,BUILD_BRIEF.md 3.2 refined visual-family rule
CB3508,spiking,ASSUMPTION,7,spiking,0,BUILD_BRIEF.md 3.2 refined visual-family rule
CB3509,spiking,ASSUMPTION,4,spiking,0,BUILD_BRIEF.md 3.2 refined visual-family rule
CB3510,spiking,ASSUMPTION,2,spiking,0,BUILD_BRIEF.md 3.2 refined visual-family rule
CB3512,spiking,ASSUMPTION,2,spiking,0,BUILD_BRIEF.md 3.2 refined visual-family rule
CB3513a,spiking,ASSUMPTION,2,spiking,0,BUILD_BRIEF.md 3.2 refined visual-family rule
CB3513b,spiking,ASSUMPTION,2,spiking,0,BUILD_BRIEF.md 3.2 refined visual-family rule
CB3514,spiking,ASSUMPTION,4,spiking,0,BUILD_BRIEF.md 3.2 refined visual-family rule
CB3515,spiking,ASSUMPTION,3,spiking,0,BUILD_BRIEF.md 3.2 refined visual-family rule
CB3516,spiking,ASSUMPTION,2,spiking,0,BUILD_BRIEF.md 3.2 refined visual-family rule
CB3517,spiking,ASSUMPTION,2,spiking,0,BUILD_BRIEF.md 3.2 refined visual-family rule
CB3518,spiking,ASSUMPTION,4,spiking,0,BUILD_BRIEF.md 3.2 refined visual-family rule
CB3519,spiking,ASSUMPTION,2,spiking,0,BUILD_BRIEF.md 3.2 refined visual-family rule
CB3520,spiking,ASSUMPTION,2,spiking,0,BUILD_BRIEF.md 3.2 refined visual-family rule
CB3521,spiking,ASSUMPTION,2,spiking,0,BUILD_BRIEF.md 3.2 refined visual-family rule
CB3522,spiking,ASSUMPTION,4,spiking,0,BUILD_BRIEF.md 3.2 refined visual-family rule
CB3523,spiking,ASSUMPTION,2,spiking,0,BUILD_BRIEF.md 3.2 refined visual-family rule
CB3524,spiking,ASSUMPTION,4,spiking,0,BUILD_BRIEF.md 3.2 refined visual-family rule
CB3525,spiking,ASSUMPTION,3,spiking,0,BUILD_BRIEF.md 3.2 refined visual-family rule
CB3527,spiking,ASSUMPTION,2,spiking,0,BUILD_BRIEF.md 3.2 refined visual-family rule
CB3528,spiking,ASSUMPTION,3,spiking,0,BUILD_BRIEF.md 3.2 refined visual-family rule
CB3529,spiking,ASSUMPTION,3,spiking,0,BUILD_BRIEF.md 3.2 refined visual-family rule
CB3530,spiking,ASSUMPTION,3,spiking,0,BUILD_BRIEF.md 3.2 refined visual-family rule
CB3531,spiking,ASSUMPTION,4,spiking,0,BUILD_BRIEF.md 3.2 refined visual-family rule
CB3532,spiking,ASSUMPTION,2,spiking,0,BUILD_BRIEF.md 3.2 refined visual-family rule
CB3533,spiking,ASSUMPTION,3,spiking,0,BUILD_BRIEF.md 3.2 refined visual-family rule
CB3534,spiking,ASSUMPTION,6,spiking,0,BUILD_BRIEF.md 3.2 refined visual-family rule
CB3535,spiking,ASSUMPTION,3,spiking,0,BUILD_BRIEF.md 3.2 refined visual-family rule
CB3536,spiking,ASSUMPTION,4,spiking,0,BUILD_BRIEF.md 3.2 refined visual-family rule
CB3537,spiking,ASSUMPTION,4,spiking,0,BUILD_BRIEF.md 3.2 refined visual-family rule
CB3538,spiking,ASSUMPTION,3,spiking,0,BUILD_BRIEF.md 3.2 refined visual-family rule
CB3539,spiking,ASSUMPTION,6,spiking,0,BUILD_BRIEF.md 3.2 refined visual-family rule
CB3540,spiking,ASSUMPTION,2,spiking,0,BUILD_BRIEF.md 3.2 refined visual-family rule
CB3541,spiking,ASSUMPTION,4,spiking,0,BUILD_BRIEF.md 3.2 refined visual-family rule
CB3544,spiking,ASSUMPTION,2,spiking,0,BUILD_BRIEF.md 3.2 refined visual-family rule
CB3545,spiking,ASSUMPTION,3,spiking,0,BUILD_BRIEF.md 3.2 refined visual-family rule
CB3546,spiking,ASSUMPTION,3,spiking,0,BUILD_BRIEF.md 3.2 refined visual-family rule
CB3547,spiking,ASSUMPTION,4,spiking,0,BUILD_BRIEF.md 3.2 refined visual-family rule
CB3548,spiking,ASSUMPTION,5,spiking,0,BUILD_BRIEF.md 3.2 refined visual-family rule
CB3549,spiking,ASSUMPTION,2,spiking,0,BUILD_BRIEF.md 3.2 refined visual-family rule
CB3550,spiking,ASSUMPTION,2,spiking,0,BUILD_BRIEF.md 3.2 refined visual-family rule
CB3551,spiking,ASSUMPTION,3,spiking,0,BUILD_BRIEF.md 3.2 refined visual-family rule
CB3552,spiking,ASSUMPTION,2,spiking,0,BUILD_BRIEF.md 3.2 refined visual-family rule
CB3553,spiking,ASSUMPTION,2,spiking,0,BUILD_BRIEF.md 3.2 refined visual-family rule
CB3554,spiking,ASSUMPTION,5,spiking,0,BUILD_BRIEF.md 3.2 refined visual-family rule
CB3555,spiking,ASSUMPTION,4,spiking,0,BUILD_BRIEF.md 3.2 refined visual-family rule
CB3556,spiking,ASSUMPTION,5,spiking,0,BUILD_BRIEF.md 3.2 refined visual-family rule
CB3557,spiking,ASSUMPTION,3,spiking,0,BUILD_BRIEF.md 3.2 refined visual-family rule
CB3559,spiking,ASSUMPTION,3,spiking,0,BUILD_BRIEF.md 3.2 refined visual-family rule
CB3560,spiking,ASSUMPTION,3,spiking,0,BUILD_BRIEF.md 3.2 refined visual-family rule
CB3561,spiking,ASSUMPTION,3,spiking,0,BUILD_BRIEF.md 3.2 refined visual-family rule
CB3562,spiking,ASSUMPTION,4,spiking,0,BUILD_BRIEF.md 3.2 refined visual-family rule
CB3564,spiking,ASSUMPTION,2,spiking,0,BUILD_BRIEF.md 3.2 refined visual-family rule
CB3565,spiking,ASSUMPTION,2,spiking,0,BUILD_BRIEF.md 3.2 refined visual-family rule
CB3566,spiking,ASSUMPTION,2,spiking,0,BUILD_BRIEF.md 3.2 refined visual-family rule
CB3567,spiking,ASSUMPTION,4,spiking,0,BUILD_BRIEF.md 3.2 refined visual-family rule
CB3568,spiking,ASSUMPTION,2,spiking,0,BUILD_BRIEF.md 3.2 refined visual-family rule
CB3569,spiking,ASSUMPTION,2,spiking,0,BUILD_BRIEF.md 3.2 refined visual-family rule
CB3570,spiking,ASSUMPTION,2,spiking,0,BUILD_BRIEF.md 3.2 refined visual-family rule
CB3571,spiking,ASSUMPTION,2,spiking,0,BUILD_BRIEF.md 3.2 refined visual-family rule
CB3572,spiking,ASSUMPTION,3,spiking,0,BUILD_BRIEF.md 3.2 refined visual-family rule
CB3573,spiking,ASSUMPTION,2,spiking,0,BUILD_BRIEF.md 3.2 refined visual-family rule
CB3574,spiking,ASSUMPTION,2,spiking,0,BUILD_BRIEF.md 3.2 refined visual-family rule
CB3575,spiking,ASSUMPTION,2,spiking,0,BUILD_BRIEF.md 3.2 refined visual-family rule
CB3576,spiking,ASSUMPTION,2,spiking,0,BUILD_BRIEF.md 3.2 refined visual-family rule
CB3577,spiking,ASSUMPTION,2,spiking,0,BUILD_BRIEF.md 3.2 refined visual-family rule
CB3578,spiking,ASSUMPTION,2,spiking,0,BUILD_BRIEF.md 3.2 refined visual-family rule
CB3579,spiking,ASSUMPTION,3,spiking,0,BUILD_BRIEF.md 3.2 refined visual-family rule
CB3580,spiking,ASSUMPTION,2,spiking,0,BUILD_BRIEF.md 3.2 refined visual-family rule
CB3581,spiking,ASSUMPTION,2,spiking,0,BUILD_BRIEF.md 3.2 refined visual-family rule
CB3582,spiking,ASSUMPTION,2,spiking,0,BUILD_BRIEF.md 3.2 refined visual-family rule
CB3584,spiking,ASSUMPTION,2,spiking,0,BUILD_BRIEF.md 3.2 refined visual-family rule
CB3587,spiking,ASSUMPTION,4,spiking,0,BUILD_BRIEF.md 3.2 refined visual-family rule
CB3588,spiking,ASSUMPTION,2,spiking,0,BUILD_BRIEF.md 3.2 refined visual-family rule
CB3589,spiking,ASSUMPTION,3,spiking,0,BUILD_BRIEF.md 3.2 refined visual-family rule
CB3590,spiking,ASSUMPTION,4,spiking,0,BUILD_BRIEF.md 3.2 refined visual-family rule
CB3591,spiking,ASSUMPTION,2,spiking,0,BUILD_BRIEF.md 3.2 refined visual-family rule
CB3592,spiking,ASSUMPTION,3,spiking,0,BUILD_BRIEF.md 3.2 refined visual-family rule
CB3593,spiking,ASSUMPTION,2,spiking,0,BUILD_BRIEF.md 3.2 refined visual-family rule
CB3594,spiking,ASSUMPTION,3,spiking,0,BUILD_BRIEF.md 3.2 refined visual-family rule
CB3595,spiking,ASSUMPTION,2,spiking,0,BUILD_BRIEF.md 3.2 refined visual-family rule
CB3598,spiking,ASSUMPTION,4,spiking,0,BUILD_BRIEF.md 3.2 refined visual-family rule
CB3599,spiking,ASSUMPTION,2,spiking,0,BUILD_BRIEF.md 3.2 refined visual-family rule
CB3600,spiking,ASSUMPTION,2,spiking,0,BUILD_BRIEF.md 3.2 refined visual-family rule
CB3601,spiking,ASSUMPTION,2,spiking,0,BUILD_BRIEF.md 3.2 refined visual-family rule
CB3603,spiking,ASSUMPTION,4,spiking,0,BUILD_BRIEF.md 3.2 refined visual-family rule
CB3604,spiking,ASSUMPTION,3,spiking,0,BUILD_BRIEF.md 3.2 refined visual-family rule
CB3605,spiking,ASSUMPTION,2,spiking,0,BUILD_BRIEF.md 3.2 refined visual-family rule
CB3606,spiking,ASSUMPTION,3,spiking,0,BUILD_BRIEF.md 3.2 refined visual-family rule
CB3607,spiking,ASSUMPTION,2,spiking,0,BUILD_BRIEF.md 3.2 refined visual-family rule
CB3608,spiking,ASSUMPTION,2,spiking,0,BUILD_BRIEF.md 3.2 refined visual-family rule
CB3609,spiking,ASSUMPTION,2,spiking,0,BUILD_BRIEF.md 3.2 refined visual-family rule
CB3610,spiking,ASSUMPTION,2,spiking,0,BUILD_BRIEF.md 3.2 refined visual-family rule
CB3611,spiking,ASSUMPTION,4,spiking,0,BUILD_BRIEF.md 3.2 refined visual-family rule
CB3612,spiking,ASSUMPTION,4,spiking,0,BUILD_BRIEF.md 3.2 refined visual-family rule
CB3613,spiking,ASSUMPTION,3,spiking,0,BUILD_BRIEF.md 3.2 refined visual-family rule
CB3614,spiking,ASSUMPTION,2,spiking,0,BUILD_BRIEF.md 3.2 refined visual-family rule
CB3615,spiking,ASSUMPTION,2,spiking,0,BUILD_BRIEF.md 3.2 refined visual-family rule
CB3617,spiking,ASSUMPTION,2,spiking,0,BUILD_BRIEF.md 3.2 refined visual-family rule
CB3619,spiking,ASSUMPTION,2,spiking,0,BUILD_BRIEF.md 3.2 refined visual-family rule
CB3621,spiking,ASSUMPTION,2,spiking,0,BUILD_BRIEF.md 3.2 refined visual-family rule
CB3622,spiking,ASSUMPTION,2,spiking,0,BUILD_BRIEF.md 3.2 refined visual-family rule
CB3623,spiking,ASSUMPTION,6,spiking,0,BUILD_BRIEF.md 3.2 refined visual-family rule
CB3624,spiking,ASSUMPTION,2,spiking,0,BUILD_BRIEF.md 3.2 refined visual-family rule
CB3625,spiking,ASSUMPTION,2,spiking,0,BUILD_BRIEF.md 3.2 refined visual-family rule
CB3626,spiking,ASSUMPTION,6,spiking,0,BUILD_BRIEF.md 3.2 refined visual-family rule
CB3627,spiking,ASSUMPTION,2,spiking,0,BUILD_BRIEF.md 3.2 refined visual-family rule
CB3628,spiking,ASSUMPTION,2,spiking,0,BUILD_BRIEF.md 3.2 refined visual-family rule
CB3629,spiking,ASSUMPTION,4,spiking,0,BUILD_BRIEF.md 3.2 refined visual-family rule
CB3630,spiking,ASSUMPTION,2,spiking,0,BUILD_BRIEF.md 3.2 refined visual-family rule
CB3631,spiking,ASSUMPTION,2,spiking,0,BUILD_BRIEF.md 3.2 refined visual-family rule
CB3632,spiking,ASSUMPTION,3,spiking,0,BUILD_BRIEF.md 3.2 refined visual-family rule
CB3633,spiking,ASSUMPTION,3,spiking,0,BUILD_BRIEF.md 3.2 refined visual-family rule
CB3635,spiking,ASSUMPTION,3,spiking,0,BUILD_BRIEF.md 3.2 refined visual-family rule
CB3636,spiking,ASSUMPTION,2,spiking,0,BUILD_BRIEF.md 3.2 refined visual-family rule
CB3637,spiking,ASSUMPTION,4,spiking,0,BUILD_BRIEF.md 3.2 refined visual-family rule
CB3638,spiking,ASSUMPTION,3,spiking,0,BUILD_BRIEF.md 3.2 refined visual-family rule
CB3639,spiking,ASSUMPTION,2,spiking,0,BUILD_BRIEF.md 3.2 refined visual-family rule
CB3640,spiking,ASSUMPTION,2,spiking,0,BUILD_BRIEF.md 3.2 refined visual-family rule
CB3641,spiking,ASSUMPTION,2,spiking,0,BUILD_BRIEF.md 3.2 refined visual-family rule
CB3642,spiking,ASSUMPTION,2,spiking,0,BUILD_BRIEF.md 3.2 refined visual-family rule
CB3643,spiking,ASSUMPTION,2,spiking,0,BUILD_BRIEF.md 3.2 refined visual-family rule
CB3645,spiking,ASSUMPTION,2,spiking,0,BUILD_BRIEF.md 3.2 refined visual-family rule
CB3646,spiking,ASSUMPTION,4,spiking,0,BUILD_BRIEF.md 3.2 refined visual-family rule
CB3648,spiking,ASSUMPTION,4,spiking,0,BUILD_BRIEF.md 3.2 refined visual-family rule
CB3649,spiking,ASSUMPTION,4,spiking,0,BUILD_BRIEF.md 3.2 refined visual-family rule
CB3650,spiking,ASSUMPTION,2,spiking,0,BUILD_BRIEF.md 3.2 refined visual-family rule
CB3651,spiking,ASSUMPTION,3,spiking,0,BUILD_BRIEF.md 3.2 refined visual-family rule
CB3652,spiking,ASSUMPTION,2,spiking,0,BUILD_BRIEF.md 3.2 refined visual-family rule
CB3653,spiking,ASSUMPTION,2,spiking,0,BUILD_BRIEF.md 3.2 refined visual-family rule
CB3654,spiking,ASSUMPTION,2,spiking,0,BUILD_BRIEF.md 3.2 refined visual-family rule
CB3655,spiking,ASSUMPTION,4,spiking,0,BUILD_BRIEF.md 3.2 refined visual-family rule
CB3656,spiking,ASSUMPTION,2,spiking,0,BUILD_BRIEF.md 3.2 refined visual-family rule
CB3657,spiking,ASSUMPTION,2,spiking,0,BUILD_BRIEF.md 3.2 refined visual-family rule
CB3658,spiking,ASSUMPTION,2,spiking,0,BUILD_BRIEF.md 3.2 refined visual-family rule
CB3659,spiking,ASSUMPTION,3,spiking,0,BUILD_BRIEF.md 3.2 refined visual-family rule
CB3660,spiking,ASSUMPTION,4,spiking,0,BUILD_BRIEF.md 3.2 refined visual-family rule
CB3661,spiking,ASSUMPTION,2,spiking,0,BUILD_BRIEF.md 3.2 refined visual-family rule
CB3662,spiking,ASSUMPTION,2,spiking,0,BUILD_BRIEF.md 3.2 refined visual-family rule
CB3663,spiking,ASSUMPTION,4,spiking,0,BUILD_BRIEF.md 3.2 refined visual-family rule
CB3664,spiking,ASSUMPTION,4,spiking,0,BUILD_BRIEF.md 3.2 refined visual-family rule
CB3665,spiking,ASSUMPTION,2,spiking,0,BUILD_BRIEF.md 3.2 refined visual-family rule
CB3666,spiking,ASSUMPTION,4,spiking,0,BUILD_BRIEF.md 3.2 refined visual-family rule
CB3667,spiking,ASSUMPTION,3,spiking,0,BUILD_BRIEF.md 3.2 refined visual-family rule
CB3668,spiking,ASSUMPTION,2,spiking,0,BUILD_BRIEF.md 3.2 refined visual-family rule
CB3669,spiking,ASSUMPTION,2,spiking,0,BUILD_BRIEF.md 3.2 refined visual-family rule
CB3670,spiking,ASSUMPTION,2,spiking,0,BUILD_BRIEF.md 3.2 refined visual-family rule
CB3671,spiking,ASSUMPTION,2,spiking,0,BUILD_BRIEF.md 3.2 refined visual-family rule
CB3672,spiking,ASSUMPTION,2,spiking,0,BUILD_BRIEF.md 3.2 refined visual-family rule
CB3673a,spiking,ASSUMPTION,2,spiking,0,BUILD_BRIEF.md 3.2 refined visual-family rule
CB3673b,spiking,ASSUMPTION,2,spiking,0,BUILD_BRIEF.md 3.2 refined visual-family rule
CB3674,spiking,ASSUMPTION,2,spiking,0,BUILD_BRIEF.md 3.2 refined visual-family rule
CB3675,spiking,ASSUMPTION,4,spiking,0,BUILD_BRIEF.md 3.2 refined visual-family rule
CB3676,spiking,ASSUMPTION,2,spiking,0,BUILD_BRIEF.md 3.2 refined visual-family rule
CB3678,spiking,ASSUMPTION,2,spiking,0,BUILD_BRIEF.md 3.2 refined visual-family rule
CB3679,spiking,ASSUMPTION,2,spiking,0,BUILD_BRIEF.md 3.2 refined visual-family rule
CB3680,spiking,ASSUMPTION,2,spiking,0,BUILD_BRIEF.md 3.2 refined visual-family rule
CB3682,spiking,ASSUMPTION,2,spiking,0,BUILD_BRIEF.md 3.2 refined visual-family rule
CB3683,spiking,ASSUMPTION,2,spiking,0,BUILD_BRIEF.md 3.2 refined visual-family rule
CB3684,spiking,ASSUMPTION,3,spiking,0,BUILD_BRIEF.md 3.2 refined visual-family rule
CB3685,spiking,ASSUMPTION,4,spiking,0,BUILD_BRIEF.md 3.2 refined visual-family rule
CB3686,spiking,ASSUMPTION,2,spiking,0,BUILD_BRIEF.md 3.2 refined visual-family rule
CB3687,spiking,ASSUMPTION,2,spiking,0,BUILD_BRIEF.md 3.2 refined visual-family rule
CB3690,spiking,ASSUMPTION,2,spiking,0,BUILD_BRIEF.md 3.2 refined visual-family rule
CB3691,spiking,ASSUMPTION,2,spiking,0,BUILD_BRIEF.md 3.2 refined visual-family rule
CB3692,spiking,ASSUMPTION,2,spiking,0,BUILD_BRIEF.md 3.2 refined visual-family rule
CB3693,spiking,ASSUMPTION,1,spiking,0,BUILD_BRIEF.md 3.2 refined visual-family rule
CB3694,spiking,ASSUMPTION,4,spiking,0,BUILD_BRIEF.md 3.2 refined visual-family rule
CB3695,spiking,ASSUMPTION,2,spiking,0,BUILD_BRIEF.md 3.2 refined visual-family rule
CB3696,spiking,ASSUMPTION,4,spiking,0,BUILD_BRIEF.md 3.2 refined visual-family rule
CB3697,spiking,ASSUMPTION,3,spiking,0,BUILD_BRIEF.md 3.2 refined visual-family rule
CB3698,spiking,ASSUMPTION,2,spiking,0,BUILD_BRIEF.md 3.2 refined visual-family rule
CB3699,spiking,ASSUMPTION,2,spiking,0,BUILD_BRIEF.md 3.2 refined visual-family rule
CB3700,spiking,ASSUMPTION,2,spiking,0,BUILD_BRIEF.md 3.2 refined visual-family rule
CB3701,spiking,ASSUMPTION,2,spiking,0,BUILD_BRIEF.md 3.2 refined visual-family rule
CB3703,spiking,ASSUMPTION,2,spiking,0,BUILD_BRIEF.md 3.2 refined visual-family rule
CB3705,spiking,ASSUMPTION,3,spiking,0,BUILD_BRIEF.md 3.2 refined visual-family rule
CB3706,spiking,ASSUMPTION,2,spiking,0,BUILD_BRIEF.md 3.2 refined visual-family rule
CB3707,spiking,ASSUMPTION,4,spiking,0,BUILD_BRIEF.md 3.2 refined visual-family rule
CB3708,spiking,ASSUMPTION,4,spiking,0,BUILD_BRIEF.md 3.2 refined visual-family rule
CB3709,spiking,ASSUMPTION,2,spiking,0,BUILD_BRIEF.md 3.2 refined visual-family rule
CB3710,spiking,ASSUMPTION,3,spiking,0,BUILD_BRIEF.md 3.2 refined visual-family rule
CB3713,spiking,ASSUMPTION,2,spiking,0,BUILD_BRIEF.md 3.2 refined visual-family rule
CB3714,spiking,ASSUMPTION,4,spiking,0,BUILD_BRIEF.md 3.2 refined visual-family rule
CB3715,spiking,ASSUMPTION,2,spiking,0,BUILD_BRIEF.md 3.2 refined visual-family rule
CB3716,spiking,ASSUMPTION,2,spiking,0,BUILD_BRIEF.md 3.2 refined visual-family rule
CB3717,spiking,ASSUMPTION,2,spiking,0,BUILD_BRIEF.md 3.2 refined visual-family rule
CB3720,spiking,ASSUMPTION,2,spiking,0,BUILD_BRIEF.md 3.2 refined visual-family rule
CB3723,spiking,ASSUMPTION,3,spiking,0,BUILD_BRIEF.md 3.2 refined visual-family rule
CB3724,spiking,ASSUMPTION,2,spiking,0,BUILD_BRIEF.md 3.2 refined visual-family rule
CB3726,spiking,ASSUMPTION,2,spiking,0,BUILD_BRIEF.md 3.2 refined visual-family rule
CB3727,spiking,ASSUMPTION,4,spiking,0,BUILD_BRIEF.md 3.2 refined visual-family rule
CB3728,spiking,ASSUMPTION,6,spiking,0,BUILD_BRIEF.md 3.2 refined visual-family rule
CB3729,spiking,ASSUMPTION,3,spiking,0,BUILD_BRIEF.md 3.2 refined visual-family rule
CB3730,spiking,ASSUMPTION,2,spiking,0,BUILD_BRIEF.md 3.2 refined visual-family rule
CB3732,spiking,ASSUMPTION,2,spiking,0,BUILD_BRIEF.md 3.2 refined visual-family rule
CB3733,spiking,ASSUMPTION,3,spiking,0,BUILD_BRIEF.md 3.2 refined visual-family rule
CB3734,spiking,ASSUMPTION,2,spiking,0,BUILD_BRIEF.md 3.2 refined visual-family rule
CB3735,spiking,ASSUMPTION,7,spiking,0,BUILD_BRIEF.md 3.2 refined visual-family rule
CB3737,spiking,ASSUMPTION,3,spiking,0,BUILD_BRIEF.md 3.2 refined visual-family rule
CB3738,spiking,ASSUMPTION,2,spiking,0,BUILD_BRIEF.md 3.2 refined visual-family rule
CB3739,spiking,ASSUMPTION,5,spiking,0,BUILD_BRIEF.md 3.2 refined visual-family rule
CB3740,spiking,ASSUMPTION,6,spiking,0,BUILD_BRIEF.md 3.2 refined visual-family rule
CB3741,spiking,ASSUMPTION,3,spiking,0,BUILD_BRIEF.md 3.2 refined visual-family rule
CB3742,spiking,ASSUMPTION,4,spiking,0,BUILD_BRIEF.md 3.2 refined visual-family rule
CB3743,spiking,ASSUMPTION,4,spiking,0,BUILD_BRIEF.md 3.2 refined visual-family rule
CB3744,spiking,ASSUMPTION,3,spiking,0,BUILD_BRIEF.md 3.2 refined visual-family rule
CB3745,spiking,ASSUMPTION,4,spiking,0,BUILD_BRIEF.md 3.2 refined visual-family rule
CB3746,spiking,ASSUMPTION,4,spiking,0,BUILD_BRIEF.md 3.2 refined visual-family rule
CB3747,spiking,ASSUMPTION,2,spiking,0,BUILD_BRIEF.md 3.2 refined visual-family rule
CB3748,spiking,ASSUMPTION,2,spiking,0,BUILD_BRIEF.md 3.2 refined visual-family rule
CB3749,spiking,ASSUMPTION,2,spiking,0,BUILD_BRIEF.md 3.2 refined visual-family rule
CB3750,spiking,ASSUMPTION,2,spiking,0,BUILD_BRIEF.md 3.2 refined visual-family rule
CB3751,spiking,ASSUMPTION,2,spiking,0,BUILD_BRIEF.md 3.2 refined visual-family rule
CB3753,spiking,ASSUMPTION,5,spiking,0,BUILD_BRIEF.md 3.2 refined visual-family rule
CB3754,spiking,ASSUMPTION,4,spiking,0,BUILD_BRIEF.md 3.2 refined visual-family rule
CB3755,spiking,ASSUMPTION,4,spiking,0,BUILD_BRIEF.md 3.2 refined visual-family rule
CB3758,spiking,ASSUMPTION,2,spiking,0,BUILD_BRIEF.md 3.2 refined visual-family rule
CB3759,spiking,ASSUMPTION,4,spiking,0,BUILD_BRIEF.md 3.2 refined visual-family rule
CB3760,spiking,ASSUMPTION,6,spiking,0,BUILD_BRIEF.md 3.2 refined visual-family rule
CB3761,spiking,ASSUMPTION,2,spiking,0,BUILD_BRIEF.md 3.2 refined visual-family rule
CB3762,spiking,ASSUMPTION,3,spiking,0,BUILD_BRIEF.md 3.2 refined visual-family rule
CB3763,spiking,ASSUMPTION,2,spiking,0,BUILD_BRIEF.md 3.2 refined visual-family rule
CB3764,spiking,ASSUMPTION,3,spiking,0,BUILD_BRIEF.md 3.2 refined visual-family rule
CB3765,spiking,ASSUMPTION,7,spiking,0,BUILD_BRIEF.md 3.2 refined visual-family rule
CB3766,spiking,ASSUMPTION,2,spiking,0,BUILD_BRIEF.md 3.2 refined visual-family rule
CB3767,spiking,ASSUMPTION,2,spiking,0,BUILD_BRIEF.md 3.2 refined visual-family rule
CB3768,spiking,ASSUMPTION,5,spiking,0,BUILD_BRIEF.md 3.2 refined visual-family rule
CB3770,spiking,ASSUMPTION,2,spiking,0,BUILD_BRIEF.md 3.2 refined visual-family rule
CB3771,spiking,ASSUMPTION,2,spiking,0,BUILD_BRIEF.md 3.2 refined visual-family rule
CB3772,spiking,ASSUMPTION,2,spiking,0,BUILD_BRIEF.md 3.2 refined visual-family rule
CB3773,spiking,ASSUMPTION,2,spiking,0,BUILD_BRIEF.md 3.2 refined visual-family rule
CB3774,spiking,ASSUMPTION,2,spiking,0,BUILD_BRIEF.md 3.2 refined visual-family rule
CB3775,spiking,ASSUMPTION,3,spiking,0,BUILD_BRIEF.md 3.2 refined visual-family rule
CB3776,spiking,ASSUMPTION,2,spiking,0,BUILD_BRIEF.md 3.2 refined visual-family rule
CB3777,spiking,ASSUMPTION,4,spiking,0,BUILD_BRIEF.md 3.2 refined visual-family rule
CB3778,spiking,ASSUMPTION,2,spiking,0,BUILD_BRIEF.md 3.2 refined visual-family rule
CB3779,spiking,ASSUMPTION,2,spiking,0,BUILD_BRIEF.md 3.2 refined visual-family rule
CB3780,spiking,ASSUMPTION,2,spiking,0,BUILD_BRIEF.md 3.2 refined visual-family rule
CB3781,spiking,ASSUMPTION,2,spiking,0,BUILD_BRIEF.md 3.2 refined visual-family rule
CB3782,spiking,ASSUMPTION,2,spiking,0,BUILD_BRIEF.md 3.2 refined visual-family rule
CB3784,spiking,ASSUMPTION,3,spiking,0,BUILD_BRIEF.md 3.2 refined visual-family rule
CB3787,spiking,ASSUMPTION,4,spiking,0,BUILD_BRIEF.md 3.2 refined visual-family rule
CB3788,spiking,ASSUMPTION,2,spiking,0,BUILD_BRIEF.md 3.2 refined visual-family rule
CB3789,spiking,ASSUMPTION,2,spiking,0,BUILD_BRIEF.md 3.2 refined visual-family rule
CB3790,spiking,ASSUMPTION,4,spiking,0,BUILD_BRIEF.md 3.2 refined visual-family rule
CB3791,spiking,ASSUMPTION,2,spiking,0,BUILD_BRIEF.md 3.2 refined visual-family rule
CB3792,spiking,ASSUMPTION,6,spiking,0,BUILD_BRIEF.md 3.2 refined visual-family rule
CB3793,spiking,ASSUMPTION,3,spiking,0,BUILD_BRIEF.md 3.2 refined visual-family rule
CB3794,spiking,ASSUMPTION,5,spiking,0,BUILD_BRIEF.md 3.2 refined visual-family rule
CB3796,spiking,ASSUMPTION,3,spiking,0,BUILD_BRIEF.md 3.2 refined visual-family rule
CB3797,spiking,ASSUMPTION,2,spiking,0,BUILD_BRIEF.md 3.2 refined visual-family rule
CB3798,spiking,ASSUMPTION,2,spiking,0,BUILD_BRIEF.md 3.2 refined visual-family rule
CB3799,spiking,ASSUMPTION,2,spiking,0,BUILD_BRIEF.md 3.2 refined visual-family rule
CB3800,spiking,ASSUMPTION,2,spiking,0,BUILD_BRIEF.md 3.2 refined visual-family rule
CB3801,spiking,ASSUMPTION,2,spiking,0,BUILD_BRIEF.md 3.2 refined visual-family rule
CB3802,spiking,ASSUMPTION,2,spiking,0,BUILD_BRIEF.md 3.2 refined visual-family rule
CB3803,spiking,ASSUMPTION,2,spiking,0,BUILD_BRIEF.md 3.2 refined visual-family rule
CB3804,spiking,ASSUMPTION,2,spiking,0,BUILD_BRIEF.md 3.2 refined visual-family rule
CB3805,spiking,ASSUMPTION,2,spiking,0,BUILD_BRIEF.md 3.2 refined visual-family rule
CB3808,spiking,ASSUMPTION,2,spiking,0,BUILD_BRIEF.md 3.2 refined visual-family rule
CB3809,spiking,ASSUMPTION,2,spiking,0,BUILD_BRIEF.md 3.2 refined visual-family rule
CB3811,spiking,ASSUMPTION,2,spiking,0,BUILD_BRIEF.md 3.2 refined visual-family rule
CB3812,spiking,ASSUMPTION,2,spiking,0,BUILD_BRIEF.md 3.2 refined visual-family rule
CB3813,spiking,ASSUMPTION,2,spiking,0,BUILD_BRIEF.md 3.2 refined visual-family rule
CB3814,spiking,ASSUMPTION,1,spiking,0,BUILD_BRIEF.md 3.2 refined visual-family rule
CB3858,spiking,ASSUMPTION,9,spiking,0,BUILD_BRIEF.md 3.2 refined visual-family rule
CB3859,spiking,ASSUMPTION,3,spiking,0,BUILD_BRIEF.md 3.2 refined visual-family rule
CB3860,spiking,ASSUMPTION,4,spiking,0,BUILD_BRIEF.md 3.2 refined visual-family rule
CB3861,spiking,ASSUMPTION,5,spiking,0,BUILD_BRIEF.md 3.2 refined visual-family rule
CB3862,spiking,ASSUMPTION,3,spiking,0,BUILD_BRIEF.md 3.2 refined visual-family rule
CB3863,spiking,ASSUMPTION,2,spiking,0,BUILD_BRIEF.md 3.2 refined visual-family rule
CB3865,spiking,ASSUMPTION,8,spiking,0,BUILD_BRIEF.md 3.2 refined visual-family rule
CB3866,spiking,ASSUMPTION,2,spiking,0,BUILD_BRIEF.md 3.2 refined visual-family rule
CB3867,spiking,ASSUMPTION,2,spiking,0,BUILD_BRIEF.md 3.2 refined visual-family rule
CB3868,spiking,ASSUMPTION,4,spiking,0,BUILD_BRIEF.md 3.2 refined visual-family rule
CB3869,spiking,ASSUMPTION,3,spiking,0,BUILD_BRIEF.md 3.2 refined visual-family rule
CB3870,spiking,ASSUMPTION,4,spiking,0,BUILD_BRIEF.md 3.2 refined visual-family rule
CB3871,spiking,ASSUMPTION,4,spiking,0,BUILD_BRIEF.md 3.2 refined visual-family rule
CB3872,spiking,ASSUMPTION,4,spiking,0,BUILD_BRIEF.md 3.2 refined visual-family rule
CB3873,spiking,ASSUMPTION,7,spiking,0,BUILD_BRIEF.md 3.2 refined visual-family rule
CB3874,spiking,ASSUMPTION,2,spiking,0,BUILD_BRIEF.md 3.2 refined visual-family rule
CB3875,spiking,ASSUMPTION,1,spiking,0,BUILD_BRIEF.md 3.2 refined visual-family rule
CB3876,spiking,ASSUMPTION,1,spiking,0,BUILD_BRIEF.md 3.2 refined visual-family rule
CB3877,spiking,ASSUMPTION,3,spiking,0,BUILD_BRIEF.md 3.2 refined visual-family rule
CB3878,spiking,ASSUMPTION,1,spiking,0,BUILD_BRIEF.md 3.2 refined visual-family rule
CB3879,spiking,ASSUMPTION,2,spiking,0,BUILD_BRIEF.md 3.2 refined visual-family rule
CB3880,spiking,ASSUMPTION,2,spiking,0,BUILD_BRIEF.md 3.2 refined visual-family rule
CB3881,spiking,ASSUMPTION,1,spiking,0,BUILD_BRIEF.md 3.2 refined visual-family rule
CB3882,spiking,ASSUMPTION,1,spiking,0,BUILD_BRIEF.md 3.2 refined visual-family rule
CB3883,spiking,ASSUMPTION,1,spiking,0,BUILD_BRIEF.md 3.2 refined visual-family rule
CB3884,spiking,ASSUMPTION,1,spiking,0,BUILD_BRIEF.md 3.2 refined visual-family rule
CB3885,spiking,ASSUMPTION,1,spiking,0,BUILD_BRIEF.md 3.2 refined visual-family rule
CB3886,spiking,ASSUMPTION,1,spiking,0,BUILD_BRIEF.md 3.2 refined visual-family rule
CB3887,spiking,ASSUMPTION,1,spiking,0,BUILD_BRIEF.md 3.2 refined visual-family rule
CB3888,spiking,ASSUMPTION,2,spiking,0,BUILD_BRIEF.md 3.2 refined visual-family rule
CB3889,spiking,ASSUMPTION,5,spiking,0,BUILD_BRIEF.md 3.2 refined visual-family rule
CB3890,spiking,ASSUMPTION,9,spiking,0,BUILD_BRIEF.md 3.2 refined visual-family rule
CB3892a,spiking,ASSUMPTION,1,spiking,0,BUILD_BRIEF.md 3.2 refined visual-family rule
CB3892b,spiking,ASSUMPTION,1,spiking,0,BUILD_BRIEF.md 3.2 refined visual-family rule
CB3895,spiking,ASSUMPTION,5,spiking,0,BUILD_BRIEF.md 3.2 refined visual-family rule
CB3896,spiking,ASSUMPTION,2,spiking,0,BUILD_BRIEF.md 3.2 refined visual-family rule
CB3897,spiking,ASSUMPTION,2,spiking,0,BUILD_BRIEF.md 3.2 refined visual-family rule
CB3898,spiking,ASSUMPTION,1,spiking,0,BUILD_BRIEF.md 3.2 refined visual-family rule
CB3899,spiking,ASSUMPTION,4,spiking,0,BUILD_BRIEF.md 3.2 refined visual-family rule
CB3900,spiking,ASSUMPTION,4,spiking,0,BUILD_BRIEF.md 3.2 refined visual-family rule
CB3901,spiking,ASSUMPTION,1,spiking,0,BUILD_BRIEF.md 3.2 refined visual-family rule
CB3902,spiking,ASSUMPTION,1,spiking,0,BUILD_BRIEF.md 3.2 refined visual-family rule
CB3903,spiking,ASSUMPTION,1,spiking,0,BUILD_BRIEF.md 3.2 refined visual-family rule
CB3904,spiking,ASSUMPTION,1,spiking,0,BUILD_BRIEF.md 3.2 refined visual-family rule
CB3905,spiking,ASSUMPTION,3,spiking,0,BUILD_BRIEF.md 3.2 refined visual-family rule
CB3906,spiking,ASSUMPTION,2,spiking,0,BUILD_BRIEF.md 3.2 refined visual-family rule
CB3907,spiking,ASSUMPTION,2,spiking,0,BUILD_BRIEF.md 3.2 refined visual-family rule
CB3908,spiking,ASSUMPTION,6,spiking,0,BUILD_BRIEF.md 3.2 refined visual-family rule
CB3909,spiking,ASSUMPTION,2,spiking,0,BUILD_BRIEF.md 3.2 refined visual-family rule
CB3910,spiking,ASSUMPTION,4,spiking,0,BUILD_BRIEF.md 3.2 refined visual-family rule
CB3911,spiking,ASSUMPTION,1,spiking,0,BUILD_BRIEF.md 3.2 refined visual-family rule
CB3912,spiking,ASSUMPTION,2,spiking,0,BUILD_BRIEF.md 3.2 refined visual-family rule
CB3913,spiking,ASSUMPTION,1,spiking,0,BUILD_BRIEF.md 3.2 refined visual-family rule
CB3914,spiking,ASSUMPTION,1,spiking,0,BUILD_BRIEF.md 3.2 refined visual-family rule
CB3915,spiking,ASSUMPTION,2,spiking,0,BUILD_BRIEF.md 3.2 refined visual-family rule
CB3916,spiking,ASSUMPTION,1,spiking,0,BUILD_BRIEF.md 3.2 refined visual-family rule
CB3917,spiking,ASSUMPTION,2,spiking,0,BUILD_BRIEF.md 3.2 refined visual-family rule
CB3918,spiking,ASSUMPTION,2,spiking,0,BUILD_BRIEF.md 3.2 refined visual-family rule
CB3919,spiking,ASSUMPTION,2,spiking,0,BUILD_BRIEF.md 3.2 refined visual-family rule
CB3920,spiking,ASSUMPTION,2,spiking,0,BUILD_BRIEF.md 3.2 refined visual-family rule
CB3921,spiking,ASSUMPTION,1,spiking,0,BUILD_BRIEF.md 3.2 refined visual-family rule
CB3922,spiking,ASSUMPTION,3,spiking,0,BUILD_BRIEF.md 3.2 refined visual-family rule
CB3923,spiking,ASSUMPTION,4,spiking,0,BUILD_BRIEF.md 3.2 refined visual-family rule
CB3924,spiking,ASSUMPTION,1,spiking,0,BUILD_BRIEF.md 3.2 refined visual-family rule
CB3925,spiking,ASSUMPTION,2,spiking,0,BUILD_BRIEF.md 3.2 refined visual-family rule
CB3930,spiking,ASSUMPTION,2,spiking,0,BUILD_BRIEF.md 3.2 refined visual-family rule
CB3931,spiking,ASSUMPTION,2,spiking,0,BUILD_BRIEF.md 3.2 refined visual-family rule
CB3932,spiking,ASSUMPTION,4,spiking,0,BUILD_BRIEF.md 3.2 refined visual-family rule
CB3936,spiking,ASSUMPTION,2,spiking,0,BUILD_BRIEF.md 3.2 refined visual-family rule
CB3937,spiking,ASSUMPTION,4,spiking,0,BUILD_BRIEF.md 3.2 refined visual-family rule
CB3941,spiking,ASSUMPTION,2,spiking,0,BUILD_BRIEF.md 3.2 refined visual-family rule
CB3951,spiking,ASSUMPTION,4,spiking,0,BUILD_BRIEF.md 3.2 refined visual-family rule
CB3952,spiking,ASSUMPTION,2,spiking,0,BUILD_BRIEF.md 3.2 refined visual-family rule
CB3953,spiking,ASSUMPTION,6,spiking,0,BUILD_BRIEF.md 3.2 refined visual-family rule
CB3954,spiking,ASSUMPTION,2,spiking,0,BUILD_BRIEF.md 3.2 refined visual-family rule
CB3955,spiking,ASSUMPTION,2,spiking,0,BUILD_BRIEF.md 3.2 refined visual-family rule
CB3956,spiking,ASSUMPTION,5,spiking,0,BUILD_BRIEF.md 3.2 refined visual-family rule
CB3958,spiking,ASSUMPTION,1,spiking,0,BUILD_BRIEF.md 3.2 refined visual-family rule
CB3959,spiking,ASSUMPTION,3,spiking,0,BUILD_BRIEF.md 3.2 refined visual-family rule
CB3966,spiking,ASSUMPTION,2,spiking,0,BUILD_BRIEF.md 3.2 refined visual-family rule
CB3968,spiking,ASSUMPTION,1,spiking,0,BUILD_BRIEF.md 3.2 refined visual-family rule
CB3977,spiking,ASSUMPTION,3,spiking,0,BUILD_BRIEF.md 3.2 refined visual-family rule
CB3978,spiking,ASSUMPTION,10,spiking,0,BUILD_BRIEF.md 3.2 refined visual-family rule
CB3983,spiking,ASSUMPTION,6,spiking,0,BUILD_BRIEF.md 3.2 refined visual-family rule
CB3992,spiking,ASSUMPTION,5,spiking,0,BUILD_BRIEF.md 3.2 refined visual-family rule
CB4014,spiking,ASSUMPTION,1,spiking,0,BUILD_BRIEF.md 3.2 refined visual-family rule
CB4045,spiking,ASSUMPTION,2,spiking,0,BUILD_BRIEF.md 3.2 refined visual-family rule
CB4053,spiking,ASSUMPTION,1,spiking,0,BUILD_BRIEF.md 3.2 refined visual-family rule
CB4055,spiking,ASSUMPTION,3,spiking,0,BUILD_BRIEF.md 3.2 refined visual-family rule
CB4058,spiking,ASSUMPTION,1,spiking,0,BUILD_BRIEF.md 3.2 refined visual-family rule
CB4068,spiking,ASSUMPTION,7,spiking,0,BUILD_BRIEF.md 3.2 refined visual-family rule
CB4073,spiking,ASSUMPTION,1,spiking,0,BUILD_BRIEF.md 3.2 refined visual-family rule
CB4075,spiking,ASSUMPTION,1,spiking,0,BUILD_BRIEF.md 3.2 refined visual-family rule
CB4094,spiking,ASSUMPTION,1,spiking,0,BUILD_BRIEF.md 3.2 refined visual-family rule
CB4103,spiking,ASSUMPTION,1,spiking,0,BUILD_BRIEF.md 3.2 refined visual-family rule
CB4105,spiking,ASSUMPTION,1,spiking,0,BUILD_BRIEF.md 3.2 refined visual-family rule
CB4113,spiking,ASSUMPTION,2,spiking,0,BUILD_BRIEF.md 3.2 refined visual-family rule
CB4130,spiking,ASSUMPTION,12,spiking,0,BUILD_BRIEF.md 3.2 refined visual-family rule
CB4141,spiking,ASSUMPTION,8,spiking,0,BUILD_BRIEF.md 3.2 refined visual-family rule
CB4146,spiking,ASSUMPTION,2,spiking,0,BUILD_BRIEF.md 3.2 refined visual-family rule
CB4147,spiking,ASSUMPTION,2,spiking,0,BUILD_BRIEF.md 3.2 refined visual-family rule
CB4148,spiking,ASSUMPTION,15,spiking,0,BUILD_BRIEF.md 3.2 refined visual-family rule
CB4149,spiking,ASSUMPTION,1,spiking,0,BUILD_BRIEF.md 3.2 refined visual-family rule
CB4159,spiking,ASSUMPTION,2,spiking,0,BUILD_BRIEF.md 3.2 refined visual-family rule
CB4161,spiking,ASSUMPTION,1,spiking,0,BUILD_BRIEF.md 3.2 refined visual-family rule
CB4171,spiking,ASSUMPTION,7,spiking,0,BUILD_BRIEF.md 3.2 refined visual-family rule
CB4176,spiking,ASSUMPTION,5,spiking,0,BUILD_BRIEF.md 3.2 refined visual-family rule
CB4186,spiking,ASSUMPTION,1,spiking,0,BUILD_BRIEF.md 3.2 refined visual-family rule
CB4187,spiking,ASSUMPTION,6,spiking,0,BUILD_BRIEF.md 3.2 refined visual-family rule
CB4188,spiking,ASSUMPTION,1,spiking,0,BUILD_BRIEF.md 3.2 refined visual-family rule
CB4191,spiking,ASSUMPTION,1,spiking,0,BUILD_BRIEF.md 3.2 refined visual-family rule
CB4192,spiking,ASSUMPTION,1,spiking,0,BUILD_BRIEF.md 3.2 refined visual-family rule
CB4193,spiking,ASSUMPTION,2,spiking,0,BUILD_BRIEF.md 3.2 refined visual-family rule
CB4198,spiking,ASSUMPTION,2,spiking,0,BUILD_BRIEF.md 3.2 refined visual-family rule
CB4202,spiking,ASSUMPTION,1,spiking,0,BUILD_BRIEF.md 3.2 refined visual-family rule
CB4203,spiking,ASSUMPTION,1,spiking,0,BUILD_BRIEF.md 3.2 refined visual-family rule
CB4204,spiking,ASSUMPTION,1,spiking,0,BUILD_BRIEF.md 3.2 refined visual-family rule
CB4210,spiking,ASSUMPTION,2,spiking,0,BUILD_BRIEF.md 3.2 refined visual-family rule
CB4211,spiking,ASSUMPTION,2,spiking,0,BUILD_BRIEF.md 3.2 refined visual-family rule
CB4212,spiking,ASSUMPTION,2,spiking,0,BUILD_BRIEF.md 3.2 refined visual-family rule
CB4213,spiking,ASSUMPTION,1,spiking,0,BUILD_BRIEF.md 3.2 refined visual-family rule
CB4218,spiking,ASSUMPTION,2,spiking,0,BUILD_BRIEF.md 3.2 refined visual-family rule
CB4219,spiking,ASSUMPTION,8,spiking,0,BUILD_BRIEF.md 3.2 refined visual-family rule
CB4220,spiking,ASSUMPTION,6,spiking,0,BUILD_BRIEF.md 3.2 refined visual-family rule
CB4229,spiking,ASSUMPTION,4,spiking,0,BUILD_BRIEF.md 3.2 refined visual-family rule
CB4230,spiking,ASSUMPTION,8,spiking,0,BUILD_BRIEF.md 3.2 refined visual-family rule
CB4233,spiking,ASSUMPTION,15,spiking,0,BUILD_BRIEF.md 3.2 refined visual-family rule
CB4235,spiking,ASSUMPTION,2,spiking,0,BUILD_BRIEF.md 3.2 refined visual-family rule
CB4236,spiking,ASSUMPTION,3,spiking,0,BUILD_BRIEF.md 3.2 refined visual-family rule
CB4237,spiking,ASSUMPTION,2,spiking,0,BUILD_BRIEF.md 3.2 refined visual-family rule
CB4238,spiking,ASSUMPTION,2,spiking,0,BUILD_BRIEF.md 3.2 refined visual-family rule
CB4240,spiking,ASSUMPTION,4,spiking,0,BUILD_BRIEF.md 3.2 refined visual-family rule
CB4241,spiking,ASSUMPTION,2,spiking,0,BUILD_BRIEF.md 3.2 refined visual-family rule
CB4242,spiking,ASSUMPTION,12,spiking,0,BUILD_BRIEF.md 3.2 refined visual-family rule
CB4243,spiking,ASSUMPTION,10,spiking,0,BUILD_BRIEF.md 3.2 refined visual-family rule
CB4244,spiking,ASSUMPTION,20,spiking,0,BUILD_BRIEF.md 3.2 refined visual-family rule
CB4245,spiking,ASSUMPTION,3,spiking,0,BUILD_BRIEF.md 3.2 refined visual-family rule
CB4246,spiking,ASSUMPTION,2,spiking,0,BUILD_BRIEF.md 3.2 refined visual-family rule
CB4247,spiking,ASSUMPTION,1,spiking,0,BUILD_BRIEF.md 3.2 refined visual-family rule
CB4248,spiking,ASSUMPTION,6,spiking,0,BUILD_BRIEF.md 3.2 refined visual-family rule
CEM,spiking,ASSUMPTION,6,spiking,0,BUILD_BRIEF.md 3.2 refined visual-family rule
CL001,spiking,ASSUMPTION,2,spiking,0,BUILD_BRIEF.md 3.2 refined visual-family rule
CL002,spiking,ASSUMPTION,2,spiking,0,BUILD_BRIEF.md 3.2 refined visual-family rule
CL003,spiking,ASSUMPTION,2,spiking,0,BUILD_BRIEF.md 3.2 refined visual-family rule
CL004,spiking,ASSUMPTION,4,spiking,0,BUILD_BRIEF.md 3.2 refined visual-family rule
CL005,spiking,ASSUMPTION,8,spiking,0,BUILD_BRIEF.md 3.2 refined visual-family rule
CL006,spiking,ASSUMPTION,5,spiking,0,BUILD_BRIEF.md 3.2 refined visual-family rule
CL007,spiking,ASSUMPTION,2,spiking,0,BUILD_BRIEF.md 3.2 refined visual-family rule
CL008,spiking,ASSUMPTION,2,spiking,0,BUILD_BRIEF.md 3.2 refined visual-family rule
CL009,spiking,ASSUMPTION,2,spiking,0,BUILD_BRIEF.md 3.2 refined visual-family rule
CL010,spiking,ASSUMPTION,2,spiking,0,BUILD_BRIEF.md 3.2 refined visual-family rule
CL011,spiking,ASSUMPTION,2,spiking,0,BUILD_BRIEF.md 3.2 refined visual-family rule
CL012,spiking,ASSUMPTION,2,spiking,0,BUILD_BRIEF.md 3.2 refined visual-family rule
CL013,spiking,ASSUMPTION,5,spiking,0,BUILD_BRIEF.md 3.2 refined visual-family rule
CL014,spiking,ASSUMPTION,8,spiking,0,BUILD_BRIEF.md 3.2 refined visual-family rule
CL015,spiking,ASSUMPTION,2,spiking,0,BUILD_BRIEF.md 3.2 refined visual-family rule
CL016,spiking,ASSUMPTION,9,spiking,0,BUILD_BRIEF.md 3.2 refined visual-family rule
CL018a,spiking,ASSUMPTION,4,spiking,0,BUILD_BRIEF.md 3.2 refined visual-family rule
CL018b,spiking,ASSUMPTION,4,spiking,0,BUILD_BRIEF.md 3.2 refined visual-family rule
CL021,spiking,ASSUMPTION,2,spiking,0,BUILD_BRIEF.md 3.2 refined visual-family rule
CL022,spiking,ASSUMPTION,6,spiking,0,BUILD_BRIEF.md 3.2 refined visual-family rule
CL023,spiking,ASSUMPTION,6,spiking,0,BUILD_BRIEF.md 3.2 refined visual-family rule
CL024a,spiking,ASSUMPTION,4,spiking,0,BUILD_BRIEF.md 3.2 refined visual-family rule
CL024b,spiking,ASSUMPTION,6,spiking,0,BUILD_BRIEF.md 3.2 refined visual-family rule
CL025,spiking,ASSUMPTION,2,spiking,0,BUILD_BRIEF.md 3.2 refined visual-family rule
CL026,spiking,ASSUMPTION,2,spiking,0,BUILD_BRIEF.md 3.2 refined visual-family rule
CL027,spiking,ASSUMPTION,2,spiking,0,BUILD_BRIEF.md 3.2 refined visual-family rule
CL028,spiking,ASSUMPTION,2,spiking,0,BUILD_BRIEF.md 3.2 refined visual-family rule
CL029a,spiking,ASSUMPTION,2,spiking,0,BUILD_BRIEF.md 3.2 refined visual-family rule
CL029b,spiking,ASSUMPTION,2,spiking,0,BUILD_BRIEF.md 3.2 refined visual-family rule
CL030,spiking,ASSUMPTION,4,spiking,0,BUILD_BRIEF.md 3.2 refined visual-family rule
CL031,spiking,ASSUMPTION,2,spiking,0,BUILD_BRIEF.md 3.2 refined visual-family rule
CL032,spiking,ASSUMPTION,2,spiking,0,BUILD_BRIEF.md 3.2 refined visual-family rule
CL036,spiking,ASSUMPTION,2,spiking,0,BUILD_BRIEF.md 3.2 refined visual-family rule
CL037,spiking,ASSUMPTION,2,spiking,0,BUILD_BRIEF.md 3.2 refined visual-family rule
CL038,spiking,ASSUMPTION,4,spiking,0,BUILD_BRIEF.md 3.2 refined visual-family rule
CL042,spiking,ASSUMPTION,4,spiking,0,BUILD_BRIEF.md 3.2 refined visual-family rule
CL048,spiking,ASSUMPTION,7,spiking,0,BUILD_BRIEF.md 3.2 refined visual-family rule
CL053,spiking,ASSUMPTION,2,spiking,0,BUILD_BRIEF.md 3.2 refined visual-family rule
CL055,spiking,ASSUMPTION,2,spiking,0,BUILD_BRIEF.md 3.2 refined visual-family rule
"CL057,CL106",spiking,ASSUMPTION,4,spiking,0,BUILD_BRIEF.md 3.2 refined visual-family rule
CL058,spiking,ASSUMPTION,2,spiking,0,BUILD_BRIEF.md 3.2 refined visual-family rule
CL059,spiking,ASSUMPTION,2,spiking,0,BUILD_BRIEF.md 3.2 refined visual-family rule
CL060,spiking,ASSUMPTION,2,spiking,0,BUILD_BRIEF.md 3.2 refined visual-family rule
CL062_a,spiking,ASSUMPTION,9,spiking,0,BUILD_BRIEF.md 3.2 refined visual-family rule
CL062_b,spiking,ASSUMPTION,8,spiking,0,BUILD_BRIEF.md 3.2 refined visual-family rule
CL063,spiking,ASSUMPTION,2,spiking,0,BUILD_BRIEF.md 3.2 refined visual-family rule
CL064,spiking,ASSUMPTION,2,spiking,0,BUILD_BRIEF.md 3.2 refined visual-family rule
CL065,spiking,ASSUMPTION,2,spiking,0,BUILD_BRIEF.md 3.2 refined visual-family rule
CL066,spiking,ASSUMPTION,2,spiking,0,BUILD_BRIEF.md 3.2 refined visual-family rule
CL067,spiking,ASSUMPTION,2,spiking,0,BUILD_BRIEF.md 3.2 refined visual-family rule
CL068,spiking,ASSUMPTION,2,spiking,0,BUILD_BRIEF.md 3.2 refined visual-family rule
CL069,spiking,ASSUMPTION,2,spiking,0,BUILD_BRIEF.md 3.2 refined visual-family rule
CL070a,spiking,ASSUMPTION,2,spiking,0,BUILD_BRIEF.md 3.2 refined visual-family rule
CL070b,spiking,ASSUMPTION,2,spiking,0,BUILD_BRIEF.md 3.2 refined visual-family rule
CL071a,spiking,ASSUMPTION,2,spiking,0,BUILD_BRIEF.md 3.2 refined visual-family rule
CL071b,spiking,ASSUMPTION,6,spiking,0,BUILD_BRIEF.md 3.2 refined visual-family rule
CL072,spiking,ASSUMPTION,2,spiking,0,BUILD_BRIEF.md 3.2 refined visual-family rule
CL073,spiking,ASSUMPTION,2,spiking,0,BUILD_BRIEF.md 3.2 refined visual-family rule
CL074,spiking,ASSUMPTION,4,spiking,0,BUILD_BRIEF.md 3.2 refined visual-family rule
CL075a,spiking,ASSUMPTION,2,spiking,0,BUILD_BRIEF.md 3.2 refined visual-family rule
CL075b,spiking,ASSUMPTION,2,spiking,0,BUILD_BRIEF.md 3.2 refined visual-family rule
CL077,spiking,ASSUMPTION,3,spiking,0,BUILD_BRIEF.md 3.2 refined visual-family rule
CL078a,spiking,ASSUMPTION,2,spiking,0,BUILD_BRIEF.md 3.2 refined visual-family rule
CL078b,spiking,ASSUMPTION,2,spiking,0,BUILD_BRIEF.md 3.2 refined visual-family rule
CL080,spiking,ASSUMPTION,5,spiking,0,BUILD_BRIEF.md 3.2 refined visual-family rule
CL081,spiking,ASSUMPTION,2,spiking,0,BUILD_BRIEF.md 3.2 refined visual-family rule
CL083,spiking,ASSUMPTION,4,spiking,0,BUILD_BRIEF.md 3.2 refined visual-family rule
CL085_a,spiking,ASSUMPTION,4,spiking,0,BUILD_BRIEF.md 3.2 refined visual-family rule
CL085_b,spiking,ASSUMPTION,4,spiking,0,BUILD_BRIEF.md 3.2 refined visual-family rule
"CL086_a,CL086_d",spiking,ASSUMPTION,10,spiking,0,BUILD_BRIEF.md 3.2 refined visual-family rule
CL086_b,spiking,ASSUMPTION,6,spiking,0,BUILD_BRIEF.md 3.2 refined visual-family rule
CL086_c,spiking,ASSUMPTION,8,spiking,0,BUILD_BRIEF.md 3.2 refined visual-family rule
CL086_e,spiking,ASSUMPTION,8,spiking,0,BUILD_BRIEF.md 3.2 refined visual-family rule
CL087,spiking,ASSUMPTION,6,spiking,0,BUILD_BRIEF.md 3.2 refined visual-family rule
CL089_a,spiking,ASSUMPTION,5,spiking,0,BUILD_BRIEF.md 3.2 refined visual-family rule
CL089_b,spiking,ASSUMPTION,8,spiking,0,BUILD_BRIEF.md 3.2 refined visual-family rule
CL089_c,spiking,ASSUMPTION,5,spiking,0,BUILD_BRIEF.md 3.2 refined visual-family rule
CL090_a,spiking,ASSUMPTION,5,spiking,0,BUILD_BRIEF.md 3.2 refined visual-family rule
CL090_b,spiking,ASSUMPTION,4,spiking,0,BUILD_BRIEF.md 3.2 refined visual-family rule
CL090_c,spiking,ASSUMPTION,14,spiking,0,BUILD_BRIEF.md 3.2 refined visual-family rule
CL090_e,spiking,ASSUMPTION,6,spiking,0,BUILD_BRIEF.md 3.2 refined visual-family rule
CL091,spiking,ASSUMPTION,7,spiking,0,BUILD_BRIEF.md 3.2 refined visual-family rule
CL092,spiking,ASSUMPTION,2,spiking,0,BUILD_BRIEF.md 3.2 refined visual-family rule
CL093,spiking,ASSUMPTION,2,spiking,0,BUILD_BRIEF.md 3.2 refined visual-family rule
CL094,spiking,ASSUMPTION,2,spiking,0,BUILD_BRIEF.md 3.2 refined visual-family rule
CL095,spiking,ASSUMPTION,2,spiking,0,BUILD_BRIEF.md 3.2 refined visual-family rule
CL096,spiking,ASSUMPTION,2,spiking,0,BUILD_BRIEF.md 3.2 refined visual-family rule
CL097,spiking,ASSUMPTION,2,spiking,0,BUILD_BRIEF.md 3.2 refined visual-family rule
CL098,spiking,ASSUMPTION,2,spiking,0,BUILD_BRIEF.md 3.2 refined visual-family rule
CL099a,spiking,ASSUMPTION,4,spiking,0,BUILD_BRIEF.md 3.2 refined visual-family rule
CL099b,spiking,ASSUMPTION,3,spiking,0,BUILD_BRIEF.md 3.2 refined visual-family rule
CL099c,spiking,ASSUMPTION,3,spiking,0,BUILD_BRIEF.md 3.2 refined visual-family rule
CL100,spiking,ASSUMPTION,3,spiking,0,BUILD_BRIEF.md 3.2 refined visual-family rule
CL101,spiking,ASSUMPTION,4,spiking,0,BUILD_BRIEF.md 3.2 refined visual-family rule
CL102,spiking,ASSUMPTION,2,spiking,0,BUILD_BRIEF.md 3.2 refined visual-family rule
CL104,spiking,ASSUMPTION,4,spiking,0,BUILD_BRIEF.md 3.2 refined visual-family rule
CL107,spiking,ASSUMPTION,2,spiking,0,BUILD_BRIEF.md 3.2 refined visual-family rule
CL108,spiking,ASSUMPTION,2,spiking,0,BUILD_BRIEF.md 3.2 refined visual-family rule
CL109,spiking,ASSUMPTION,2,spiking,0,BUILD_BRIEF.md 3.2 refined visual-family rule
CL110,spiking,ASSUMPTION,2,spiking,0,BUILD_BRIEF.md 3.2 refined visual-family rule
CL111,spiking,ASSUMPTION,2,spiking,0,BUILD_BRIEF.md 3.2 refined visual-family rule
CL112,spiking,ASSUMPTION,2,spiking,0,BUILD_BRIEF.md 3.2 refined visual-family rule
CL113,spiking,ASSUMPTION,4,spiking,0,BUILD_BRIEF.md 3.2 refined visual-family rule
CL114,spiking,ASSUMPTION,2,spiking,0,BUILD_BRIEF.md 3.2 refined visual-family rule
CL115,spiking,ASSUMPTION,2,spiking,0,BUILD_BRIEF.md 3.2 refined visual-family rule
CL116,spiking,ASSUMPTION,2,spiking,0,BUILD_BRIEF.md 3.2 refined visual-family rule
CL118,spiking,ASSUMPTION,6,spiking,0,BUILD_BRIEF.md 3.2 refined visual-family rule
CL120a,spiking,ASSUMPTION,2,spiking,0,BUILD_BRIEF.md 3.2 refined visual-family rule
CL120b,spiking,ASSUMPTION,4,spiking,0,BUILD_BRIEF.md 3.2 refined visual-family rule
CL121_a,spiking,ASSUMPTION,9,spiking,0,BUILD_BRIEF.md 3.2 refined visual-family rule
CL122_a,spiking,ASSUMPTION,12,spiking,0,BUILD_BRIEF.md 3.2 refined visual-family rule
"CL123,CRE061",spiking,ASSUMPTION,12,spiking,0,BUILD_BRIEF.md 3.2 refined visual-family rule
CL126,spiking,ASSUMPTION,2,spiking,0,BUILD_BRIEF.md 3.2 refined visual-family rule
CL127,spiking,ASSUMPTION,4,spiking,0,BUILD_BRIEF.md 3.2 refined visual-family rule
CL128a,spiking,ASSUMPTION,5,spiking,0,BUILD_BRIEF.md 3.2 refined visual-family rule
CL128b,spiking,ASSUMPTION,5,spiking,0,BUILD_BRIEF.md 3.2 refined visual-family rule
CL128c,spiking,ASSUMPTION,5,spiking,0,BUILD_BRIEF.md 3.2 refined visual-family rule
CL129,spiking,ASSUMPTION,2,spiking,0,BUILD_BRIEF.md 3.2 refined visual-family rule
CL130,spiking,ASSUMPTION,2,spiking,0,BUILD_BRIEF.md 3.2 refined visual-family rule
CL131,spiking,ASSUMPTION,4,spiking,0,BUILD_BRIEF.md 3.2 refined visual-family rule
CL132,spiking,ASSUMPTION,4,spiking,0,BUILD_BRIEF.md 3.2 refined visual-family rule
CL133,spiking,ASSUMPTION,2,spiking,0,BUILD_BRIEF.md 3.2 refined visual-family rule
CL135,spiking,ASSUMPTION,2,spiking,0,BUILD_BRIEF.md 3.2 refined visual-family rule
CL136,spiking,ASSUMPTION,2,spiking,0,BUILD_BRIEF.md 3.2 refined visual-family rule
CL140,spiking,ASSUMPTION,2,spiking,0,BUILD_BRIEF.md 3.2 refined visual-family rule
CL141,spiking,ASSUMPTION,1,spiking,0,BUILD_BRIEF.md 3.2 refined visual-family rule
CL142,spiking,ASSUMPTION,2,spiking,0,BUILD_BRIEF.md 3.2 refined visual-family rule
CL143,spiking,ASSUMPTION,2,spiking,0,BUILD_BRIEF.md 3.2 refined visual-family rule
CL144,spiking,ASSUMPTION,2,spiking,0,BUILD_BRIEF.md 3.2 refined visual-family rule
CL146,spiking,ASSUMPTION,3,spiking,0,BUILD_BRIEF.md 3.2 refined visual-family rule
CL149,spiking,ASSUMPTION,2,spiking,0,BUILD_BRIEF.md 3.2 refined visual-family rule
CL150,spiking,ASSUMPTION,2,spiking,0,BUILD_BRIEF.md 3.2 refined visual-family rule
CL151,spiking,ASSUMPTION,2,spiking,0,BUILD_BRIEF.md 3.2 refined visual-family rule
CL152,spiking,ASSUMPTION,4,spiking,0,BUILD_BRIEF.md 3.2 refined visual-family rule
CL153,spiking,ASSUMPTION,2,spiking,0,BUILD_BRIEF.md 3.2 refined visual-family rule
CL154,spiking,ASSUMPTION,2,spiking,0,BUILD_BRIEF.md 3.2 refined visual-family rule
CL155,spiking,ASSUMPTION,2,spiking,0,BUILD_BRIEF.md 3.2 refined visual-family rule
CL156,spiking,ASSUMPTION,2,spiking,0,BUILD_BRIEF.md 3.2 refined visual-family rule
CL157,spiking,ASSUMPTION,2,spiking,0,BUILD_BRIEF.md 3.2 refined visual-family rule
CL158,spiking,ASSUMPTION,2,spiking,0,BUILD_BRIEF.md 3.2 refined visual-family rule
CL159,spiking,ASSUMPTION,2,spiking,0,BUILD_BRIEF.md 3.2 refined visual-family rule
CL160,spiking,ASSUMPTION,1,spiking,0,BUILD_BRIEF.md 3.2 refined visual-family rule
CL160a,spiking,ASSUMPTION,2,spiking,0,BUILD_BRIEF.md 3.2 refined visual-family rule
CL160b,spiking,ASSUMPTION,2,spiking,0,BUILD_BRIEF.md 3.2 refined visual-family rule
CL161a,spiking,ASSUMPTION,2,spiking,0,BUILD_BRIEF.md 3.2 refined visual-family rule
CL161b,spiking,ASSUMPTION,4,spiking,0,BUILD_BRIEF.md 3.2 refined visual-family rule
CL162,spiking,ASSUMPTION,2,spiking,0,BUILD_BRIEF.md 3.2 refined visual-family rule
CL165,spiking,ASSUMPTION,5,spiking,0,BUILD_BRIEF.md 3.2 refined visual-family rule
"CL166,CL168",spiking,ASSUMPTION,7,spiking,0,BUILD_BRIEF.md 3.2 refined visual-family rule
CL169,spiking,ASSUMPTION,6,spiking,0,BUILD_BRIEF.md 3.2 refined visual-family rule
CL170,spiking,ASSUMPTION,5,spiking,0,BUILD_BRIEF.md 3.2 refined visual-family rule
CL171,spiking,ASSUMPTION,7,spiking,0,BUILD_BRIEF.md 3.2 refined visual-family rule
CL172,spiking,ASSUMPTION,6,spiking,0,BUILD_BRIEF.md 3.2 refined visual-family rule
CL173,spiking,ASSUMPTION,2,spiking,0,BUILD_BRIEF.md 3.2 refined visual-family rule
CL175,spiking,ASSUMPTION,2,spiking,0,BUILD_BRIEF.md 3.2 refined visual-family rule
CL176,spiking,ASSUMPTION,2,spiking,0,BUILD_BRIEF.md 3.2 refined visual-family rule
CL177,spiking,ASSUMPTION,2,spiking,0,BUILD_BRIEF.md 3.2 refined visual-family rule
CL178,spiking,ASSUMPTION,2,spiking,0,BUILD_BRIEF.md 3.2 refined visual-family rule
CL179,spiking,ASSUMPTION,2,spiking,0,BUILD_BRIEF.md 3.2 refined visual-family rule
CL180,spiking,ASSUMPTION,2,spiking,0,BUILD_BRIEF.md 3.2 refined visual-family rule
CL182,spiking,ASSUMPTION,9,spiking,0,BUILD_BRIEF.md 3.2 refined visual-family rule
CL183,spiking,ASSUMPTION,2,spiking,0,BUILD_BRIEF.md 3.2 refined visual-family rule
CL186,spiking,ASSUMPTION,2,spiking,0,BUILD_BRIEF.md 3.2 refined visual-family rule
CL187,spiking,ASSUMPTION,2,spiking,0,BUILD_BRIEF.md 3.2 refined visual-family rule
CL195,spiking,ASSUMPTION,3,spiking,0,BUILD_BRIEF.md 3.2 refined visual-family rule
CL196a,spiking,ASSUMPTION,2,spiking,0,BUILD_BRIEF.md 3.2 refined visual-family rule
CL196b,spiking,ASSUMPTION,5,spiking,0,BUILD_BRIEF.md 3.2 refined visual-family rule
CL199,spiking,ASSUMPTION,2,spiking,0,BUILD_BRIEF.md 3.2 refined visual-family rule
CL200,spiking,ASSUMPTION,2,spiking,0,BUILD_BRIEF.md 3.2 refined visual-family rule
CL201,spiking,ASSUMPTION,2,spiking,0,BUILD_BRIEF.md 3.2 refined visual-family rule
CL203,spiking,ASSUMPTION,2,spiking,0,BUILD_BRIEF.md 3.2 refined visual-family rule
CL204,spiking,ASSUMPTION,2,spiking,0,BUILD_BRIEF.md 3.2 refined visual-family rule
CL205,spiking,ASSUMPTION,2,spiking,0,BUILD_BRIEF.md 3.2 refined visual-family rule
CL208,spiking,ASSUMPTION,4,spiking,0,BUILD_BRIEF.md 3.2 refined visual-family rule
CL209,spiking,ASSUMPTION,2,spiking,0,BUILD_BRIEF.md 3.2 refined visual-family rule
CL210,spiking,ASSUMPTION,7,spiking,0,BUILD_BRIEF.md 3.2 refined visual-family rule
CL210_a,spiking,ASSUMPTION,8,spiking,0,BUILD_BRIEF.md 3.2 refined visual-family rule
CL211,spiking,ASSUMPTION,2,spiking,0,BUILD_BRIEF.md 3.2 refined visual-family rule
CL212,spiking,ASSUMPTION,2,spiking,0,BUILD_BRIEF.md 3.2 refined visual-family rule
CL213,spiking,ASSUMPTION,2,spiking,0,BUILD_BRIEF.md 3.2 refined visual-family rule
CL214,spiking,ASSUMPTION,2,spiking,0,BUILD_BRIEF.md 3.2 refined visual-family rule
CL215,spiking,ASSUMPTION,4,spiking,0,BUILD_BRIEF.md 3.2 refined visual-family rule
CL216,spiking,ASSUMPTION,2,spiking,0,BUILD_BRIEF.md 3.2 refined visual-family rule
"CL228,SMP491",spiking,ASSUMPTION,6,spiking,0,BUILD_BRIEF.md 3.2 refined visual-family rule
"CL231,CL238",spiking,ASSUMPTION,4,spiking,0,BUILD_BRIEF.md 3.2 refined visual-family rule
CL234,spiking,ASSUMPTION,4,spiking,0,BUILD_BRIEF.md 3.2 refined visual-family rule
CL235,spiking,ASSUMPTION,6,spiking,0,BUILD_BRIEF.md 3.2 refined visual-family rule
CL236,spiking,ASSUMPTION,2,spiking,0,BUILD_BRIEF.md 3.2 refined visual-family rule
CL237,spiking,ASSUMPTION,2,spiking,0,BUILD_BRIEF.md 3.2 refined visual-family rule
CL239,spiking,ASSUMPTION,4,spiking,0,BUILD_BRIEF.md 3.2 refined visual-family rule
CL244,spiking,ASSUMPTION,2,spiking,0,BUILD_BRIEF.md 3.2 refined visual-family rule
CL245,spiking,ASSUMPTION,2,spiking,0,BUILD_BRIEF.md 3.2 refined visual-family rule
CL246,spiking,ASSUMPTION,2,spiking,0,BUILD_BRIEF.md 3.2 refined visual-family rule
CL248,spiking,ASSUMPTION,2,spiking,0,BUILD_BRIEF.md 3.2 refined visual-family rule
CL250,spiking,ASSUMPTION,2,spiking,0,BUILD_BRIEF.md 3.2 refined visual-family rule
CL251,spiking,ASSUMPTION,2,spiking,0,BUILD_BRIEF.md 3.2 refined visual-family rule
CL252,spiking,ASSUMPTION,7,spiking,0,BUILD_BRIEF.md 3.2 refined visual-family rule
CL253,spiking,ASSUMPTION,4,spiking,0,BUILD_BRIEF.md 3.2 refined visual-family rule
CL254,spiking,ASSUMPTION,6,spiking,0,BUILD_BRIEF.md 3.2 refined visual-family rule
CL255,spiking,ASSUMPTION,6,spiking,0,BUILD_BRIEF.md 3.2 refined visual-family rule
CL256,spiking,ASSUMPTION,2,spiking,0,BUILD_BRIEF.md 3.2 refined visual-family rule
CL257,spiking,ASSUMPTION,2,spiking,0,BUILD_BRIEF.md 3.2 refined visual-family rule
CL258,spiking,ASSUMPTION,4,spiking,0,BUILD_BRIEF.md 3.2 refined visual-family rule
"CL259, CL260",spiking,ASSUMPTION,4,spiking,0,BUILD_BRIEF.md 3.2 refined visual-family rule
CL261a,spiking,ASSUMPTION,2,spiking,0,BUILD_BRIEF.md 3.2 refined visual-family rule
CL261b,spiking,ASSUMPTION,2,spiking,0,BUILD_BRIEF.md 3.2 refined visual-family rule
CL263,spiking,ASSUMPTION,2,spiking,0,BUILD_BRIEF.md 3.2 refined visual-family rule
CL264,spiking,ASSUMPTION,2,spiking,0,BUILD_BRIEF.md 3.2 refined visual-family rule
CL265,spiking,ASSUMPTION,2,spiking,0,BUILD_BRIEF.md 3.2 refined visual-family rule
CL266_a,spiking,ASSUMPTION,6,spiking,0,BUILD_BRIEF.md 3.2 refined visual-family rule
CL266_b,spiking,ASSUMPTION,4,spiking,0,BUILD_BRIEF.md 3.2 refined visual-family rule
CL267,spiking,ASSUMPTION,5,spiking,0,BUILD_BRIEF.md 3.2 refined visual-family rule
CL268,spiking,ASSUMPTION,5,spiking,0,BUILD_BRIEF.md 3.2 refined visual-family rule
CL269,spiking,ASSUMPTION,7,spiking,0,BUILD_BRIEF.md 3.2 refined visual-family rule
CL270a,spiking,ASSUMPTION,4,spiking,0,BUILD_BRIEF.md 3.2 refined visual-family rule
CL270b,spiking,ASSUMPTION,4,spiking,0,BUILD_BRIEF.md 3.2 refined visual-family rule
CL271,spiking,ASSUMPTION,2,spiking,0,BUILD_BRIEF.md 3.2 refined visual-family rule
CL272_a,spiking,ASSUMPTION,4,spiking,0,BUILD_BRIEF.md 3.2 refined visual-family rule
CL272_b,spiking,ASSUMPTION,6,spiking,0,BUILD_BRIEF.md 3.2 refined visual-family rule
CL273,spiking,ASSUMPTION,3,spiking,0,BUILD_BRIEF.md 3.2 refined visual-family rule
CL282,spiking,ASSUMPTION,4,spiking,0,BUILD_BRIEF.md 3.2 refined visual-family rule
CL283a,spiking,ASSUMPTION,4,spiking,0,BUILD_BRIEF.md 3.2 refined visual-family rule
CL283b,spiking,ASSUMPTION,4,spiking,0,BUILD_BRIEF.md 3.2 refined visual-family rule
CL283c,spiking,ASSUMPTION,4,spiking,0,BUILD_BRIEF.md 3.2 refined visual-family rule
CL286,spiking,ASSUMPTION,2,spiking,0,BUILD_BRIEF.md 3.2 refined visual-family rule
CL287,spiking,ASSUMPTION,2,spiking,0,BUILD_BRIEF.md 3.2 refined visual-family rule
CL288,spiking,ASSUMPTION,2,spiking,0,BUILD_BRIEF.md 3.2 refined visual-family rule
CL289,spiking,ASSUMPTION,2,spiking,0,BUILD_BRIEF.md 3.2 refined visual-family rule
CL290,spiking,ASSUMPTION,2,spiking,0,BUILD_BRIEF.md 3.2 refined visual-family rule
CL291,spiking,ASSUMPTION,2,spiking,0,BUILD_BRIEF.md 3.2 refined visual-family rule
CL292a,spiking,ASSUMPTION,2,spiking,0,BUILD_BRIEF.md 3.2 refined visual-family rule
CL292b,spiking,ASSUMPTION,2,spiking,0,BUILD_BRIEF.md 3.2 refined visual-family rule
CL293,spiking,ASSUMPTION,2,spiking,0,BUILD_BRIEF.md 3.2 refined visual-family rule
CL294,spiking,ASSUMPTION,2,spiking,0,BUILD_BRIEF.md 3.2 refined visual-family rule
"CL301,CL302",spiking,ASSUMPTION,8,spiking,0,BUILD_BRIEF.md 3.2 refined visual-family rule
CL303,spiking,ASSUMPTION,2,spiking,0,BUILD_BRIEF.md 3.2 refined visual-family rule
CL308,spiking,ASSUMPTION,2,spiking,0,BUILD_BRIEF.md 3.2 refined visual-family rule
CL309,spiking,ASSUMPTION,2,spiking,0,BUILD_BRIEF.md 3.2 refined visual-family rule
CL310,spiking,ASSUMPTION,2,spiking,0,BUILD_BRIEF.md 3.2 refined visual-family rule
CL311,spiking,ASSUMPTION,2,spiking,0,BUILD_BRIEF.md 3.2 refined visual-family rule
CL312,spiking,ASSUMPTION,1,spiking,0,BUILD_BRIEF.md 3.2 refined visual-family rule
CL313,spiking,ASSUMPTION,11,spiking,0,BUILD_BRIEF.md 3.2 refined visual-family rule
CL314,spiking,ASSUMPTION,2,spiking,0,BUILD_BRIEF.md 3.2 refined visual-family rule
CL315,spiking,ASSUMPTION,2,spiking,0,BUILD_BRIEF.md 3.2 refined visual-family rule
CL316,spiking,ASSUMPTION,2,spiking,0,BUILD_BRIEF.md 3.2 refined visual-family rule
CL317,spiking,ASSUMPTION,2,spiking,0,BUILD_BRIEF.md 3.2 refined visual-family rule
CL318,spiking,ASSUMPTION,2,spiking,0,BUILD_BRIEF.md 3.2 refined visual-family rule
CL319,spiking,ASSUMPTION,2,spiking,0,BUILD_BRIEF.md 3.2 refined visual-family rule
CL321,spiking,ASSUMPTION,2,spiking,0,BUILD_BRIEF.md 3.2 refined visual-family rule
CL322,spiking,ASSUMPTION,2,spiking,0,BUILD_BRIEF.md 3.2 refined visual-family rule
CL323a,spiking,ASSUMPTION,2,spiking,0,BUILD_BRIEF.md 3.2 refined visual-family rule
CL323b,spiking,ASSUMPTION,2,spiking,0,BUILD_BRIEF.md 3.2 refined visual-family rule
CL326,spiking,ASSUMPTION,2,spiking,0,BUILD_BRIEF.md 3.2 refined visual-family rule
CL327,spiking,ASSUMPTION,2,spiking,0,BUILD_BRIEF.md 3.2 refined visual-family rule
"CL328,IB070,IB071",spiking,ASSUMPTION,11,spiking,0,BUILD_BRIEF.md 3.2 refined visual-family rule
CL333,spiking,ASSUMPTION,2,spiking,0,BUILD_BRIEF.md 3.2 refined visual-family rule
CL335,spiking,ASSUMPTION,2,spiking,0,BUILD_BRIEF.md 3.2 refined visual-family rule
CL336,spiking,ASSUMPTION,2,spiking,0,BUILD_BRIEF.md 3.2 refined visual-family rule
CL339,spiking,ASSUMPTION,2,spiking,0,BUILD_BRIEF.md 3.2 refined visual-family rule
CL340,spiking,ASSUMPTION,4,spiking,0,BUILD_BRIEF.md 3.2 refined visual-family rule
CL344,spiking,ASSUMPTION,2,spiking,0,BUILD_BRIEF.md 3.2 refined visual-family rule
CL348,spiking,ASSUMPTION,4,spiking,0,BUILD_BRIEF.md 3.2 refined visual-family rule
CL352,spiking,ASSUMPTION,2,spiking,0,BUILD_BRIEF.md 3.2 refined visual-family rule
CL353,spiking,ASSUMPTION,1,spiking,0,BUILD_BRIEF.md 3.2 refined visual-family rule
CL356,spiking,ASSUMPTION,4,spiking,0,BUILD_BRIEF.md 3.2 refined visual-family rule
CL359,spiking,ASSUMPTION,4,spiking,0,BUILD_BRIEF.md 3.2 refined visual-family rule
CL360,spiking,ASSUMPTION,2,spiking,0,BUILD_BRIEF.md 3.2 refined visual-family rule
CL361,spiking,ASSUMPTION,2,spiking,0,BUILD_BRIEF.md 3.2 refined visual-family rule
CL362,spiking,ASSUMPTION,2,spiking,0,BUILD_BRIEF.md 3.2 refined visual-family rule
CL364,spiking,ASSUMPTION,2,spiking,0,BUILD_BRIEF.md 3.2 refined visual-family rule
CRE001,spiking,ASSUMPTION,4,spiking,0,BUILD_BRIEF.md 3.2 refined visual-family rule
CRE004,spiking,ASSUMPTION,2,spiking,0,BUILD_BRIEF.md 3.2 refined visual-family rule
CRE005,spiking,ASSUMPTION,4,spiking,0,BUILD_BRIEF.md 3.2 refined visual-family rule
CRE006,spiking,ASSUMPTION,2,spiking,0,BUILD_BRIEF.md 3.2 refined visual-family rule
CRE007,spiking,ASSUMPTION,2,spiking,0,BUILD_BRIEF.md 3.2 refined visual-family rule
"CRE008,CRE010",spiking,ASSUMPTION,3,spiking,0,BUILD_BRIEF.md 3.2 refined visual-family rule
CRE009,spiking,ASSUMPTION,2,spiking,0,BUILD_BRIEF.md 3.2 refined visual-family rule
CRE011,spiking,ASSUMPTION,2,spiking,0,BUILD_BRIEF.md 3.2 refined visual-family rule
CRE012,spiking,ASSUMPTION,2,spiking,0,BUILD_BRIEF.md 3.2 refined visual-family rule
CRE013,spiking,ASSUMPTION,2,spiking,0,BUILD_BRIEF.md 3.2 refined visual-family rule
CRE015,spiking,ASSUMPTION,2,spiking,0,BUILD_BRIEF.md 3.2 refined visual-family rule
CRE016,spiking,ASSUMPTION,5,spiking,0,BUILD_BRIEF.md 3.2 refined visual-family rule
CRE017,spiking,ASSUMPTION,4,spiking,0,BUILD_BRIEF.md 3.2 refined visual-family rule
CRE018,spiking,ASSUMPTION,6,spiking,0,BUILD_BRIEF.md 3.2 refined visual-family rule
CRE019,spiking,ASSUMPTION,3,spiking,0,BUILD_BRIEF.md 3.2 refined visual-family rule
CRE020,spiking,ASSUMPTION,3,spiking,0,BUILD_BRIEF.md 3.2 refined visual-family rule
CRE021,spiking,ASSUMPTION,2,spiking,0,BUILD_BRIEF.md 3.2 refined visual-family rule
CRE022,spiking,ASSUMPTION,2,spiking,0,BUILD_BRIEF.md 3.2 refined visual-family rule
CRE023,spiking,ASSUMPTION,2,spiking,0,BUILD_BRIEF.md 3.2 refined visual-family rule
CRE024,spiking,ASSUMPTION,2,spiking,0,BUILD_BRIEF.md 3.2 refined visual-family rule
CRE025,spiking,ASSUMPTION,2,spiking,0,BUILD_BRIEF.md 3.2 refined visual-family rule
CRE027,spiking,ASSUMPTION,4,spiking,0,BUILD_BRIEF.md 3.2 refined visual-family rule
CRE035,spiking,ASSUMPTION,2,spiking,0,BUILD_BRIEF.md 3.2 refined visual-family rule
CRE040,spiking,ASSUMPTION,2,spiking,0,BUILD_BRIEF.md 3.2 refined visual-family rule
CRE041,spiking,ASSUMPTION,2,spiking,0,BUILD_BRIEF.md 3.2 refined visual-family rule
CRE042,spiking,ASSUMPTION,2,spiking,0,BUILD_BRIEF.md 3.2 refined visual-family rule
CRE043,spiking,ASSUMPTION,14,spiking,0,BUILD_BRIEF.md 3.2 refined visual-family rule
CRE044,spiking,ASSUMPTION,9,spiking,0,BUILD_BRIEF.md 3.2 refined visual-family rule
"CRE045,CRE046",spiking,ASSUMPTION,5,spiking,0,BUILD_BRIEF.md 3.2 refined visual-family rule
CRE048,spiking,ASSUMPTION,2,spiking,0,BUILD_BRIEF.md 3.2 refined visual-family rule
CRE049,spiking,ASSUMPTION,2,spiking,0,BUILD_BRIEF.md 3.2 refined visual-family rule
CRE050,spiking,ASSUMPTION,2,spiking,0,BUILD_BRIEF.md 3.2 refined visual-family rule
CRE056,spiking,ASSUMPTION,11,spiking,0,BUILD_BRIEF.md 3.2 refined visual-family rule
CRE059,spiking,ASSUMPTION,4,spiking,0,BUILD_BRIEF.md 3.2 refined visual-family rule
"CRE060,CRE067",spiking,ASSUMPTION,6,spiking,0,BUILD_BRIEF.md 3.2 refined visual-family rule
CRE062,spiking,ASSUMPTION,2,spiking,0,BUILD_BRIEF.md 3.2 refined visual-family rule
CRE065,spiking,ASSUMPTION,6,spiking,0,BUILD_BRIEF.md 3.2 refined visual-family rule
CRE066,spiking,ASSUMPTION,4,spiking,0,BUILD_BRIEF.md 3.2 refined visual-family rule
CRE068,spiking,ASSUMPTION,5,spiking,0,BUILD_BRIEF.md 3.2 refined visual-family rule
CRE069,spiking,ASSUMPTION,2,spiking,0,BUILD_BRIEF.md 3.2 refined visual-family rule
CRE070,spiking,ASSUMPTION,2,spiking,0,BUILD_BRIEF.md 3.2 refined visual-family rule
CRE071,spiking,ASSUMPTION,2,spiking,0,BUILD_BRIEF.md 3.2 refined visual-family rule
CRE072,spiking,ASSUMPTION,4,spiking,0,BUILD_BRIEF.md 3.2 refined visual-family rule
CRE074,spiking,ASSUMPTION,2,spiking,0,BUILD_BRIEF.md 3.2 refined visual-family rule
CRE075,spiking,ASSUMPTION,2,spiking,0,BUILD_BRIEF.md 3.2 refined visual-family rule
CRE076,spiking,ASSUMPTION,2,spiking,0,BUILD_BRIEF.md 3.2 refined visual-family rule
CRE077,spiking,ASSUMPTION,2,spiking,0,BUILD_BRIEF.md 3.2 refined visual-family rule
CRE078,spiking,ASSUMPTION,4,spiking,0,BUILD_BRIEF.md 3.2 refined visual-family rule
CRE079,spiking,ASSUMPTION,2,spiking,0,BUILD_BRIEF.md 3.2 refined visual-family rule
CRE080a,spiking,ASSUMPTION,2,spiking,0,BUILD_BRIEF.md 3.2 refined visual-family rule
CRE080b,spiking,ASSUMPTION,2,spiking,0,BUILD_BRIEF.md 3.2 refined visual-family rule
CRE080c,spiking,ASSUMPTION,4,spiking,0,BUILD_BRIEF.md 3.2 refined visual-family rule
CRE081,spiking,ASSUMPTION,4,spiking,0,BUILD_BRIEF.md 3.2 refined visual-family rule
CRE082,spiking,ASSUMPTION,2,spiking,0,BUILD_BRIEF.md 3.2 refined visual-family rule
CRE087,spiking,ASSUMPTION,2,spiking,0,BUILD_BRIEF.md 3.2 refined visual-family rule
CRE088,spiking,ASSUMPTION,2,spiking,0,BUILD_BRIEF.md 3.2 refined visual-family rule
CRE094,spiking,ASSUMPTION,4,spiking,0,BUILD_BRIEF.md 3.2 refined visual-family rule
CRE095a,spiking,ASSUMPTION,2,spiking,0,BUILD_BRIEF.md 3.2 refined visual-family rule
CRE095b,spiking,ASSUMPTION,4,spiking,0,BUILD_BRIEF.md 3.2 refined visual-family rule
CRE096,spiking,ASSUMPTION,2,spiking,0,BUILD_BRIEF.md 3.2 refined visual-family rule
CRE100,spiking,ASSUMPTION,2,spiking,0,BUILD_BRIEF.md 3.2 refined visual-family rule
CRE102,spiking,ASSUMPTION,2,spiking,0,BUILD_BRIEF.md 3.2 refined visual-family rule
CRE103a,spiking,ASSUMPTION,4,spiking,0,BUILD_BRIEF.md 3.2 refined visual-family rule
CRE103b,spiking,ASSUMPTION,7,spiking,0,BUILD_BRIEF.md 3.2 refined visual-family rule
CRE104,spiking,ASSUMPTION,2,spiking,0,BUILD_BRIEF.md 3.2 refined visual-family rule
CRE105,spiking,ASSUMPTION,2,spiking,0,BUILD_BRIEF.md 3.2 refined visual-family rule
CRE106,spiking,ASSUMPTION,4,spiking,0,BUILD_BRIEF.md 3.2 refined visual-family rule
CRE107,spiking,ASSUMPTION,2,spiking,0,BUILD_BRIEF.md 3.2 refined visual-family rule
CRE108,spiking,ASSUMPTION,2,spiking,0,BUILD_BRIEF.md 3.2 refined visual-family rule
CREa1A_T01,spiking,ASSUMPTION,3,spiking,0,BUILD_BRIEF.md 3.2 refined visual-family rule
CRZ,spiking,ASSUMPTION,6,spiking,0,BUILD_BRIEF.md 3.2 refined visual-family rule
"CRZ01,CRZ02",spiking,ASSUMPTION,4,spiking,0,BUILD_BRIEF.md 3.2 refined visual-family rule
CSD,spiking,ASSUMPTION,2,spiking,0,BUILD_BRIEF.md 3.2 refined visual-family rule
CT1,graded,ASSUMPTION,2,graded,2,BUILD_BRIEF.md 3.2 refined visual-family rule
DA1_lPN,spiking,ASSUMPTION,15,spiking,0,BUILD_BRIEF.md 3.2 refined visual-family rule
DA1_vPN,spiking,ASSUMPTION,2,spiking,0,BUILD_BRIEF.md 3.2 refined visual-family rule
DA2_lPN,spiking,ASSUMPTION,11,spiking,0,BUILD_BRIEF.md 3.2 refined visual-family rule
DA3_adPN,spiking,ASSUMPTION,4,spiking,0,BUILD_BRIEF.md 3.2 refined visual-family rule
DA4l_adPN,spiking,ASSUMPTION,2,spiking,0,BUILD_BRIEF.md 3.2 refined visual-family rule
DA4m_adPN,spiking,ASSUMPTION,2,spiking,0,BUILD_BRIEF.md 3.2 refined visual-family rule
DC1_adPN,spiking,ASSUMPTION,2,spiking,0,BUILD_BRIEF.md 3.2 refined visual-family rule
DC2_adPN,spiking,ASSUMPTION,4,spiking,0,BUILD_BRIEF.md 3.2 refined visual-family rule
DC3_adPN,spiking,ASSUMPTION,5,spiking,0,BUILD_BRIEF.md 3.2 refined visual-family rule
DC4_adPN,spiking,ASSUMPTION,2,spiking,0,BUILD_BRIEF.md 3.2 refined visual-family rule
DC4_vPN,spiking,ASSUMPTION,4,spiking,0,BUILD_BRIEF.md 3.2 refined visual-family rule
DCH,spiking,ASSUMPTION,2,spiking,0,BUILD_BRIEF.md 3.2 refined visual-family rule
DGI,spiking,ASSUMPTION,2,spiking,0,BUILD_BRIEF.md 3.2 refined visual-family rule
DH31,spiking,ASSUMPTION,6,spiking,0,BUILD_BRIEF.md 3.2 refined visual-family rule
DH44,spiking,ASSUMPTION,6,spiking,0,BUILD_BRIEF.md 3.2 refined visual-family rule
DL1_adPN,spiking,ASSUMPTION,4,spiking,0,BUILD_BRIEF.md 3.2 refined visual-family rule
DL2d_adPN,spiking,ASSUMPTION,10,spiking,0,BUILD_BRIEF.md 3.2 refined visual-family rule
DL2d_vPN,spiking,ASSUMPTION,4,spiking,0,BUILD_BRIEF.md 3.2 refined visual-family rule
DL2v_adPN,spiking,ASSUMPTION,8,spiking,0,BUILD_BRIEF.md 3.2 refined visual-family rule
DL3_lPN,spiking,ASSUMPTION,10,spiking,0,BUILD_BRIEF.md 3.2 refined visual-family rule
DL4_adPN,spiking,ASSUMPTION,2,spiking,0,BUILD_BRIEF.md 3.2 refined visual-family rule
DL5_adPN,spiking,ASSUMPTION,2,spiking,0,BUILD_BRIEF.md 3.2 refined visual-family rule
DM1_lPN,spiking,ASSUMPTION,2,spiking,0,BUILD_BRIEF.md 3.2 refined visual-family rule
DM2_lPN,spiking,ASSUMPTION,4,spiking,0,BUILD_BRIEF.md 3.2 refined visual-family rule
DM3_adPN,spiking,ASSUMPTION,2,spiking,0,BUILD_BRIEF.md 3.2 refined visual-family rule
DM3_vPN,spiking,ASSUMPTION,2,spiking,0,BUILD_BRIEF.md 3.2 refined visual-family rule
DM4_adPN,spiking,ASSUMPTION,2,spiking,0,BUILD_BRIEF.md 3.2 refined visual-family rule
DM4_vPN,spiking,ASSUMPTION,2,spiking,0,BUILD_BRIEF.md 3.2 refined visual-family rule
DM5_lPN,spiking,ASSUMPTION,5,spiking,0,BUILD_BRIEF.md 3.2 refined visual-family rule
DM6_adPN,spiking,ASSUMPTION,6,spiking,0,BUILD_BRIEF.md 3.2 refined visual-family rule
DMS,spiking,ASSUMPTION,6,spiking,0,BUILD_BRIEF.md 3.2 refined visual-family rule
DN1-l,spiking,ASSUMPTION,2,spiking,0,BUILD_BRIEF.md 3.2 refined visual-family rule
DN1a,spiking,ASSUMPTION,4,spiking,0,BUILD_BRIEF.md 3.2 refined visual-family rule
DN1pA,spiking,ASSUMPTION,8,spiking,0,BUILD_BRIEF.md 3.2 refined visual-family rule
DN1pB,spiking,ASSUMPTION,4,spiking,0,BUILD_BRIEF.md 3.2 refined visual-family rule
DNa01,spiking,ASSUMPTION,2,spiking,0,BUILD_BRIEF.md 3.2 refined visual-family rule
DNa02,spiking,ASSUMPTION,2,spiking,0,BUILD_BRIEF.md 3.2 refined visual-family rule
DNa03,spiking,ASSUMPTION,2,spiking,0,BUILD_BRIEF.md 3.2 refined visual-family rule
DNa04,spiking,ASSUMPTION,2,spiking,0,BUILD_BRIEF.md 3.2 refined visual-family rule
DNa05,spiking,ASSUMPTION,2,spiking,0,BUILD_BRIEF.md 3.2 refined visual-family rule
DNa06,spiking,ASSUMPTION,2,spiking,0,BUILD_BRIEF.md 3.2 refined visual-family rule
DNa07,spiking,ASSUMPTION,2,spiking,0,BUILD_BRIEF.md 3.2 refined visual-family rule
DNa08,spiking,ASSUMPTION,2,spiking,0,BUILD_BRIEF.md 3.2 refined visual-family rule
DNa09,spiking,ASSUMPTION,2,spiking,0,BUILD_BRIEF.md 3.2 refined visual-family rule
DNa10,spiking,ASSUMPTION,2,spiking,0,BUILD_BRIEF.md 3.2 refined visual-family rule
DNa11,spiking,ASSUMPTION,2,spiking,0,BUILD_BRIEF.md 3.2 refined visual-family rule
DNa13,spiking,ASSUMPTION,4,spiking,0,BUILD_BRIEF.md 3.2 refined visual-family rule
DNa14,spiking,ASSUMPTION,2,spiking,0,BUILD_BRIEF.md 3.2 refined visual-family rule
DNa15,spiking,ASSUMPTION,2,spiking,0,BUILD_BRIEF.md 3.2 refined visual-family rule
DNa16,spiking,ASSUMPTION,2,spiking,0,BUILD_BRIEF.md 3.2 refined visual-family rule
DNae001,spiking,ASSUMPTION,2,spiking,0,BUILD_BRIEF.md 3.2 refined visual-family rule
DNae002,spiking,ASSUMPTION,2,spiking,0,BUILD_BRIEF.md 3.2 refined visual-family rule
DNae003,spiking,ASSUMPTION,2,spiking,0,BUILD_BRIEF.md 3.2 refined visual-family rule
DNae004,spiking,ASSUMPTION,2,spiking,0,BUILD_BRIEF.md 3.2 refined visual-family rule
DNae005,spiking,ASSUMPTION,2,spiking,0,BUILD_BRIEF.md 3.2 refined visual-family rule
DNae006,spiking,ASSUMPTION,2,spiking,0,BUILD_BRIEF.md 3.2 refined visual-family rule
DNae007,spiking,ASSUMPTION,2,spiking,0,BUILD_BRIEF.md 3.2 refined visual-family rule
DNae008,spiking,ASSUMPTION,2,spiking,0,BUILD_BRIEF.md 3.2 refined visual-family rule
DNae009,spiking,ASSUMPTION,2,spiking,0,BUILD_BRIEF.md 3.2 refined visual-family rule
DNae010,spiking,ASSUMPTION,2,spiking,0,BUILD_BRIEF.md 3.2 refined visual-family rule
DNb01,spiking,ASSUMPTION,2,spiking,0,BUILD_BRIEF.md 3.2 refined visual-family rule
DNb02,spiking,ASSUMPTION,4,spiking,0,BUILD_BRIEF.md 3.2 refined visual-family rule
DNb03,spiking,ASSUMPTION,4,spiking,0,BUILD_BRIEF.md 3.2 refined visual-family rule
DNb04,spiking,ASSUMPTION,3,spiking,0,BUILD_BRIEF.md 3.2 refined visual-family rule
DNb05,spiking,ASSUMPTION,2,spiking,0,BUILD_BRIEF.md 3.2 refined visual-family rule
DNb06,spiking,ASSUMPTION,2,spiking,0,BUILD_BRIEF.md 3.2 refined visual-family rule
DNb07,spiking,ASSUMPTION,2,spiking,0,BUILD_BRIEF.md 3.2 refined visual-family rule
DNb08,spiking,ASSUMPTION,4,spiking,0,BUILD_BRIEF.md 3.2 refined visual-family rule
DNb09,spiking,ASSUMPTION,2,spiking,0,BUILD_BRIEF.md 3.2 refined visual-family rule
DNbe001,spiking,ASSUMPTION,2,spiking,0,BUILD_BRIEF.md 3.2 refined visual-family rule
DNbe002,spiking,ASSUMPTION,4,spiking,0,BUILD_BRIEF.md 3.2 refined visual-family rule
DNbe003,spiking,ASSUMPTION,2,spiking,0,BUILD_BRIEF.md 3.2 refined visual-family rule
DNbe004,spiking,ASSUMPTION,2,spiking,0,BUILD_BRIEF.md 3.2 refined visual-family rule
DNbe005,spiking,ASSUMPTION,2,spiking,0,BUILD_BRIEF.md 3.2 refined visual-family rule
DNbe006,spiking,ASSUMPTION,2,spiking,0,BUILD_BRIEF.md 3.2 refined visual-family rule
DNbe007,spiking,ASSUMPTION,2,spiking,0,BUILD_BRIEF.md 3.2 refined visual-family rule
DNc01,spiking,ASSUMPTION,2,spiking,0,BUILD_BRIEF.md 3.2 refined visual-family rule
DNc02,spiking,ASSUMPTION,2,spiking,0,BUILD_BRIEF.md 3.2 refined visual-family rule
DNd02,spiking,ASSUMPTION,2,spiking,0,BUILD_BRIEF.md 3.2 refined visual-family rule
DNd03,spiking,ASSUMPTION,2,spiking,0,BUILD_BRIEF.md 3.2 refined visual-family rule
DNd04,spiking,ASSUMPTION,2,spiking,0,BUILD_BRIEF.md 3.2 refined visual-family rule
DNd05,spiking,ASSUMPTION,2,spiking,0,BUILD_BRIEF.md 3.2 refined visual-family rule
DNde001,spiking,ASSUMPTION,2,spiking,0,BUILD_BRIEF.md 3.2 refined visual-family rule
DNde002,spiking,ASSUMPTION,2,spiking,0,BUILD_BRIEF.md 3.2 refined visual-family rule
DNde003,spiking,ASSUMPTION,4,spiking,0,BUILD_BRIEF.md 3.2 refined visual-family rule
DNde005,spiking,ASSUMPTION,2,spiking,0,BUILD_BRIEF.md 3.2 refined visual-family rule
DNde006,spiking,ASSUMPTION,2,spiking,0,BUILD_BRIEF.md 3.2 refined visual-family rule
DNde007,spiking,ASSUMPTION,2,spiking,0,BUILD_BRIEF.md 3.2 refined visual-family rule
DNg01,spiking,ASSUMPTION,8,spiking,0,BUILD_BRIEF.md 3.2 refined visual-family rule
DNg02_a,spiking,ASSUMPTION,6,spiking,0,BUILD_BRIEF.md 3.2 refined visual-family rule
DNg02_b,spiking,ASSUMPTION,7,spiking,0,BUILD_BRIEF.md 3.2 refined visual-family rule
DNg02_c,spiking,ASSUMPTION,2,spiking,0,BUILD_BRIEF.md 3.2 refined visual-family rule
DNg02_d,spiking,ASSUMPTION,2,spiking,0,BUILD_BRIEF.md 3.2 refined visual-family rule
DNg02_e,spiking,ASSUMPTION,2,spiking,0,BUILD_BRIEF.md 3.2 refined visual-family rule
DNg02_f,spiking,ASSUMPTION,2,spiking,0,BUILD_BRIEF.md 3.2 refined visual-family rule
DNg02_g,spiking,ASSUMPTION,2,spiking,0,BUILD_BRIEF.md 3.2 refined visual-family rule
DNg02_h,spiking,ASSUMPTION,2,spiking,0,BUILD_BRIEF.md 3.2 refined visual-family rule
DNg03,spiking,ASSUMPTION,10,spiking,0,BUILD_BRIEF.md 3.2 refined visual-family rule
DNg04,spiking,ASSUMPTION,4,spiking,0,BUILD_BRIEF.md 3.2 refined visual-family rule
DNg05_a,spiking,ASSUMPTION,2,spiking,0,BUILD_BRIEF.md 3.2 refined visual-family rule
DNg05_b,spiking,ASSUMPTION,6,spiking,0,BUILD_BRIEF.md 3.2 refined visual-family rule
DNg06,spiking,ASSUMPTION,11,spiking,0,BUILD_BRIEF.md 3.2 refined visual-family rule
DNg07,spiking,ASSUMPTION,16,spiking,0,BUILD_BRIEF.md 3.2 refined visual-family rule
DNg08_a,spiking,ASSUMPTION,14,spiking,0,BUILD_BRIEF.md 3.2 refined visual-family rule
DNg08_b,spiking,ASSUMPTION,8,spiking,0,BUILD_BRIEF.md 3.2 refined visual-family rule
DNg09,spiking,ASSUMPTION,8,spiking,0,BUILD_BRIEF.md 3.2 refined visual-family rule
DNg10,spiking,ASSUMPTION,12,spiking,0,BUILD_BRIEF.md 3.2 refined visual-family rule
DNg100,spiking,ASSUMPTION,2,spiking,0,BUILD_BRIEF.md 3.2 refined visual-family rule
DNg101,spiking,ASSUMPTION,2,spiking,0,BUILD_BRIEF.md 3.2 refined visual-family rule
DNg102,spiking,ASSUMPTION,4,spiking,0,BUILD_BRIEF.md 3.2 refined visual-family rule
DNg103,spiking,ASSUMPTION,2,spiking,0,BUILD_BRIEF.md 3.2 refined visual-family rule
DNg104,spiking,ASSUMPTION,2,spiking,0,BUILD_BRIEF.md 3.2 refined visual-family rule
DNg105,spiking,ASSUMPTION,2,spiking,0,BUILD_BRIEF.md 3.2 refined visual-family rule
DNg106,spiking,ASSUMPTION,14,spiking,0,BUILD_BRIEF.md 3.2 refined visual-family rule
DNg107,spiking,ASSUMPTION,2,spiking,0,BUILD_BRIEF.md 3.2 refined visual-family rule
DNg108,spiking,ASSUMPTION,2,spiking,0,BUILD_BRIEF.md 3.2 refined visual-family rule
DNg109,spiking,ASSUMPTION,2,spiking,0,BUILD_BRIEF.md 3.2 refined visual-family rule
DNg11,spiking,ASSUMPTION,6,spiking,0,BUILD_BRIEF.md 3.2 refined visual-family rule
DNg110,spiking,ASSUMPTION,6,spiking,0,BUILD_BRIEF.md 3.2 refined visual-family rule
DNg111,spiking,ASSUMPTION,2,spiking,0,BUILD_BRIEF.md 3.2 refined visual-family rule
DNg12_a,spiking,ASSUMPTION,8,spiking,0,BUILD_BRIEF.md 3.2 refined visual-family rule
DNg12_b,spiking,ASSUMPTION,18,spiking,0,BUILD_BRIEF.md 3.2 refined visual-family rule
DNg12_c,spiking,ASSUMPTION,6,spiking,0,BUILD_BRIEF.md 3.2 refined visual-family rule
DNg12_d,spiking,ASSUMPTION,2,spiking,0,BUILD_BRIEF.md 3.2 refined visual-family rule
DNg12_e,spiking,ASSUMPTION,8,spiking,0,BUILD_BRIEF.md 3.2 refined visual-family rule
DNg13,spiking,ASSUMPTION,2,spiking,0,BUILD_BRIEF.md 3.2 refined visual-family rule
DNg14,spiking,ASSUMPTION,2,spiking,0,BUILD_BRIEF.md 3.2 refined visual-family rule
DNg15,spiking,ASSUMPTION,2,spiking,0,BUILD_BRIEF.md 3.2 refined visual-family rule
DNg16,spiking,ASSUMPTION,2,spiking,0,BUILD_BRIEF.md 3.2 refined visual-family rule
DNg17,spiking,ASSUMPTION,2,spiking,0,BUILD_BRIEF.md 3.2 refined visual-family rule
DNg18_a,spiking,ASSUMPTION,2,spiking,0,BUILD_BRIEF.md 3.2 refined visual-family rule
DNg18_b,spiking,ASSUMPTION,6,spiking,0,BUILD_BRIEF.md 3.2 refined visual-family rule
DNg19,spiking,ASSUMPTION,2,spiking,0,BUILD_BRIEF.md 3.2 refined visual-family rule
DNg20,spiking,ASSUMPTION,2,spiking,0,BUILD_BRIEF.md 3.2 refined visual-family rule
DNg21,spiking,ASSUMPTION,2,spiking,0,BUILD_BRIEF.md 3.2 refined visual-family rule
DNg22,spiking,ASSUMPTION,2,spiking,0,BUILD_BRIEF.md 3.2 refined visual-family rule
DNg23,spiking,ASSUMPTION,2,spiking,0,BUILD_BRIEF.md 3.2 refined visual-family rule
DNg24,spiking,ASSUMPTION,2,spiking,0,BUILD_BRIEF.md 3.2 refined visual-family rule
DNg26,spiking,ASSUMPTION,4,spiking,0,BUILD_BRIEF.md 3.2 refined visual-family rule
DNg27,spiking,ASSUMPTION,2,spiking,0,BUILD_BRIEF.md 3.2 refined visual-family rule
DNg28,spiking,ASSUMPTION,4,spiking,0,BUILD_BRIEF.md 3.2 refined visual-family rule
DNg29,spiking,ASSUMPTION,2,spiking,0,BUILD_BRIEF.md 3.2 refined visual-family rule
DNg30,spiking,ASSUMPTION,2,spiking,0,BUILD_BRIEF.md 3.2 refined visual-family rule
DNg31,spiking,ASSUMPTION,2,spiking,0,BUILD_BRIEF.md 3.2 refined visual-family rule
DNg32,spiking,ASSUMPTION,2,spiking,0,BUILD_BRIEF.md 3.2 refined visual-family rule
DNg33,spiking,ASSUMPTION,2,spiking,0,BUILD_BRIEF.md 3.2 refined visual-family rule
DNg34,spiking,ASSUMPTION,2,spiking,0,BUILD_BRIEF.md 3.2 refined visual-family rule
DNg35,spiking,ASSUMPTION,2,spiking,0,BUILD_BRIEF.md 3.2 refined visual-family rule
DNg36_a,spiking,ASSUMPTION,4,spiking,0,BUILD_BRIEF.md 3.2 refined visual-family rule
DNg36_b,spiking,ASSUMPTION,5,spiking,0,BUILD_BRIEF.md 3.2 refined visual-family rule
DNg37,spiking,ASSUMPTION,2,spiking,0,BUILD_BRIEF.md 3.2 refined visual-family rule
DNg38,spiking,ASSUMPTION,2,spiking,0,BUILD_BRIEF.md 3.2 refined visual-family rule
DNg39,spiking,ASSUMPTION,2,spiking,0,BUILD_BRIEF.md 3.2 refined visual-family rule
DNg40,spiking,ASSUMPTION,2,spiking,0,BUILD_BRIEF.md 3.2 refined visual-family rule
DNg41,spiking,ASSUMPTION,2,spiking,0,BUILD_BRIEF.md 3.2 refined visual-family rule
DNg42,spiking,ASSUMPTION,2,spiking,0,BUILD_BRIEF.md 3.2 refined visual-family rule
DNg43,spiking,ASSUMPTION,2,spiking,0,BUILD_BRIEF.md 3.2 refined visual-family rule
DNg44,spiking,ASSUMPTION,2,spiking,0,BUILD_BRIEF.md 3.2 refined visual-family rule
DNg45,spiking,ASSUMPTION,2,spiking,0,BUILD_BRIEF.md 3.2 refined visual-family rule
DNg46,spiking,ASSUMPTION,2,spiking,0,BUILD_BRIEF.md 3.2 refined visual-family rule
DNg47,spiking,ASSUMPTION,2,spiking,0,BUILD_BRIEF.md 3.2 refined visual-family rule
DNg48,spiking,ASSUMPTION,2,spiking,0,BUILD_BRIEF.md 3.2 refined visual-family rule
DNg49,spiking,ASSUMPTION,2,spiking,0,BUILD_BRIEF.md 3.2 refined visual-family rule
DNg50,spiking,ASSUMPTION,2,spiking,0,BUILD_BRIEF.md 3.2 refined visual-family rule
DNg51,spiking,ASSUMPTION,4,spiking,0,BUILD_BRIEF.md 3.2 refined visual-family rule
DNg52,spiking,ASSUMPTION,4,spiking,0,BUILD_BRIEF.md 3.2 refined visual-family rule
DNg53,spiking,ASSUMPTION,2,spiking,0,BUILD_BRIEF.md 3.2 refined visual-family rule
DNg54,spiking,ASSUMPTION,2,spiking,0,BUILD_BRIEF.md 3.2 refined visual-family rule
DNg55,spiking,ASSUMPTION,1,spiking,0,BUILD_BRIEF.md 3.2 refined visual-family rule
DNg56,spiking,ASSUMPTION,2,spiking,0,BUILD_BRIEF.md 3.2 refined visual-family rule
DNg57,spiking,ASSUMPTION,2,spiking,0,BUILD_BRIEF.md 3.2 refined visual-family rule
DNg58,spiking,ASSUMPTION,2,spiking,0,BUILD_BRIEF.md 3.2 refined visual-family rule
DNg59,spiking,ASSUMPTION,2,spiking,0,BUILD_BRIEF.md 3.2 refined visual-family rule
DNg60,spiking,ASSUMPTION,2,spiking,0,BUILD_BRIEF.md 3.2 refined visual-family rule
DNg61,spiking,ASSUMPTION,2,spiking,0,BUILD_BRIEF.md 3.2 refined visual-family rule
DNg62,spiking,ASSUMPTION,2,spiking,0,BUILD_BRIEF.md 3.2 refined visual-family rule
DNg63,spiking,ASSUMPTION,2,spiking,0,BUILD_BRIEF.md 3.2 refined visual-family rule
DNg64,spiking,ASSUMPTION,2,spiking,0,BUILD_BRIEF.md 3.2 refined visual-family rule
DNg65,spiking,ASSUMPTION,2,spiking,0,BUILD_BRIEF.md 3.2 refined visual-family rule
DNg66,spiking,ASSUMPTION,1,spiking,0,BUILD_BRIEF.md 3.2 refined visual-family rule
DNg67,spiking,ASSUMPTION,2,spiking,0,BUILD_BRIEF.md 3.2 refined visual-family rule
DNg68,spiking,ASSUMPTION,2,spiking,0,BUILD_BRIEF.md 3.2 refined visual-family rule
DNg69,spiking,ASSUMPTION,2,spiking,0,BUILD_BRIEF.md 3.2 refined visual-family rule
DNg70,spiking,ASSUMPTION,2,spiking,0,BUILD_BRIEF.md 3.2 refined visual-family rule
DNg71,spiking,ASSUMPTION,2,spiking,0,BUILD_BRIEF.md 3.2 refined visual-family rule
DNg72,spiking,ASSUMPTION,4,spiking,0,BUILD_BRIEF.md 3.2 refined visual-family rule
DNg73,spiking,ASSUMPTION,2,spiking,0,BUILD_BRIEF.md 3.2 refined visual-family rule
DNg74_a,spiking,ASSUMPTION,2,spiking,0,BUILD_BRIEF.md 3.2 refined visual-family rule
DNg74_b,spiking,ASSUMPTION,2,spiking,0,BUILD_BRIEF.md 3.2 refined visual-family rule
DNg75,spiking,ASSUMPTION,2,spiking,0,BUILD_BRIEF.md 3.2 refined visual-family rule
DNg76,spiking,ASSUMPTION,2,spiking,0,BUILD_BRIEF.md 3.2 refined visual-family rule
DNg77,spiking,ASSUMPTION,2,spiking,0,BUILD_BRIEF.md 3.2 refined visual-family rule
DNg78,spiking,ASSUMPTION,2,spiking,0,BUILD_BRIEF.md 3.2 refined visual-family rule
DNg79,spiking,ASSUMPTION,4,spiking,0,BUILD_BRIEF.md 3.2 refined visual-family rule
DNg80,spiking,ASSUMPTION,2,spiking,0,BUILD_BRIEF.md 3.2 refined visual-family rule
DNg81,spiking,ASSUMPTION,2,spiking,0,BUILD_BRIEF.md 3.2 refined visual-family rule
DNg82,spiking,ASSUMPTION,4,spiking,0,BUILD_BRIEF.md 3.2 refined visual-family rule
DNg83,spiking,ASSUMPTION,2,spiking,0,BUILD_BRIEF.md 3.2 refined visual-family rule
DNg84,spiking,ASSUMPTION,2,spiking,0,BUILD_BRIEF.md 3.2 refined visual-family rule
DNg85,spiking,ASSUMPTION,2,spiking,0,BUILD_BRIEF.md 3.2 refined visual-family rule
DNg86,spiking,ASSUMPTION,2,spiking,0,BUILD_BRIEF.md 3.2 refined visual-family rule
DNg87,spiking,ASSUMPTION,2,spiking,0,BUILD_BRIEF.md 3.2 refined visual-family rule
DNg88,spiking,ASSUMPTION,2,spiking,0,BUILD_BRIEF.md 3.2 refined visual-family rule
DNg89,spiking,ASSUMPTION,2,spiking,0,BUILD_BRIEF.md 3.2 refined visual-family rule
DNg90,spiking,ASSUMPTION,2,spiking,0,BUILD_BRIEF.md 3.2 refined visual-family rule
DNg91,spiking,ASSUMPTION,2,spiking,0,BUILD_BRIEF.md 3.2 refined visual-family rule
DNg92_a,spiking,ASSUMPTION,4,spiking,0,BUILD_BRIEF.md 3.2 refined visual-family rule
DNg92_b,spiking,ASSUMPTION,4,spiking,0,BUILD_BRIEF.md 3.2 refined visual-family rule
DNg93,spiking,ASSUMPTION,2,spiking,0,BUILD_BRIEF.md 3.2 refined visual-family rule
DNg94,spiking,ASSUMPTION,2,spiking,0,BUILD_BRIEF.md 3.2 refined visual-family rule
DNg95,spiking,ASSUMPTION,2,spiking,0,BUILD_BRIEF.md 3.2 refined visual-family rule
DNg96,spiking,ASSUMPTION,2,spiking,0,BUILD_BRIEF.md 3.2 refined visual-family rule
DNg97,spiking,ASSUMPTION,2,spiking,0,BUILD_BRIEF.md 3.2 refined visual-family rule
DNg98,spiking,ASSUMPTION,2,spiking,0,BUILD_BRIEF.md 3.2 refined visual-family rule
DNg99,spiking,ASSUMPTION,2,spiking,0,BUILD_BRIEF.md 3.2 refined visual-family rule
DNge001,spiking,ASSUMPTION,4,spiking,0,BUILD_BRIEF.md 3.2 refined visual-family rule
DNge002,spiking,ASSUMPTION,2,spiking,0,BUILD_BRIEF.md 3.2 refined visual-family rule
DNge003,spiking,ASSUMPTION,2,spiking,0,BUILD_BRIEF.md 3.2 refined visual-family rule
DNge004,spiking,ASSUMPTION,2,spiking,0,BUILD_BRIEF.md 3.2 refined visual-family rule
DNge005,spiking,ASSUMPTION,2,spiking,0,BUILD_BRIEF.md 3.2 refined visual-family rule
DNge006,spiking,ASSUMPTION,2,spiking,0,BUILD_BRIEF.md 3.2 refined visual-family rule
DNge007,spiking,ASSUMPTION,2,spiking,0,BUILD_BRIEF.md 3.2 refined visual-family rule
DNge008,spiking,ASSUMPTION,2,spiking,0,BUILD_BRIEF.md 3.2 refined visual-family rule
DNge009,spiking,ASSUMPTION,2,spiking,0,BUILD_BRIEF.md 3.2 refined visual-family rule
DNge010,spiking,ASSUMPTION,2,spiking,0,BUILD_BRIEF.md 3.2 refined visual-family rule
DNge011,spiking,ASSUMPTION,2,spiking,0,BUILD_BRIEF.md 3.2 refined visual-family rule
DNge012,spiking,ASSUMPTION,2,spiking,0,BUILD_BRIEF.md 3.2 refined visual-family rule
DNge013,spiking,ASSUMPTION,2,spiking,0,BUILD_BRIEF.md 3.2 refined visual-family rule
DNge014,spiking,ASSUMPTION,2,spiking,0,BUILD_BRIEF.md 3.2 refined visual-family rule
DNge015,spiking,ASSUMPTION,6,spiking,0,BUILD_BRIEF.md 3.2 refined visual-family rule
DNge016,spiking,ASSUMPTION,2,spiking,0,BUILD_BRIEF.md 3.2 refined visual-family rule
DNge017,spiking,ASSUMPTION,2,spiking,0,BUILD_BRIEF.md 3.2 refined visual-family rule
DNge018,spiking,ASSUMPTION,2,spiking,0,BUILD_BRIEF.md 3.2 refined visual-family rule
DNge019,spiking,ASSUMPTION,12,spiking,0,BUILD_BRIEF.md 3.2 refined visual-family rule
DNge020,spiking,ASSUMPTION,8,spiking,0,BUILD_BRIEF.md 3.2 refined visual-family rule
DNge021,spiking,ASSUMPTION,2,spiking,0,BUILD_BRIEF.md 3.2 refined visual-family rule
DNge022,spiking,ASSUMPTION,2,spiking,0,BUILD_BRIEF.md 3.2 refined visual-family rule
DNge023,spiking,ASSUMPTION,2,spiking,0,BUILD_BRIEF.md 3.2 refined visual-family rule
DNge024,spiking,ASSUMPTION,6,spiking,0,BUILD_BRIEF.md 3.2 refined visual-family rule
DNge025,spiking,ASSUMPTION,2,spiking,0,BUILD_BRIEF.md 3.2 refined visual-family rule
DNge026,spiking,ASSUMPTION,2,spiking,0,BUILD_BRIEF.md 3.2 refined visual-family rule
DNge027,spiking,ASSUMPTION,2,spiking,0,BUILD_BRIEF.md 3.2 refined visual-family rule
DNge028,spiking,ASSUMPTION,2,spiking,0,BUILD_BRIEF.md 3.2 refined visual-family rule
DNge029,spiking,ASSUMPTION,2,spiking,0,BUILD_BRIEF.md 3.2 refined visual-family rule
DNge030,spiking,ASSUMPTION,2,spiking,0,BUILD_BRIEF.md 3.2 refined visual-family rule
DNge031,spiking,ASSUMPTION,2,spiking,0,BUILD_BRIEF.md 3.2 refined visual-family rule
DNge032,spiking,ASSUMPTION,2,spiking,0,BUILD_BRIEF.md 3.2 refined visual-family rule
DNge033,spiking,ASSUMPTION,2,spiking,0,BUILD_BRIEF.md 3.2 refined visual-family rule
DNge034,spiking,ASSUMPTION,2,spiking,0,BUILD_BRIEF.md 3.2 refined visual-family rule
DNge035,spiking,ASSUMPTION,2,spiking,0,BUILD_BRIEF.md 3.2 refined visual-family rule
DNge036,spiking,ASSUMPTION,2,spiking,0,BUILD_BRIEF.md 3.2 refined visual-family rule
DNge037,spiking,ASSUMPTION,2,spiking,0,BUILD_BRIEF.md 3.2 refined visual-family rule
DNge038,spiking,ASSUMPTION,2,spiking,0,BUILD_BRIEF.md 3.2 refined visual-family rule
DNge039,spiking,ASSUMPTION,2,spiking,0,BUILD_BRIEF.md 3.2 refined visual-family rule
DNge040,spiking,ASSUMPTION,2,spiking,0,BUILD_BRIEF.md 3.2 refined visual-family rule
DNge041,spiking,ASSUMPTION,2,spiking,0,BUILD_BRIEF.md 3.2 refined visual-family rule
DNge042,spiking,ASSUMPTION,2,spiking,0,BUILD_BRIEF.md 3.2 refined visual-family rule
DNge043,spiking,ASSUMPTION,2,spiking,0,BUILD_BRIEF.md 3.2 refined visual-family rule
DNge044,spiking,ASSUMPTION,2,spiking,0,BUILD_BRIEF.md 3.2 refined visual-family rule
DNge045,spiking,ASSUMPTION,2,spiking,0,BUILD_BRIEF.md 3.2 refined visual-family rule
DNge046,spiking,ASSUMPTION,4,spiking,0,BUILD_BRIEF.md 3.2 refined visual-family rule
DNge047,spiking,ASSUMPTION,2,spiking,0,BUILD_BRIEF.md 3.2 refined visual-family rule
DNge048,spiking,ASSUMPTION,2,spiking,0,BUILD_BRIEF.md 3.2 refined visual-family rule
DNge049,spiking,ASSUMPTION,2,spiking,0,BUILD_BRIEF.md 3.2 refined visual-family rule
DNge050,spiking,ASSUMPTION,2,spiking,0,BUILD_BRIEF.md 3.2 refined visual-family rule
DNge051,spiking,ASSUMPTION,2,spiking,0,BUILD_BRIEF.md 3.2 refined visual-family rule
DNge052,spiking,ASSUMPTION,2,spiking,0,BUILD_BRIEF.md 3.2 refined visual-family rule
DNge053,spiking,ASSUMPTION,2,spiking,0,BUILD_BRIEF.md 3.2 refined visual-family rule
DNge054,spiking,ASSUMPTION,2,spiking,0,BUILD_BRIEF.md 3.2 refined visual-family rule
DNge055,spiking,ASSUMPTION,2,spiking,0,BUILD_BRIEF.md 3.2 refined visual-family rule
DNge056,spiking,ASSUMPTION,2,spiking,0,BUILD_BRIEF.md 3.2 refined visual-family rule
DNge057,spiking,ASSUMPTION,2,spiking,0,BUILD_BRIEF.md 3.2 refined visual-family rule
DNge058,spiking,ASSUMPTION,2,spiking,0,BUILD_BRIEF.md 3.2 refined visual-family rule
DNge059,spiking,ASSUMPTION,2,spiking,0,BUILD_BRIEF.md 3.2 refined visual-family rule
DNge060,spiking,ASSUMPTION,2,spiking,0,BUILD_BRIEF.md 3.2 refined visual-family rule
DNge061,spiking,ASSUMPTION,1,spiking,0,BUILD_BRIEF.md 3.2 refined visual-family rule
DNge062,spiking,ASSUMPTION,2,spiking,0,BUILD_BRIEF.md 3.2 refined visual-family rule
DNge063,spiking,ASSUMPTION,2,spiking,0,BUILD_BRIEF.md 3.2 refined visual-family rule
DNge064,spiking,ASSUMPTION,2,spiking,0,BUILD_BRIEF.md 3.2 refined visual-family rule
DNge065,spiking,ASSUMPTION,2,spiking,0,BUILD_BRIEF.md 3.2 refined visual-family rule
DNge067,spiking,ASSUMPTION,2,spiking,0,BUILD_BRIEF.md 3.2 refined visual-family rule
DNge068,spiking,ASSUMPTION,2,spiking,0,BUILD_BRIEF.md 3.2 refined visual-family rule
DNge069,spiking,ASSUMPTION,2,spiking,0,BUILD_BRIEF.md 3.2 refined visual-family rule
DNge070,spiking,ASSUMPTION,2,spiking,0,BUILD_BRIEF.md 3.2 refined visual-family rule
DNge071,spiking,ASSUMPTION,16,spiking,0,BUILD_BRIEF.md 3.2 refined visual-family rule
DNge072,spiking,ASSUMPTION,2,spiking,0,BUILD_BRIEF.md 3.2 refined visual-family rule
DNge073,spiking,ASSUMPTION,2,spiking,0,BUILD_BRIEF.md 3.2 refined visual-family rule
DNge074,spiking,ASSUMPTION,2,spiking,0,BUILD_BRIEF.md 3.2 refined visual-family rule
DNge075,spiking,ASSUMPTION,2,spiking,0,BUILD_BRIEF.md 3.2 refined visual-family rule
DNge076,spiking,ASSUMPTION,2,spiking,0,BUILD_BRIEF.md 3.2 refined visual-family rule
DNge077,spiking,ASSUMPTION,2,spiking,0,BUILD_BRIEF.md 3.2 refined visual-family rule
DNge078,spiking,ASSUMPTION,2,spiking,0,BUILD_BRIEF.md 3.2 refined visual-family rule
DNge079,spiking,ASSUMPTION,2,spiking,0,BUILD_BRIEF.md 3.2 refined visual-family rule
DNge080,spiking,ASSUMPTION,2,spiking,0,BUILD_BRIEF.md 3.2 refined visual-family rule
DNge081,spiking,ASSUMPTION,2,spiking,0,BUILD_BRIEF.md 3.2 refined visual-family rule
DNge082,spiking,ASSUMPTION,2,spiking,0,BUILD_BRIEF.md 3.2 refined visual-family rule
DNge083,spiking,ASSUMPTION,2,spiking,0,BUILD_BRIEF.md 3.2 refined visual-family rule
DNge084,spiking,ASSUMPTION,2,spiking,0,BUILD_BRIEF.md 3.2 refined visual-family rule
DNge085,spiking,ASSUMPTION,11,spiking,0,BUILD_BRIEF.md 3.2 refined visual-family rule
DNge086,spiking,ASSUMPTION,2,spiking,0,BUILD_BRIEF.md 3.2 refined visual-family rule
DNge087,spiking,ASSUMPTION,4,spiking,0,BUILD_BRIEF.md 3.2 refined visual-family rule
DNge088,spiking,ASSUMPTION,2,spiking,0,BUILD_BRIEF.md 3.2 refined visual-family rule
DNge089,spiking,ASSUMPTION,8,spiking,0,BUILD_BRIEF.md 3.2 refined visual-family rule
DNge090,spiking,ASSUMPTION,4,spiking,0,BUILD_BRIEF.md 3.2 refined visual-family rule
DNge091,spiking,ASSUMPTION,17,spiking,0,BUILD_BRIEF.md 3.2 refined visual-family rule
DNge092,spiking,ASSUMPTION,4,spiking,0,BUILD_BRIEF.md 3.2 refined visual-family rule
DNge093,spiking,ASSUMPTION,4,spiking,0,BUILD_BRIEF.md 3.2 refined visual-family rule
DNge094,spiking,ASSUMPTION,14,spiking,0,BUILD_BRIEF.md 3.2 refined visual-family rule
DNge095,spiking,ASSUMPTION,2,spiking,0,BUILD_BRIEF.md 3.2 refined visual-family rule
DNge096,spiking,ASSUMPTION,2,spiking,0,BUILD_BRIEF.md 3.2 refined visual-family rule
DNge097,spiking,ASSUMPTION,2,spiking,0,BUILD_BRIEF.md 3.2 refined visual-family rule
DNge098,spiking,ASSUMPTION,2,spiking,0,BUILD_BRIEF.md 3.2 refined visual-family rule
DNge099,spiking,ASSUMPTION,2,spiking,0,BUILD_BRIEF.md 3.2 refined visual-family rule
DNge100,spiking,ASSUMPTION,2,spiking,0,BUILD_BRIEF.md 3.2 refined visual-family rule
DNge101,spiking,ASSUMPTION,2,spiking,0,BUILD_BRIEF.md 3.2 refined visual-family rule
DNge102,spiking,ASSUMPTION,4,spiking,0,BUILD_BRIEF.md 3.2 refined visual-family rule
DNge103,spiking,ASSUMPTION,2,spiking,0,BUILD_BRIEF.md 3.2 refined visual-family rule
DNge104,spiking,ASSUMPTION,2,spiking,0,BUILD_BRIEF.md 3.2 refined visual-family rule
DNge105,spiking,ASSUMPTION,2,spiking,0,BUILD_BRIEF.md 3.2 refined visual-family rule
DNge106,spiking,ASSUMPTION,2,spiking,0,BUILD_BRIEF.md 3.2 refined visual-family rule
DNge107,spiking,ASSUMPTION,2,spiking,0,BUILD_BRIEF.md 3.2 refined visual-family rule
DNge108,spiking,ASSUMPTION,3,spiking,0,BUILD_BRIEF.md 3.2 refined visual-family rule
DNge109,spiking,ASSUMPTION,2,spiking,0,BUILD_BRIEF.md 3.2 refined visual-family rule
DNge110,spiking,ASSUMPTION,2,spiking,0,BUILD_BRIEF.md 3.2 refined visual-family rule
DNge111,spiking,ASSUMPTION,5,spiking,0,BUILD_BRIEF.md 3.2 refined visual-family rule
DNge112,spiking,ASSUMPTION,2,spiking,0,BUILD_BRIEF.md 3.2 refined visual-family rule
DNge113,spiking,ASSUMPTION,5,spiking,0,BUILD_BRIEF.md 3.2 refined visual-family rule
DNge114,spiking,ASSUMPTION,6,spiking,0,BUILD_BRIEF.md 3.2 refined visual-family rule
DNge115,spiking,ASSUMPTION,8,spiking,0,BUILD_BRIEF.md 3.2 refined visual-family rule
DNge116,spiking,ASSUMPTION,4,spiking,0,BUILD_BRIEF.md 3.2 refined visual-family rule
DNge117,spiking,ASSUMPTION,2,spiking,0,BUILD_BRIEF.md 3.2 refined visual-family rule
DNge118,spiking,ASSUMPTION,2,spiking,0,BUILD_BRIEF.md 3.2 refined visual-family rule
DNge119,spiking,ASSUMPTION,2,spiking,0,BUILD_BRIEF.md 3.2 refined visual-family rule
DNge120,spiking,ASSUMPTION,2,spiking,0,BUILD_BRIEF.md 3.2 refined visual-family rule
DNge121,spiking,ASSUMPTION,2,spiking,0,BUILD_BRIEF.md 3.2 refined visual-family rule
DNge122,spiking,ASSUMPTION,2,spiking,0,BUILD_BRIEF.md 3.2 refined visual-family rule
DNge123,spiking,ASSUMPTION,2,spiking,0,BUILD_BRIEF.md 3.2 refined visual-family rule
DNge124,spiking,ASSUMPTION,2,spiking,0,BUILD_BRIEF.md 3.2 refined visual-family rule
DNge125,spiking,ASSUMPTION,2,spiking,0,BUILD_BRIEF.md 3.2 refined visual-family rule
DNge126,spiking,ASSUMPTION,2,spiking,0,BUILD_BRIEF.md 3.2 refined visual-family rule
DNge127,spiking,ASSUMPTION,2,spiking,0,BUILD_BRIEF.md 3.2 refined visual-family rule
DNge128,spiking,ASSUMPTION,2,spiking,0,BUILD_BRIEF.md 3.2 refined visual-family rule
DNge129,spiking,ASSUMPTION,2,spiking,0,BUILD_BRIEF.md 3.2 refined visual-family rule
DNge130,spiking,ASSUMPTION,2,spiking,0,BUILD_BRIEF.md 3.2 refined visual-family rule
DNge131,spiking,ASSUMPTION,2,spiking,0,BUILD_BRIEF.md 3.2 refined visual-family rule
DNge132,spiking,ASSUMPTION,2,spiking,0,BUILD_BRIEF.md 3.2 refined visual-family rule
DNge133,spiking,ASSUMPTION,2,spiking,0,BUILD_BRIEF.md 3.2 refined visual-family rule
DNge134,spiking,ASSUMPTION,2,spiking,0,BUILD_BRIEF.md 3.2 refined visual-family rule
DNge135,spiking,ASSUMPTION,2,spiking,0,BUILD_BRIEF.md 3.2 refined visual-family rule
DNge136,spiking,ASSUMPTION,4,spiking,0,BUILD_BRIEF.md 3.2 refined visual-family rule
DNge137,spiking,ASSUMPTION,2,spiking,0,BUILD_BRIEF.md 3.2 refined visual-family rule
DNge138,spiking,ASSUMPTION,2,spiking,0,BUILD_BRIEF.md 3.2 refined visual-family rule
DNge139,spiking,ASSUMPTION,2,spiking,0,BUILD_BRIEF.md 3.2 refined visual-family rule
DNge140,spiking,ASSUMPTION,2,spiking,0,BUILD_BRIEF.md 3.2 refined visual-family rule
DNge141,spiking,ASSUMPTION,2,spiking,0,BUILD_BRIEF.md 3.2 refined visual-family rule
DNge142,spiking,ASSUMPTION,2,spiking,0,BUILD_BRIEF.md 3.2 refined visual-family rule
DNge143,spiking,ASSUMPTION,2,spiking,0,BUILD_BRIEF.md 3.2 refined visual-family rule
DNge144,spiking,ASSUMPTION,2,spiking,0,BUILD_BRIEF.md 3.2 refined visual-family rule
DNge145,spiking,ASSUMPTION,4,spiking,0,BUILD_BRIEF.md 3.2 refined visual-family rule
DNge146,spiking,ASSUMPTION,2,spiking,0,BUILD_BRIEF.md 3.2 refined visual-family rule
DNge147,spiking,ASSUMPTION,2,spiking,0,BUILD_BRIEF.md 3.2 refined visual-family rule
DNge148,spiking,ASSUMPTION,2,spiking,0,BUILD_BRIEF.md 3.2 refined visual-family rule
DNge149,spiking,ASSUMPTION,1,spiking,0,BUILD_BRIEF.md 3.2 refined visual-family rule
DNge150,spiking,ASSUMPTION,1,spiking,0,BUILD_BRIEF.md 3.2 refined visual-family rule
DNge151,spiking,ASSUMPTION,1,spiking,0,BUILD_BRIEF.md 3.2 refined visual-family rule
DNge152,spiking,ASSUMPTION,1,spiking,0,BUILD_BRIEF.md 3.2 refined visual-family rule
DNge154,spiking,ASSUMPTION,1,spiking,0,BUILD_BRIEF.md 3.2 refined visual-family rule
DNge156,spiking,ASSUMPTION,1,spiking,0,BUILD_BRIEF.md 3.2 refined visual-family rule
DNge172,spiking,ASSUMPTION,2,spiking,0,BUILD_BRIEF.md 3.2 refined visual-family rule
DNge173,spiking,ASSUMPTION,2,spiking,0,BUILD_BRIEF.md 3.2 refined visual-family rule
DNge174,spiking,ASSUMPTION,2,spiking,0,BUILD_BRIEF.md 3.2 refined visual-family rule
DNge175,spiking,ASSUMPTION,2,spiking,0,BUILD_BRIEF.md 3.2 refined visual-family rule
DNp01,spiking,ASSUMPTION,2,spiking,0,BUILD_BRIEF.md 3.2 refined visual-family rule
DNp02,spiking,ASSUMPTION,2,spiking,0,BUILD_BRIEF.md 3.2 refined visual-family rule
DNp03,spiking,ASSUMPTION,2,spiking,0,BUILD_BRIEF.md 3.2 refined visual-family rule
DNp04,spiking,ASSUMPTION,2,spiking,0,BUILD_BRIEF.md 3.2 refined visual-family rule
DNp05,spiking,ASSUMPTION,2,spiking,0,BUILD_BRIEF.md 3.2 refined visual-family rule
DNp06,spiking,ASSUMPTION,2,spiking,0,BUILD_BRIEF.md 3.2 refined visual-family rule
DNp07,spiking,ASSUMPTION,2,spiking,0,BUILD_BRIEF.md 3.2 refined visual-family rule
DNp08,spiking,ASSUMPTION,2,spiking,0,BUILD_BRIEF.md 3.2 refined visual-family rule
DNp09,spiking,ASSUMPTION,2,spiking,0,BUILD_BRIEF.md 3.2 refined visual-family rule
DNp10,spiking,ASSUMPTION,2,spiking,0,BUILD_BRIEF.md 3.2 refined visual-family rule
DNp101,spiking,ASSUMPTION,2,spiking,0,BUILD_BRIEF.md 3.2 refined visual-family rule
DNp102,spiking,ASSUMPTION,2,spiking,0,BUILD_BRIEF.md 3.2 refined visual-family rule
DNp103,spiking,ASSUMPTION,2,spiking,0,BUILD_BRIEF.md 3.2 refined visual-family rule
DNp104,spiking,ASSUMPTION,2,spiking,0,BUILD_BRIEF.md 3.2 refined visual-family rule
DNp11,spiking,ASSUMPTION,2,spiking,0,BUILD_BRIEF.md 3.2 refined visual-family rule
DNp12,spiking,ASSUMPTION,2,spiking,0,BUILD_BRIEF.md 3.2 refined visual-family rule
DNp13,spiking,ASSUMPTION,2,spiking,0,BUILD_BRIEF.md 3.2 refined visual-family rule
DNp14,spiking,ASSUMPTION,2,spiking,0,BUILD_BRIEF.md 3.2 refined visual-family rule
DNp15,spiking,ASSUMPTION,2,spiking,0,BUILD_BRIEF.md 3.2 refined visual-family rule
DNp16,spiking,ASSUMPTION,4,spiking,0,BUILD_BRIEF.md 3.2 refined visual-family rule
DNp17,spiking,ASSUMPTION,12,spiking,0,BUILD_BRIEF.md 3.2 refined visual-family rule
DNp18,spiking,ASSUMPTION,2,spiking,0,BUILD_BRIEF.md 3.2 refined visual-family rule
DNp19,spiking,ASSUMPTION,2,spiking,0,BUILD_BRIEF.md 3.2 refined visual-family rule
DNp20,spiking,ASSUMPTION,2,spiking,0,BUILD_BRIEF.md 3.2 refined visual-family rule
DNp22,spiking,ASSUMPTION,2,spiking,0,BUILD_BRIEF.md 3.2 refined visual-family rule
DNp23,spiking,ASSUMPTION,2,spiking,0,BUILD_BRIEF.md 3.2 refined visual-family rule
DNp24,spiking,ASSUMPTION,2,spiking,0,BUILD_BRIEF.md 3.2 refined visual-family rule
DNp25,spiking,ASSUMPTION,2,spiking,0,BUILD_BRIEF.md 3.2 refined visual-family rule
DNp26,spiking,ASSUMPTION,2,spiking,0,BUILD_BRIEF.md 3.2 refined visual-family rule
DNp27,spiking,ASSUMPTION,2,spiking,0,BUILD_BRIEF.md 3.2 refined visual-family rule
DNp28,spiking,ASSUMPTION,2,spiking,0,BUILD_BRIEF.md 3.2 refined visual-family rule
DNp29,spiking,ASSUMPTION,2,spiking,0,BUILD_BRIEF.md 3.2 refined visual-family rule
DNp30,spiking,ASSUMPTION,2,spiking,0,BUILD_BRIEF.md 3.2 refined visual-family rule
DNp31,spiking,ASSUMPTION,2,spiking,0,BUILD_BRIEF.md 3.2 refined visual-family rule
DNp32,spiking,ASSUMPTION,2,spiking,0,BUILD_BRIEF.md 3.2 refined visual-family rule
DNp33,spiking,ASSUMPTION,2,spiking,0,BUILD_BRIEF.md 3.2 refined visual-family rule
DNp34,spiking,ASSUMPTION,2,spiking,0,BUILD_BRIEF.md 3.2 refined visual-family rule
DNp35,spiking,ASSUMPTION,2,spiking,0,BUILD_BRIEF.md 3.2 refined visual-family rule
DNp36,spiking,ASSUMPTION,2,spiking,0,BUILD_BRIEF.md 3.2 refined visual-family rule
DNp37,spiking,ASSUMPTION,2,spiking,0,BUILD_BRIEF.md 3.2 refined visual-family rule
DNp38,spiking,ASSUMPTION,2,spiking,0,BUILD_BRIEF.md 3.2 refined visual-family rule
DNp39,spiking,ASSUMPTION,2,spiking,0,BUILD_BRIEF.md 3.2 refined visual-family rule
DNp40,spiking,ASSUMPTION,2,spiking,0,BUILD_BRIEF.md 3.2 refined visual-family rule
DNp41,spiking,ASSUMPTION,4,spiking,0,BUILD_BRIEF.md 3.2 refined visual-family rule
DNp42,spiking,ASSUMPTION,2,spiking,0,BUILD_BRIEF.md 3.2 refined visual-family rule
DNp43,spiking,ASSUMPTION,2,spiking,0,BUILD_BRIEF.md 3.2 refined visual-family rule
DNp44,spiking,ASSUMPTION,2,spiking,0,BUILD_BRIEF.md 3.2 refined visual-family rule
DNp45,spiking,ASSUMPTION,2,spiking,0,BUILD_BRIEF.md 3.2 refined visual-family rule
DNp46,spiking,ASSUMPTION,2,spiking,0,BUILD_BRIEF.md 3.2 refined visual-family rule
DNp47,spiking,ASSUMPTION,2,spiking,0,BUILD_BRIEF.md 3.2 refined visual-family rule
DNp48,spiking,ASSUMPTION,2,spiking,0,BUILD_BRIEF.md 3.2 refined visual-family rule
DNp49,spiking,ASSUMPTION,2,spiking,0,BUILD_BRIEF.md 3.2 refined visual-family rule
DNp51,spiking,ASSUMPTION,2,spiking,0,BUILD_BRIEF.md 3.2 refined visual-family rule
DNp52,spiking,ASSUMPTION,2,spiking,0,BUILD_BRIEF.md 3.2 refined visual-family rule
DNp53,spiking,ASSUMPTION,2,spiking,0,BUILD_BRIEF.md 3.2 refined visual-family rule
DNp54,spiking,ASSUMPTION,2,spiking,0,BUILD_BRIEF.md 3.2 refined visual-family rule
DNp55,spiking,ASSUMPTION,2,spiking,0,BUILD_BRIEF.md 3.2 refined visual-family rule
DNp56,spiking,ASSUMPTION,2,spiking,0,BUILD_BRIEF.md 3.2 refined visual-family rule
DNp57,spiking,ASSUMPTION,2,spiking,0,BUILD_BRIEF.md 3.2 refined visual-family rule
DNp58,spiking,ASSUMPTION,2,spiking,0,BUILD_BRIEF.md 3.2 refined visual-family rule
DNp59,spiking,ASSUMPTION,2,spiking,0,BUILD_BRIEF.md 3.2 refined visual-family rule
DNp60,spiking,ASSUMPTION,2,spiking,0,BUILD_BRIEF.md 3.2 refined visual-family rule
DNp62,spiking,ASSUMPTION,2,spiking,0,BUILD_BRIEF.md 3.2 refined visual-family rule
DNp63,spiking,ASSUMPTION,2,spiking,0,BUILD_BRIEF.md 3.2 refined visual-family rule
DNp64,spiking,ASSUMPTION,2,spiking,0,BUILD_BRIEF.md 3.2 refined visual-family rule
DNp65,spiking,ASSUMPTION,2,spiking,0,BUILD_BRIEF.md 3.2 refined visual-family rule
DNp66,spiking,ASSUMPTION,2,spiking,0,BUILD_BRIEF.md 3.2 refined visual-family rule
DNp67,spiking,ASSUMPTION,2,spiking,0,BUILD_BRIEF.md 3.2 refined visual-family rule
DNp68,spiking,ASSUMPTION,2,spiking,0,BUILD_BRIEF.md 3.2 refined visual-family rule
DNp69,spiking,ASSUMPTION,2,spiking,0,BUILD_BRIEF.md 3.2 refined visual-family rule
DNp70,spiking,ASSUMPTION,2,spiking,0,BUILD_BRIEF.md 3.2 refined visual-family rule
DNp71,spiking,ASSUMPTION,2,spiking,0,BUILD_BRIEF.md 3.2 refined visual-family rule
DNp72,spiking,ASSUMPTION,1,spiking,0,BUILD_BRIEF.md 3.2 refined visual-family rule
DNp73,spiking,ASSUMPTION,2,spiking,0,BUILD_BRIEF.md 3.2 refined visual-family rule
DNpe001,spiking,ASSUMPTION,2,spiking,0,BUILD_BRIEF.md 3.2 refined visual-family rule
DNpe002,spiking,ASSUMPTION,2,spiking,0,BUILD_BRIEF.md 3.2 refined visual-family rule
DNpe003,spiking,ASSUMPTION,4,spiking,0,BUILD_BRIEF.md 3.2 refined visual-family rule
DNpe004,spiking,ASSUMPTION,2,spiking,0,BUILD_BRIEF.md 3.2 refined visual-family rule
DNpe005,spiking,ASSUMPTION,2,spiking,0,BUILD_BRIEF.md 3.2 refined visual-family rule
DNpe006,spiking,ASSUMPTION,2,spiking,0,BUILD_BRIEF.md 3.2 refined visual-family rule
DNpe007,spiking,ASSUMPTION,2,spiking,0,BUILD_BRIEF.md 3.2 refined visual-family rule
DNpe008,spiking,ASSUMPTION,18,spiking,0,BUILD_BRIEF.md 3.2 refined visual-family rule
DNpe009,spiking,ASSUMPTION,8,spiking,0,BUILD_BRIEF.md 3.2 refined visual-family rule
DNpe010,spiking,ASSUMPTION,2,spiking,0,BUILD_BRIEF.md 3.2 refined visual-family rule
DNpe011,spiking,ASSUMPTION,7,spiking,0,BUILD_BRIEF.md 3.2 refined visual-family rule
DNpe012,spiking,ASSUMPTION,8,spiking,0,BUILD_BRIEF.md 3.2 refined visual-family rule
DNpe013,spiking,ASSUMPTION,2,spiking,0,BUILD_BRIEF.md 3.2 refined visual-family rule
DNpe014,spiking,ASSUMPTION,4,spiking,0,BUILD_BRIEF.md 3.2 refined visual-family rule
DNpe015,spiking,ASSUMPTION,10,spiking,0,BUILD_BRIEF.md 3.2 refined visual-family rule
DNpe016,spiking,ASSUMPTION,2,spiking,0,BUILD_BRIEF.md 3.2 refined visual-family rule
DNpe017,spiking,ASSUMPTION,2,spiking,0,BUILD_BRIEF.md 3.2 refined visual-family rule
DNpe018,spiking,ASSUMPTION,2,spiking,0,BUILD_BRIEF.md 3.2 refined visual-family rule
DNpe019,spiking,ASSUMPTION,2,spiking,0,BUILD_BRIEF.md 3.2 refined visual-family rule
DNpe020,spiking,ASSUMPTION,2,spiking,0,BUILD_BRIEF.md 3.2 refined visual-family rule
DNpe021,spiking,ASSUMPTION,2,spiking,0,BUILD_BRIEF.md 3.2 refined visual-family rule
DNpe022,spiking,ASSUMPTION,2,spiking,0,BUILD_BRIEF.md 3.2 refined visual-family rule
DNpe023,spiking,ASSUMPTION,2,spiking,0,BUILD_BRIEF.md 3.2 refined visual-family rule
DNpe024,spiking,ASSUMPTION,2,spiking,0,BUILD_BRIEF.md 3.2 refined visual-family rule
DNpe025,spiking,ASSUMPTION,2,spiking,0,BUILD_BRIEF.md 3.2 refined visual-family rule
DNpe026,spiking,ASSUMPTION,2,spiking,0,BUILD_BRIEF.md 3.2 refined visual-family rule
DNpe027,spiking,ASSUMPTION,2,spiking,0,BUILD_BRIEF.md 3.2 refined visual-family rule
DNpe028,spiking,ASSUMPTION,2,spiking,0,BUILD_BRIEF.md 3.2 refined visual-family rule
DNpe029,spiking,ASSUMPTION,4,spiking,0,BUILD_BRIEF.md 3.2 refined visual-family rule
DNpe030,spiking,ASSUMPTION,2,spiking,0,BUILD_BRIEF.md 3.2 refined visual-family rule
DNpe031,spiking,ASSUMPTION,4,spiking,0,BUILD_BRIEF.md 3.2 refined visual-family rule
DNpe032,spiking,ASSUMPTION,2,spiking,0,BUILD_BRIEF.md 3.2 refined visual-family rule
DNpe033,spiking,ASSUMPTION,2,spiking,0,BUILD_BRIEF.md 3.2 refined visual-family rule
DNpe034,spiking,ASSUMPTION,2,spiking,0,BUILD_BRIEF.md 3.2 refined visual-family rule
DNpe035,spiking,ASSUMPTION,2,spiking,0,BUILD_BRIEF.md 3.2 refined visual-family rule
DNpe036,spiking,ASSUMPTION,2,spiking,0,BUILD_BRIEF.md 3.2 refined visual-family rule
DNpe037,spiking,ASSUMPTION,2,spiking,0,BUILD_BRIEF.md 3.2 refined visual-family rule
DNpe038,spiking,ASSUMPTION,2,spiking,0,BUILD_BRIEF.md 3.2 refined visual-family rule
DNpe039,spiking,ASSUMPTION,2,spiking,0,BUILD_BRIEF.md 3.2 refined visual-family rule
DNpe040,spiking,ASSUMPTION,2,spiking,0,BUILD_BRIEF.md 3.2 refined visual-family rule
DNpe041,spiking,ASSUMPTION,2,spiking,0,BUILD_BRIEF.md 3.2 refined visual-family rule
DNpe042,spiking,ASSUMPTION,2,spiking,0,BUILD_BRIEF.md 3.2 refined visual-family rule
DNpe043,spiking,ASSUMPTION,2,spiking,0,BUILD_BRIEF.md 3.2 refined visual-family rule
DNpe044,spiking,ASSUMPTION,2,spiking,0,BUILD_BRIEF.md 3.2 refined visual-family rule
DNpe045,spiking,ASSUMPTION,2,spiking,0,BUILD_BRIEF.md 3.2 refined visual-family rule
DNpe046,spiking,ASSUMPTION,2,spiking,0,BUILD_BRIEF.md 3.2 refined visual-family rule
DNpe047,spiking,ASSUMPTION,2,spiking,0,BUILD_BRIEF.md 3.2 refined visual-family rule
DNpe048,spiking,ASSUMPTION,2,spiking,0,BUILD_BRIEF.md 3.2 refined visual-family rule
DNpe049,spiking,ASSUMPTION,2,spiking,0,BUILD_BRIEF.md 3.2 refined visual-family rule
DNpe050,spiking,ASSUMPTION,2,spiking,0,BUILD_BRIEF.md 3.2 refined visual-family rule
DNpe052,spiking,ASSUMPTION,2,spiking,0,BUILD_BRIEF.md 3.2 refined visual-family rule
DNpe053,spiking,ASSUMPTION,2,spiking,0,BUILD_BRIEF.md 3.2 refined visual-family rule
DNpe054,spiking,ASSUMPTION,8,spiking,0,BUILD_BRIEF.md 3.2 refined visual-family rule
DNpe055,spiking,ASSUMPTION,2,spiking,0,BUILD_BRIEF.md 3.2 refined visual-family rule
DNpe056,spiking,ASSUMPTION,2,spiking,0,BUILD_BRIEF.md 3.2 refined visual-family rule
DNx01,spiking,ASSUMPTION,2,spiking,0,BUILD_BRIEF.md 3.2 refined visual-family rule
DNx02,spiking,ASSUMPTION,3,spiking,0,BUILD_BRIEF.md 3.2 refined visual-family rule
DNxl114,spiking,ASSUMPTION,1,spiking,0,BUILD_BRIEF.md 3.2 refined visual-family rule
DP1l_adPN,spiking,ASSUMPTION,2,spiking,0,BUILD_BRIEF.md 3.2 refined visual-family rule
DP1l_vPN,spiking,ASSUMPTION,2,spiking,0,BUILD_BRIEF.md 3.2 refined visual-family rule
DP1m_adPN,spiking,ASSUMPTION,2,spiking,0,BUILD_BRIEF.md 3.2 refined visual-family rule
DP1m_vPN,spiking,ASSUMPTION,4,spiking,0,BUILD_BRIEF.md 3.2 refined visual-family rule
DPM,spiking,ASSUMPTION,2,spiking,0,BUILD_BRIEF.md 3.2 refined visual-family rule
DSKMP3,spiking,ASSUMPTION,4,spiking,0,BUILD_BRIEF.md 3.2 refined visual-family rule
D_adPN,spiking,ASSUMPTION,6,spiking,0,BUILD_BRIEF.md 3.2 refined visual-family rule
Delta7,spiking,ASSUMPTION,42,spiking,0,BUILD_BRIEF.md 3.2 refined visual-family rule
Dm1,graded,ASSUMPTION,73,graded,73,BUILD_BRIEF.md 3.2 refined visual-family rule
Dm10,graded,ASSUMPTION,503,graded,503,BUILD_BRIEF.md 3.2 refined visual-family rule
Dm11,graded,ASSUMPTION,131,graded,131,BUILD_BRIEF.md 3.2 refined visual-family rule
Dm12,graded,ASSUMPTION,216,graded,216,BUILD_BRIEF.md 3.2 refined visual-family rule
Dm13,graded,ASSUMPTION,49,graded,49,BUILD_BRIEF.md 3.2 refined visual-family rule
Dm14,graded,ASSUMPTION,28,graded,28,BUILD_BRIEF.md 3.2 refined visual-family rule
Dm15,graded,ASSUMPTION,399,graded,399,BUILD_BRIEF.md 3.2 refined visual-family rule
Dm16,graded,ASSUMPTION,93,graded,93,BUILD_BRIEF.md 3.2 refined visual-family rule
Dm17,graded,ASSUMPTION,8,graded,8,BUILD_BRIEF.md 3.2 refined visual-family rule
Dm18,graded,ASSUMPTION,49,graded,49,BUILD_BRIEF.md 3.2 refined visual-family rule
Dm19,graded,ASSUMPTION,27,graded,27,BUILD_BRIEF.md 3.2 refined visual-family rule
Dm2,graded,ASSUMPTION,1221,graded,1221,BUILD_BRIEF.md 3.2 refined visual-family rule
Dm20,graded,ASSUMPTION,95,graded,95,BUILD_BRIEF.md 3.2 refined visual-family rule
Dm3p,graded,ASSUMPTION,1006,graded,1006,BUILD_BRIEF.md 3.2 refined visual-family rule
Dm3q,graded,ASSUMPTION,901,graded,901,BUILD_BRIEF.md 3.2 refined visual-family rule
Dm3v,graded,ASSUMPTION,641,graded,641,BUILD_BRIEF.md 3.2 refined visual-family rule
Dm4,graded,ASSUMPTION,77,graded,77,BUILD_BRIEF.md 3.2 refined visual-family rule
Dm6,graded,ASSUMPTION,63,graded,63,BUILD_BRIEF.md 3.2 refined visual-family rule
Dm8,graded,ASSUMPTION,1,graded,1,BUILD_BRIEF.md 3.2 refined visual-family rule
Dm9,graded,ASSUMPTION,204,graded,204,BUILD_BRIEF.md 3.2 refined visual-family rule
DmDRA1,graded,ASSUMPTION,47,graded,47,BUILD_BRIEF.md 3.2 refined visual-family rule
DmDRA2,graded,ASSUMPTION,24,graded,24,BUILD_BRIEF.md 3.2 refined visual-family rule
EL,spiking,ASSUMPTION,17,spiking,0,BUILD_BRIEF.md 3.2 refined visual-family rule
ENS1,spiking,ASSUMPTION,10,spiking,0,BUILD_BRIEF.md 3.2 refined visual-family rule
ENS2,spiking,ASSUMPTION,10,spiking,0,BUILD_BRIEF.md 3.2 refined visual-family rule
ENS3,spiking,ASSUMPTION,29,spiking,0,BUILD_BRIEF.md 3.2 refined visual-family rule
ENS4,spiking,ASSUMPTION,12,spiking,0,BUILD_BRIEF.md 3.2 refined visual-family rule
ENS5,spiking,ASSUMPTION,18,spiking,0,BUILD_BRIEF.md 3.2 refined visual-family rule
EPG,spiking,ASSUMPTION,47,spiking,0,BUILD_BRIEF.md 3.2 refined visual-family rule
EPGt,spiking,ASSUMPTION,4,spiking,0,BUILD_BRIEF.md 3.2 refined visual-family rule
ER1,spiking,ASSUMPTION,29,spiking,0,BUILD_BRIEF.md 3.2 refined visual-family rule
ER2,spiking,ASSUMPTION,43,spiking,0,BUILD_BRIEF.md 3.2 refined visual-family rule
"ER3a_a,ER3a_d",spiking,ASSUMPTION,23,spiking,0,BUILD_BRIEF.md 3.2 refined visual-family rule
"ER3a_b,ER3a_c",spiking,ASSUMPTION,14,spiking,0,BUILD_BRIEF.md 3.2 refined visual-family rule
ER3d,spiking,ASSUMPTION,47,spiking,0,BUILD_BRIEF.md 3.2 refined visual-family rule
ER3m,spiking,ASSUMPTION,15,spiking,0,BUILD_BRIEF.md 3.2 refined visual-family rule
ER3p_a,spiking,ASSUMPTION,17,spiking,0,BUILD_BRIEF.md 3.2 refined visual-family rule
ER3p_b,spiking,ASSUMPTION,5,spiking,0,BUILD_BRIEF.md 3.2 refined visual-family rule
ER3w,spiking,ASSUMPTION,25,spiking,0,BUILD_BRIEF.md 3.2 refined visual-family rule
ER4d,spiking,ASSUMPTION,24,spiking,0,BUILD_BRIEF.md 3.2 refined visual-family rule
ER4m,spiking,ASSUMPTION,11,spiking,0,BUILD_BRIEF.md 3.2 refined visual-family rule
ER5,spiking,ASSUMPTION,21,spiking,0,BUILD_BRIEF.md 3.2 refined visual-family rule
ER6,spiking,ASSUMPTION,4,spiking,0,BUILD_BRIEF.md 3.2 refined visual-family rule
ExR1,spiking,ASSUMPTION,4,spiking,0,BUILD_BRIEF.md 3.2 refined visual-family rule
ExR2_1,spiking,ASSUMPTION,2,spiking,0,BUILD_BRIEF.md 3.2 refined visual-family rule
ExR2_2,spiking,ASSUMPTION,2,spiking,0,BUILD_BRIEF.md 3.2 refined visual-family rule
ExR3,spiking,ASSUMPTION,2,spiking,0,BUILD_BRIEF.md 3.2 refined visual-family rule
ExR4,spiking,ASSUMPTION,2,spiking,0,BUILD_BRIEF.md 3.2 refined visual-family rule
ExR5,spiking,ASSUMPTION,4,spiking,0,BUILD_BRIEF.md 3.2 refined visual-family rule
ExR6,spiking,ASSUMPTION,2,spiking,0,BUILD_BRIEF.md 3.2 refined visual-family rule
ExR7,spiking,ASSUMPTION,4,spiking,0,BUILD_BRIEF.md 3.2 refined visual-family rule
ExR8,spiking,ASSUMPTION,4,spiking,0,BUILD_BRIEF.md 3.2 refined visual-family rule
FB1A,spiking,ASSUMPTION,4,spiking,0,BUILD_BRIEF.md 3.2 refined visual-family rule
FB1B,spiking,ASSUMPTION,7,spiking,0,BUILD_BRIEF.md 3.2 refined visual-family rule
FB1C,spiking,ASSUMPTION,4,spiking,0,BUILD_BRIEF.md 3.2 refined visual-family rule
FB1D,spiking,ASSUMPTION,6,spiking,0,BUILD_BRIEF.md 3.2 refined visual-family rule
FB1E,spiking,ASSUMPTION,4,spiking,0,BUILD_BRIEF.md 3.2 refined visual-family rule
FB1F,spiking,ASSUMPTION,2,spiking,0,BUILD_BRIEF.md 3.2 refined visual-family rule
FB1G,spiking,ASSUMPTION,2,spiking,0,BUILD_BRIEF.md 3.2 refined visual-family rule
FB1H,spiking,ASSUMPTION,2,spiking,0,BUILD_BRIEF.md 3.2 refined visual-family rule
"FB1I,FB1J",spiking,ASSUMPTION,4,spiking,0,BUILD_BRIEF.md 3.2 refined visual-family rule
FB2A,spiking,ASSUMPTION,6,spiking,0,BUILD_BRIEF.md 3.2 refined visual-family rule
FB2B,spiking,ASSUMPTION,4,spiking,0,BUILD_BRIEF.md 3.2 refined visual-family rule
FB2B_b,spiking,ASSUMPTION,4,spiking,0,BUILD_BRIEF.md 3.2 refined visual-family rule
FB2C,spiking,ASSUMPTION,6,spiking,0,BUILD_BRIEF.md 3.2 refined visual-family rule
FB2D,spiking,ASSUMPTION,5,spiking,0,BUILD_BRIEF.md 3.2 refined visual-family rule
FB2E,spiking,ASSUMPTION,2,spiking,0,BUILD_BRIEF.md 3.2 refined visual-family rule
FB2F_b,spiking,ASSUMPTION,4,spiking,0,BUILD_BRIEF.md 3.2 refined visual-family rule
FB2F_c,spiking,ASSUMPTION,4,spiking,0,BUILD_BRIEF.md 3.2 refined visual-family rule
FB2F_d,spiking,ASSUMPTION,2,spiking,0,BUILD_BRIEF.md 3.2 refined visual-family rule
FB2G,spiking,ASSUMPTION,4,spiking,0,BUILD_BRIEF.md 3.2 refined visual-family rule
FB2G_a,spiking,ASSUMPTION,2,spiking,0,BUILD_BRIEF.md 3.2 refined visual-family rule
"FB2H_a,FB2I_b",spiking,ASSUMPTION,4,spiking,0,BUILD_BRIEF.md 3.2 refined visual-family rule
FB2H_b,spiking,ASSUMPTION,2,spiking,0,BUILD_BRIEF.md 3.2 refined visual-family rule
FB2I_a,spiking,ASSUMPTION,11,spiking,0,BUILD_BRIEF.md 3.2 refined visual-family rule
"FB2J_a,FB2J_c",spiking,ASSUMPTION,5,spiking,0,BUILD_BRIEF.md 3.2 refined visual-family rule
FB2J_b,spiking,ASSUMPTION,2,spiking,0,BUILD_BRIEF.md 3.2 refined visual-family rule
FB2K,spiking,ASSUMPTION,6,spiking,0,BUILD_BRIEF.md 3.2 refined visual-family rule
FB2L,spiking,ASSUMPTION,2,spiking,0,BUILD_BRIEF.md 3.2 refined visual-family rule
FB2M,spiking,ASSUMPTION,6,spiking,0,BUILD_BRIEF.md 3.2 refined visual-family rule
FB3A,spiking,ASSUMPTION,4,spiking,0,BUILD_BRIEF.md 3.2 refined visual-family rule
"FB3B,FB3C,FB3E",spiking,ASSUMPTION,14,spiking,0,BUILD_BRIEF.md 3.2 refined visual-family rule
FB3D,spiking,ASSUMPTION,2,spiking,0,BUILD_BRIEF.md 3.2 refined visual-family rule
FB4A,spiking,ASSUMPTION,8,spiking,0,BUILD_BRIEF.md 3.2 refined visual-family rule
FB4B,spiking,ASSUMPTION,2,spiking,0,BUILD_BRIEF.md 3.2 refined visual-family rule
FB4C,spiking,ASSUMPTION,2,spiking,0,BUILD_BRIEF.md 3.2 refined visual-family rule
FB4D,spiking,ASSUMPTION,6,spiking,0,BUILD_BRIEF.md 3.2 refined visual-family rule
FB4E,spiking,ASSUMPTION,8,spiking,0,BUILD_BRIEF.md 3.2 refined visual-family rule
FB4F,spiking,ASSUMPTION,1,spiking,0,BUILD_BRIEF.md 3.2 refined visual-family rule
"FB4F_a,FB4F_b,FB4F_c",spiking,ASSUMPTION,9,spiking,0,BUILD_BRIEF.md 3.2 refined visual-family rule
FB4G,spiking,ASSUMPTION,2,spiking,0,BUILD_BRIEF.md 3.2 refined visual-family rule
FB4H,spiking,ASSUMPTION,2,spiking,0,BUILD_BRIEF.md 3.2 refined visual-family rule
FB4I,spiking,ASSUMPTION,2,spiking,0,BUILD_BRIEF.md 3.2 refined visual-family rule
FB4J,spiking,ASSUMPTION,2,spiking,0,BUILD_BRIEF.md 3.2 refined visual-family rule
FB4K,spiking,ASSUMPTION,4,spiking,0,BUILD_BRIEF.md 3.2 refined visual-family rule
FB4L,spiking,ASSUMPTION,4,spiking,0,BUILD_BRIEF.md 3.2 refined visual-family rule
FB4M,spiking,ASSUMPTION,4,spiking,0,BUILD_BRIEF.md 3.2 refined visual-family rule
FB4N,spiking,ASSUMPTION,2,spiking,0,BUILD_BRIEF.md 3.2 refined visual-family rule
FB4O,spiking,ASSUMPTION,8,spiking,0,BUILD_BRIEF.md 3.2 refined visual-family rule
"FB4P,FB4Q",spiking,ASSUMPTION,7,spiking,0,BUILD_BRIEF.md 3.2 refined visual-family rule
FB4P_a,spiking,ASSUMPTION,4,spiking,0,BUILD_BRIEF.md 3.2 refined visual-family rule
FB4Q_b,spiking,ASSUMPTION,4,spiking,0,BUILD_BRIEF.md 3.2 refined visual-family rule
FB4R,spiking,ASSUMPTION,4,spiking,0,BUILD_BRIEF.md 3.2 refined visual-family rule
FB4X,spiking,ASSUMPTION,2,spiking,0,BUILD_BRIEF.md 3.2 refined visual-family rule
FB4Y,spiking,ASSUMPTION,6,spiking,0,BUILD_BRIEF.md 3.2 refined visual-family rule
FB4Z,spiking,ASSUMPTION,16,spiking,0,BUILD_BRIEF.md 3.2 refined visual-family rule
FB4_unclear,spiking,ASSUMPTION,2,spiking,0,BUILD_BRIEF.md 3.2 refined visual-family rule
FB5A,spiking,ASSUMPTION,4,spiking,0,BUILD_BRIEF.md 3.2 refined visual-family rule
FB5AA,spiking,ASSUMPTION,2,spiking,0,BUILD_BRIEF.md 3.2 refined visual-family rule
FB5AB,spiking,ASSUMPTION,2,spiking,0,BUILD_BRIEF.md 3.2 refined visual-family rule
FB5B,spiking,ASSUMPTION,6,spiking,0,BUILD_BRIEF.md 3.2 refined visual-family rule
FB5C,spiking,ASSUMPTION,3,spiking,0,BUILD_BRIEF.md 3.2 refined visual-family rule
"FB5D,FB5E",spiking,ASSUMPTION,3,spiking,0,BUILD_BRIEF.md 3.2 refined visual-family rule
FB5F,spiking,ASSUMPTION,2,spiking,0,BUILD_BRIEF.md 3.2 refined visual-family rule
FB5G,spiking,ASSUMPTION,6,spiking,0,BUILD_BRIEF.md 3.2 refined visual-family rule
FB5H,spiking,ASSUMPTION,2,spiking,0,BUILD_BRIEF.md 3.2 refined visual-family rule
FB5I,spiking,ASSUMPTION,2,spiking,0,BUILD_BRIEF.md 3.2 refined visual-family rule
FB5J,spiking,ASSUMPTION,2,spiking,0,BUILD_BRIEF.md 3.2 refined visual-family rule
FB5K,spiking,ASSUMPTION,2,spiking,0,BUILD_BRIEF.md 3.2 refined visual-family rule
FB5L,spiking,ASSUMPTION,3,spiking,0,BUILD_BRIEF.md 3.2 refined visual-family rule
FB5M,spiking,ASSUMPTION,2,spiking,0,BUILD_BRIEF.md 3.2 refined visual-family rule
FB5N,spiking,ASSUMPTION,2,spiking,0,BUILD_BRIEF.md 3.2 refined visual-family rule
FB5O,spiking,ASSUMPTION,3,spiking,0,BUILD_BRIEF.md 3.2 refined visual-family rule
"FB5P,FB5T",spiking,ASSUMPTION,6,spiking,0,BUILD_BRIEF.md 3.2 refined visual-family rule
FB5Q,spiking,ASSUMPTION,4,spiking,0,BUILD_BRIEF.md 3.2 refined visual-family rule
"FB5R,FB5U",spiking,ASSUMPTION,11,spiking,0,BUILD_BRIEF.md 3.2 refined visual-family rule
FB5S,spiking,ASSUMPTION,6,spiking,0,BUILD_BRIEF.md 3.2 refined visual-family rule
FB5V,spiking,ASSUMPTION,20,spiking,0,BUILD_BRIEF.md 3.2 refined visual-family rule
FB5W,spiking,ASSUMPTION,6,spiking,0,BUILD_BRIEF.md 3.2 refined visual-family rule
FB5X,spiking,ASSUMPTION,6,spiking,0,BUILD_BRIEF.md 3.2 refined visual-family rule
FB5Y,spiking,ASSUMPTION,4,spiking,0,BUILD_BRIEF.md 3.2 refined visual-family rule
FB5Z,spiking,ASSUMPTION,4,spiking,0,BUILD_BRIEF.md 3.2 refined visual-family rule
"FB6,FB6J",spiking,ASSUMPTION,9,spiking,0,BUILD_BRIEF.md 3.2 refined visual-family rule
FB6A,spiking,ASSUMPTION,4,spiking,0,BUILD_BRIEF.md 3.2 refined visual-family rule
FB6A_c,spiking,ASSUMPTION,2,spiking,0,BUILD_BRIEF.md 3.2 refined visual-family rule
FB6B,spiking,ASSUMPTION,4,spiking,0,BUILD_BRIEF.md 3.2 refined visual-family rule
FB6C,spiking,ASSUMPTION,9,spiking,0,BUILD_BRIEF.md 3.2 refined visual-family rule
FB6D,spiking,ASSUMPTION,2,spiking,0,BUILD_BRIEF.md 3.2 refined visual-family rule
FB6E,spiking,ASSUMPTION,2,spiking,0,BUILD_BRIEF.md 3.2 refined visual-family rule
FB6F,spiking,ASSUMPTION,2,spiking,0,BUILD_BRIEF.md 3.2 refined visual-family rule
FB6G,spiking,ASSUMPTION,2,spiking,0,BUILD_BRIEF.md 3.2 refined visual-family rule
FB6H,spiking,ASSUMPTION,2,spiking,0,BUILD_BRIEF.md 3.2 refined visual-family rule
FB6I,spiking,ASSUMPTION,2,spiking,0,BUILD_BRIEF.md 3.2 refined visual-family rule
FB6K,spiking,ASSUMPTION,4,spiking,0,BUILD_BRIEF.md 3.2 refined visual-family rule
FB6L,spiking,ASSUMPTION,1,spiking,0,BUILD_BRIEF.md 3.2 refined visual-family rule
FB6M,spiking,ASSUMPTION,4,spiking,0,BUILD_BRIEF.md 3.2 refined visual-family rule
FB6N,spiking,ASSUMPTION,2,spiking,0,BUILD_BRIEF.md 3.2 refined visual-family rule
FB6O,spiking,ASSUMPTION,2,spiking,0,BUILD_BRIEF.md 3.2 refined visual-family rule
FB6P,spiking,ASSUMPTION,2,spiking,0,BUILD_BRIEF.md 3.2 refined visual-family rule
FB6Q,spiking,ASSUMPTION,2,spiking,0,BUILD_BRIEF.md 3.2 refined visual-family rule
FB6R,spiking,ASSUMPTION,4,spiking,0,BUILD_BRIEF.md 3.2 refined visual-family rule
FB6S,spiking,ASSUMPTION,6,spiking,0,BUILD_BRIEF.md 3.2 refined visual-family rule
FB6T,spiking,ASSUMPTION,4,spiking,0,BUILD_BRIEF.md 3.2 refined visual-family rule
FB6U,spiking,ASSUMPTION,3,spiking,0,BUILD_BRIEF.md 3.2 refined visual-family rule
FB6V,spiking,ASSUMPTION,2,spiking,0,BUILD_BRIEF.md 3.2 refined visual-family rule
FB6W,spiking,ASSUMPTION,2,spiking,0,BUILD_BRIEF.md 3.2 refined visual-family rule
FB6X,spiking,ASSUMPTION,2,spiking,0,BUILD_BRIEF.md 3.2 refined visual-family rule
FB6Y,spiking,ASSUMPTION,2,spiking,0,BUILD_BRIEF.md 3.2 refined visual-family rule
FB6Z,spiking,ASSUMPTION,2,spiking,0,BUILD_BRIEF.md 3.2 refined visual-family rule
FB7A,spiking,ASSUMPTION,6,spiking,0,BUILD_BRIEF.md 3.2 refined visual-family rule
FB7B,spiking,ASSUMPTION,2,spiking,0,BUILD_BRIEF.md 3.2 refined visual-family rule
FB7C,spiking,ASSUMPTION,3,spiking,0,BUILD_BRIEF.md 3.2 refined visual-family rule
FB7D,spiking,ASSUMPTION,4,spiking,0,BUILD_BRIEF.md 3.2 refined visual-family rule
FB7E,spiking,ASSUMPTION,5,spiking,0,BUILD_BRIEF.md 3.2 refined visual-family rule
FB7F,spiking,ASSUMPTION,5,spiking,0,BUILD_BRIEF.md 3.2 refined visual-family rule
"FB7G,FB7I",spiking,ASSUMPTION,12,spiking,0,BUILD_BRIEF.md 3.2 refined visual-family rule
FB7H,spiking,ASSUMPTION,2,spiking,0,BUILD_BRIEF.md 3.2 refined visual-family rule
FB7J,spiking,ASSUMPTION,4,spiking,0,BUILD_BRIEF.md 3.2 refined visual-family rule
FB7K,spiking,ASSUMPTION,4,spiking,0,BUILD_BRIEF.md 3.2 refined visual-family rule
FB7L,spiking,ASSUMPTION,6,spiking,0,BUILD_BRIEF.md 3.2 refined visual-family rule
FB7M,spiking,ASSUMPTION,2,spiking,0,BUILD_BRIEF.md 3.2 refined visual-family rule
"FB8A,FB8H",spiking,ASSUMPTION,14,spiking,0,BUILD_BRIEF.md 3.2 refined visual-family rule
FB8B,spiking,ASSUMPTION,5,spiking,0,BUILD_BRIEF.md 3.2 refined visual-family rule
FB8C,spiking,ASSUMPTION,4,spiking,0,BUILD_BRIEF.md 3.2 refined visual-family rule
FB8D,spiking,ASSUMPTION,3,spiking,0,BUILD_BRIEF.md 3.2 refined visual-family rule
FB8E,spiking,ASSUMPTION,4,spiking,0,BUILD_BRIEF.md 3.2 refined visual-family rule
FB8F_a,spiking,ASSUMPTION,7,spiking,0,BUILD_BRIEF.md 3.2 refined visual-family rule
FB8F_b,spiking,ASSUMPTION,8,spiking,0,BUILD_BRIEF.md 3.2 refined visual-family rule
FB8G,spiking,ASSUMPTION,8,spiking,0,BUILD_BRIEF.md 3.2 refined visual-family rule
FB8I,spiking,ASSUMPTION,6,spiking,0,BUILD_BRIEF.md 3.2 refined visual-family rule
FB9A,spiking,ASSUMPTION,4,spiking,0,BUILD_BRIEF.md 3.2 refined visual-family rule
FB9B,spiking,ASSUMPTION,21,spiking,0,BUILD_BRIEF.md 3.2 refined visual-family rule
FB9C,spiking,ASSUMPTION,10,spiking,0,BUILD_BRIEF.md 3.2 refined visual-family rule
"FC1A,FC1B,FC1F",spiking,ASSUMPTION,38,spiking,0,BUILD_BRIEF.md 3.2 refined visual-family rule
"FC1C,FC1E",spiking,ASSUMPTION,37,spiking,0,BUILD_BRIEF.md 3.2 refined visual-family rule
FC1D,spiking,ASSUMPTION,29,spiking,0,BUILD_BRIEF.md 3.2 refined visual-family rule
FC2A,spiking,ASSUMPTION,17,spiking,0,BUILD_BRIEF.md 3.2 refined visual-family rule
FC2B,spiking,ASSUMPTION,28,spiking,0,BUILD_BRIEF.md 3.2 refined visual-family rule
FC2C,spiking,ASSUMPTION,40,spiking,0,BUILD_BRIEF.md 3.2 refined visual-family rule
FC3,spiking,ASSUMPTION,46,spiking,0,BUILD_BRIEF.md 3.2 refined visual-family rule
FLA100f,spiking,ASSUMPTION,7,spiking,0,BUILD_BRIEF.md 3.2 refined visual-family rule
FLA101f_a,spiking,ASSUMPTION,5,spiking,0,BUILD_BRIEF.md 3.2 refined visual-family rule
FLA101f_b,spiking,ASSUMPTION,12,spiking,0,BUILD_BRIEF.md 3.2 refined visual-family rule
FLA101f_c,spiking,ASSUMPTION,6,spiking,0,BUILD_BRIEF.md 3.2 refined visual-family rule
FLA101f_d,spiking,ASSUMPTION,5,spiking,0,BUILD_BRIEF.md 3.2 refined visual-family rule
FR1,spiking,ASSUMPTION,20,spiking,0,BUILD_BRIEF.md 3.2 refined visual-family rule
FR2,spiking,ASSUMPTION,17,spiking,0,BUILD_BRIEF.md 3.2 refined visual-family rule
FS1A,spiking,ASSUMPTION,41,spiking,0,BUILD_BRIEF.md 3.2 refined visual-family rule
FS1B,spiking,ASSUMPTION,22,spiking,0,BUILD_BRIEF.md 3.2 refined visual-family rule
FS2,spiking,ASSUMPTION,38,spiking,0,BUILD_BRIEF.md 3.2 refined visual-family rule
FS3,spiking,ASSUMPTION,68,spiking,0,BUILD_BRIEF.md 3.2 refined visual-family rule
FS4A,spiking,ASSUMPTION,70,spiking,0,BUILD_BRIEF.md 3.2 refined visual-family rule
FS4B,spiking,ASSUMPTION,27,spiking,0,BUILD_BRIEF.md 3.2 refined visual-family rule
FS4C,spiking,ASSUMPTION,27,spiking,0,BUILD_BRIEF.md 3.2 refined visual-family rule
GLNO,spiking,ASSUMPTION,4,spiking,0,BUILD_BRIEF.md 3.2 refined visual-family rule
GNG800f,spiking,ASSUMPTION,2,spiking,0,BUILD_BRIEF.md 3.2 refined visual-family rule
H01,spiking,ASSUMPTION,2,spiking,0,BUILD_BRIEF.md 3.2 refined visual-family rule
H03,spiking,ASSUMPTION,2,spiking,0,BUILD_BRIEF.md 3.2 refined visual-family rule
H1,spiking,ASSUMPTION,2,spiking,0,BUILD_BRIEF.md 3.2 refined visual-family rule
H2,spiking,ASSUMPTION,2,spiking,0,BUILD_BRIEF.md 3.2 refined visual-family rule
HBeyelet,spiking,ASSUMPTION,4,spiking,0,BUILD_BRIEF.md 3.2 refined visual-family rule
HRN_VP1d,spiking,ASSUMPTION,16,spiking,0,BUILD_BRIEF.md 3.2 refined visual-family rule
HRN_VP1l,spiking,ASSUMPTION,13,spiking,0,BUILD_BRIEF.md 3.2 refined visual-family rule
HRN_VP4,spiking,ASSUMPTION,29,spiking,0,BUILD_BRIEF.md 3.2 refined visual-family rule
HRN_VP5,spiking,ASSUMPTION,16,spiking,0,BUILD_BRIEF.md 3.2 refined visual-family rule
HSE,graded,ASSUMPTION,2,graded,2,BUILD_BRIEF.md 3.2 refined visual-family rule
HSN,graded,ASSUMPTION,2,graded,2,BUILD_BRIEF.md 3.2 refined visual-family rule
HSS,graded,ASSUMPTION,2,graded,2,BUILD_BRIEF.md 3.2 refined visual-family rule
Hugin-RG,spiking,ASSUMPTION,4,spiking,0,BUILD_BRIEF.md 3.2 refined visual-family rule
IB005,spiking,ASSUMPTION,2,spiking,0,BUILD_BRIEF.md 3.2 refined visual-family rule
IB007,spiking,ASSUMPTION,2,spiking,0,BUILD_BRIEF.md 3.2 refined visual-family rule
IB008,spiking,ASSUMPTION,2,spiking,0,BUILD_BRIEF.md 3.2 refined visual-family rule
IB009,spiking,ASSUMPTION,2,spiking,0,BUILD_BRIEF.md 3.2 refined visual-family rule
IB010,spiking,ASSUMPTION,2,spiking,0,BUILD_BRIEF.md 3.2 refined visual-family rule
IB012,spiking,ASSUMPTION,2,spiking,0,BUILD_BRIEF.md 3.2 refined visual-family rule
IB015,spiking,ASSUMPTION,2,spiking,0,BUILD_BRIEF.md 3.2 refined visual-family rule
IB016,spiking,ASSUMPTION,2,spiking,0,BUILD_BRIEF.md 3.2 refined visual-family rule
IB017,spiking,ASSUMPTION,2,spiking,0,BUILD_BRIEF.md 3.2 refined visual-family rule
IB018,spiking,ASSUMPTION,2,spiking,0,BUILD_BRIEF.md 3.2 refined visual-family rule
IB020,spiking,ASSUMPTION,2,spiking,0,BUILD_BRIEF.md 3.2 refined visual-family rule
IB021,spiking,ASSUMPTION,2,spiking,0,BUILD_BRIEF.md 3.2 refined visual-family rule
IB022,spiking,ASSUMPTION,4,spiking,0,BUILD_BRIEF.md 3.2 refined visual-family rule
IB023,spiking,ASSUMPTION,2,spiking,0,BUILD_BRIEF.md 3.2 refined visual-family rule
IB024,spiking,ASSUMPTION,2,spiking,0,BUILD_BRIEF.md 3.2 refined visual-family rule
IB025,spiking,ASSUMPTION,2,spiking,0,BUILD_BRIEF.md 3.2 refined visual-family rule
IB026,spiking,ASSUMPTION,2,spiking,0,BUILD_BRIEF.md 3.2 refined visual-family rule
IB031,spiking,ASSUMPTION,4,spiking,0,BUILD_BRIEF.md 3.2 refined visual-family rule
IB032,spiking,ASSUMPTION,8,spiking,0,BUILD_BRIEF.md 3.2 refined visual-family rule
"IB033,IB039",spiking,ASSUMPTION,4,spiking,0,BUILD_BRIEF.md 3.2 refined visual-family rule
IB038,spiking,ASSUMPTION,4,spiking,0,BUILD_BRIEF.md 3.2 refined visual-family rule
IB044,spiking,ASSUMPTION,2,spiking,0,BUILD_BRIEF.md 3.2 refined visual-family rule
IB045,spiking,ASSUMPTION,4,spiking,0,BUILD_BRIEF.md 3.2 refined visual-family rule
IB047,spiking,ASSUMPTION,2,spiking,0,BUILD_BRIEF.md 3.2 refined visual-family rule
IB048,spiking,ASSUMPTION,2,spiking,0,BUILD_BRIEF.md 3.2 refined visual-family rule
IB049,spiking,ASSUMPTION,4,spiking,0,BUILD_BRIEF.md 3.2 refined visual-family rule
IB050,spiking,ASSUMPTION,2,spiking,0,BUILD_BRIEF.md 3.2 refined visual-family rule
IB051,spiking,ASSUMPTION,4,spiking,0,BUILD_BRIEF.md 3.2 refined visual-family rule
IB054,spiking,ASSUMPTION,1,spiking,0,BUILD_BRIEF.md 3.2 refined visual-family rule
IB058,spiking,ASSUMPTION,2,spiking,0,BUILD_BRIEF.md 3.2 refined visual-family rule
IB059a,spiking,ASSUMPTION,2,spiking,0,BUILD_BRIEF.md 3.2 refined visual-family rule
IB059b,spiking,ASSUMPTION,2,spiking,0,BUILD_BRIEF.md 3.2 refined visual-family rule
IB060,spiking,ASSUMPTION,2,spiking,0,BUILD_BRIEF.md 3.2 refined visual-family rule
IB061,spiking,ASSUMPTION,2,spiking,0,BUILD_BRIEF.md 3.2 refined visual-family rule
IB062,spiking,ASSUMPTION,2,spiking,0,BUILD_BRIEF.md 3.2 refined visual-family rule
IB064,spiking,ASSUMPTION,2,spiking,0,BUILD_BRIEF.md 3.2 refined visual-family rule
IB065,spiking,ASSUMPTION,2,spiking,0,BUILD_BRIEF.md 3.2 refined visual-family rule
IB066,spiking,ASSUMPTION,4,spiking,0,BUILD_BRIEF.md 3.2 refined visual-family rule
IB068,spiking,ASSUMPTION,2,spiking,0,BUILD_BRIEF.md 3.2 refined visual-family rule
IB069,spiking,ASSUMPTION,2,spiking,0,BUILD_BRIEF.md 3.2 refined visual-family rule
IB076,spiking,ASSUMPTION,3,spiking,0,BUILD_BRIEF.md 3.2 refined visual-family rule
IB084,spiking,ASSUMPTION,6,spiking,0,BUILD_BRIEF.md 3.2 refined visual-family rule
IB092,spiking,ASSUMPTION,2,spiking,0,BUILD_BRIEF.md 3.2 refined visual-family rule
IB093,spiking,ASSUMPTION,3,spiking,0,BUILD_BRIEF.md 3.2 refined visual-family rule
IB094,spiking,ASSUMPTION,2,spiking,0,BUILD_BRIEF.md 3.2 refined visual-family rule
IB095,spiking,ASSUMPTION,2,spiking,0,BUILD_BRIEF.md 3.2 refined visual-family rule
IB097,spiking,ASSUMPTION,2,spiking,0,BUILD_BRIEF.md 3.2 refined visual-family rule
IB110,spiking,ASSUMPTION,2,spiking,0,BUILD_BRIEF.md 3.2 refined visual-family rule
IB114,spiking,ASSUMPTION,2,spiking,0,BUILD_BRIEF.md 3.2 refined visual-family rule
IB115,spiking,ASSUMPTION,4,spiking,0,BUILD_BRIEF.md 3.2 refined visual-family rule
IB116,spiking,ASSUMPTION,2,spiking,0,BUILD_BRIEF.md 3.2 refined visual-family rule
IB117,spiking,ASSUMPTION,2,spiking,0,BUILD_BRIEF.md 3.2 refined visual-family rule
IB118,spiking,ASSUMPTION,2,spiking,0,BUILD_BRIEF.md 3.2 refined visual-family rule
IPC,spiking,ASSUMPTION,18,spiking,0,BUILD_BRIEF.md 3.2 refined visual-family rule
ISN,spiking,ASSUMPTION,4,spiking,0,BUILD_BRIEF.md 3.2 refined visual-family rule
ITP,spiking,ASSUMPTION,4,spiking,0,BUILD_BRIEF.md 3.2 refined visual-family rule
IbSpsP,spiking,ASSUMPTION,30,spiking,0,BUILD_BRIEF.md 3.2 refined visual-family rule
JO,spiking,ASSUMPTION,1,spiking,0,BUILD_BRIEF.md 3.2 refined visual-family rule
JO-A1,spiking,ASSUMPTION,21,spiking,0,BUILD_BRIEF.md 3.2 refined visual-family rule
JO-A2,spiking,ASSUMPTION,33,spiking,0,BUILD_BRIEF.md 3.2 refined visual-family rule
JO-A3,spiking,ASSUMPTION,6,spiking,0,BUILD_BRIEF.md 3.2 refined visual-family rule
JO-A4,spiking,ASSUMPTION,2,spiking,0,BUILD_BRIEF.md 3.2 refined visual-family rule
JO-A5,spiking,ASSUMPTION,37,spiking,0,BUILD_BRIEF.md 3.2 refined visual-family rule
JO-B1_a,spiking,ASSUMPTION,105,spiking,0,BUILD_BRIEF.md 3.2 refined visual-family rule
JO-B1_b,spiking,ASSUMPTION,27,spiking,0,BUILD_BRIEF.md 3.2 refined visual-family rule
JO-B1_c,spiking,ASSUMPTION,22,spiking,0,BUILD_BRIEF.md 3.2 refined visual-family rule
JO-B2,spiking,ASSUMPTION,36,spiking,0,BUILD_BRIEF.md 3.2 refined visual-family rule
JO-B3,spiking,ASSUMPTION,29,spiking,0,BUILD_BRIEF.md 3.2 refined visual-family rule
JO-B4_a,spiking,ASSUMPTION,15,spiking,0,BUILD_BRIEF.md 3.2 refined visual-family rule
JO-B4_b,spiking,ASSUMPTION,25,spiking,0,BUILD_BRIEF.md 3.2 refined visual-family rule
JO-CA1,spiking,ASSUMPTION,20,spiking,0,BUILD_BRIEF.md 3.2 refined visual-family rule
JO-CA2,spiking,ASSUMPTION,16,spiking,0,BUILD_BRIEF.md 3.2 refined visual-family rule
JO-CL,spiking,ASSUMPTION,25,spiking,0,BUILD_BRIEF.md 3.2 refined visual-family rule
JO-CM,spiking,ASSUMPTION,35,spiking,0,BUILD_BRIEF.md 3.2 refined visual-family rule
JO-DA,spiking,ASSUMPTION,32,spiking,0,BUILD_BRIEF.md 3.2 refined visual-family rule
JO-DP,spiking,ASSUMPTION,21,spiking,0,BUILD_BRIEF.md 3.2 refined visual-family rule
JO-ED1,spiking,ASSUMPTION,27,spiking,0,BUILD_BRIEF.md 3.2 refined visual-family rule
JO-ED2_a,spiking,ASSUMPTION,45,spiking,0,BUILD_BRIEF.md 3.2 refined visual-family rule
JO-ED2_b,spiking,ASSUMPTION,21,spiking,0,BUILD_BRIEF.md 3.2 refined visual-family rule
JO-ED2_c,spiking,ASSUMPTION,17,spiking,0,BUILD_BRIEF.md 3.2 refined visual-family rule
JO-EV1,spiking,ASSUMPTION,70,spiking,0,BUILD_BRIEF.md 3.2 refined visual-family rule
JO-EV2,spiking,ASSUMPTION,40,spiking,0,BUILD_BRIEF.md 3.2 refined visual-family rule
JO-EV3,spiking,ASSUMPTION,46,spiking,0,BUILD_BRIEF.md 3.2 refined visual-family rule
JO-EV4,spiking,ASSUMPTION,14,spiking,0,BUILD_BRIEF.md 3.2 refined visual-family rule
JO-EV5,spiking,ASSUMPTION,29,spiking,0,BUILD_BRIEF.md 3.2 refined visual-family rule
JO-EV6,spiking,ASSUMPTION,28,spiking,0,BUILD_BRIEF.md 3.2 refined visual-family rule
JO-FD1,spiking,ASSUMPTION,15,spiking,0,BUILD_BRIEF.md 3.2 refined visual-family rule
JO-FD2,spiking,ASSUMPTION,17,spiking,0,BUILD_BRIEF.md 3.2 refined visual-family rule
JO-FV,spiking,ASSUMPTION,166,spiking,0,BUILD_BRIEF.md 3.2 refined visual-family rule
JO-mz,spiking,ASSUMPTION,21,spiking,0,BUILD_BRIEF.md 3.2 refined visual-family rule
JO-unclear,spiking,ASSUMPTION,28,spiking,0,BUILD_BRIEF.md 3.2 refined visual-family rule
KCa'b'-ap1,spiking,ASSUMPTION,1,spiking,0,BUILD_BRIEF.md 3.2 refined visual-family rule
KCab,spiking,ASSUMPTION,1643,spiking,0,BUILD_BRIEF.md 3.2 refined visual-family rule
KCab-p,spiking,ASSUMPTION,128,spiking,0,BUILD_BRIEF.md 3.2 refined visual-family rule
KCapbp-ap1,spiking,ASSUMPTION,280,spiking,0,BUILD_BRIEF.md 3.2 refined visual-family rule
KCapbp-ap2,spiking,ASSUMPTION,298,spiking,0,BUILD_BRIEF.md 3.2 refined visual-family rule
KCapbp-m,spiking,ASSUMPTION,338,spiking,0,BUILD_BRIEF.md 3.2 refined visual-family rule
KCg-d,spiking,ASSUMPTION,295,spiking,0,BUILD_BRIEF.md 3.2 refined visual-family rule
KCg-m,spiking,ASSUMPTION,2189,spiking,0,BUILD_BRIEF.md 3.2 refined visual-family rule
KCg-s1,spiking,ASSUMPTION,2,spiking,0,BUILD_BRIEF.md 3.2 refined visual-family rule
KCg-s2,spiking,ASSUMPTION,2,spiking,0,BUILD_BRIEF.md 3.2 refined visual-family rule
KCg-s3,spiking,ASSUMPTION,1,spiking,0,BUILD_BRIEF.md 3.2 refined visual-family rule
L1,graded,ASSUMPTION,1591,graded,1591,BUILD_BRIEF.md 3.2 refined visual-family rule
L1-3,graded,ASSUMPTION,1,graded,1,BUILD_BRIEF.md 3.2 refined visual-family rule
L2,graded,ASSUMPTION,1697,graded,1697,BUILD_BRIEF.md 3.2 refined visual-family rule
L3,graded,ASSUMPTION,1442,graded,1442,BUILD_BRIEF.md 3.2 refined visual-family rule
L4,graded,ASSUMPTION,1378,graded,1378,BUILD_BRIEF.md 3.2 refined visual-family rule
L5,graded,ASSUMPTION,1576,graded,1576,BUILD_BRIEF.md 3.2 refined visual-family rule
LAL001,spiking,ASSUMPTION,2,spiking,0,BUILD_BRIEF.md 3.2 refined visual-family rule
LAL002,spiking,ASSUMPTION,2,spiking,0,BUILD_BRIEF.md 3.2 refined visual-family rule
"LAL003,LAL044",spiking,ASSUMPTION,4,spiking,0,BUILD_BRIEF.md 3.2 refined visual-family rule
LAL004,spiking,ASSUMPTION,4,spiking,0,BUILD_BRIEF.md 3.2 refined visual-family rule
LAL006,spiking,ASSUMPTION,6,spiking,0,BUILD_BRIEF.md 3.2 refined visual-family rule
LAL007,spiking,ASSUMPTION,2,spiking,0,BUILD_BRIEF.md 3.2 refined visual-family rule
LAL008,spiking,ASSUMPTION,2,spiking,0,BUILD_BRIEF.md 3.2 refined visual-family rule
LAL009,spiking,ASSUMPTION,2,spiking,0,BUILD_BRIEF.md 3.2 refined visual-family rule
LAL010,spiking,ASSUMPTION,2,spiking,0,BUILD_BRIEF.md 3.2 refined visual-family rule
LAL011,spiking,ASSUMPTION,2,spiking,0,BUILD_BRIEF.md 3.2 refined visual-family rule
LAL012,spiking,ASSUMPTION,2,spiking,0,BUILD_BRIEF.md 3.2 refined visual-family rule
LAL013,spiking,ASSUMPTION,2,spiking,0,BUILD_BRIEF.md 3.2 refined visual-family rule
LAL014,spiking,ASSUMPTION,2,spiking,0,BUILD_BRIEF.md 3.2 refined visual-family rule
LAL015,spiking,ASSUMPTION,2,spiking,0,BUILD_BRIEF.md 3.2 refined visual-family rule
LAL016,spiking,ASSUMPTION,2,spiking,0,BUILD_BRIEF.md 3.2 refined visual-family rule
LAL017,spiking,ASSUMPTION,2,spiking,0,BUILD_BRIEF.md 3.2 refined visual-family rule
LAL018,spiking,ASSUMPTION,2,spiking,0,BUILD_BRIEF.md 3.2 refined visual-family rule
LAL019,spiking,ASSUMPTION,4,spiking,0,BUILD_BRIEF.md 3.2 refined visual-family rule
LAL020,spiking,ASSUMPTION,4,spiking,0,BUILD_BRIEF.md 3.2 refined visual-family rule
LAL021,spiking,ASSUMPTION,6,spiking,0,BUILD_BRIEF.md 3.2 refined visual-family rule
LAL022,spiking,ASSUMPTION,6,spiking,0,BUILD_BRIEF.md 3.2 refined visual-family rule
LAL023,spiking,ASSUMPTION,4,spiking,0,BUILD_BRIEF.md 3.2 refined visual-family rule
LAL024,spiking,ASSUMPTION,2,spiking,0,BUILD_BRIEF.md 3.2 refined visual-family rule
LAL025,spiking,ASSUMPTION,5,spiking,0,BUILD_BRIEF.md 3.2 refined visual-family rule
LAL026,spiking,ASSUMPTION,4,spiking,0,BUILD_BRIEF.md 3.2 refined visual-family rule
LAL027,spiking,ASSUMPTION,3,spiking,0,BUILD_BRIEF.md 3.2 refined visual-family rule
"LAL028, LAL029",spiking,ASSUMPTION,12,spiking,0,BUILD_BRIEF.md 3.2 refined visual-family rule
LAL030a,spiking,ASSUMPTION,2,spiking,0,BUILD_BRIEF.md 3.2 refined visual-family rule
LAL030b,spiking,ASSUMPTION,4,spiking,0,BUILD_BRIEF.md 3.2 refined visual-family rule
LAL030c,spiking,ASSUMPTION,2,spiking,0,BUILD_BRIEF.md 3.2 refined visual-family rule
LAL030d,spiking,ASSUMPTION,4,spiking,0,BUILD_BRIEF.md 3.2 refined visual-family rule
LAL031,spiking,ASSUMPTION,4,spiking,0,BUILD_BRIEF.md 3.2 refined visual-family rule
LAL034,spiking,ASSUMPTION,6,spiking,0,BUILD_BRIEF.md 3.2 refined visual-family rule
LAL035,spiking,ASSUMPTION,4,spiking,0,BUILD_BRIEF.md 3.2 refined visual-family rule
LAL037,spiking,ASSUMPTION,6,spiking,0,BUILD_BRIEF.md 3.2 refined visual-family rule
LAL038,spiking,ASSUMPTION,2,spiking,0,BUILD_BRIEF.md 3.2 refined visual-family rule
LAL040,spiking,ASSUMPTION,2,spiking,0,BUILD_BRIEF.md 3.2 refined visual-family rule
LAL042,spiking,ASSUMPTION,2,spiking,0,BUILD_BRIEF.md 3.2 refined visual-family rule
LAL043a,spiking,ASSUMPTION,5,spiking,0,BUILD_BRIEF.md 3.2 refined visual-family rule
LAL043b,spiking,ASSUMPTION,2,spiking,0,BUILD_BRIEF.md 3.2 refined visual-family rule
LAL043c,spiking,ASSUMPTION,5,spiking,0,BUILD_BRIEF.md 3.2 refined visual-family rule
LAL045,spiking,ASSUMPTION,2,spiking,0,BUILD_BRIEF.md 3.2 refined visual-family rule
LAL046,spiking,ASSUMPTION,2,spiking,0,BUILD_BRIEF.md 3.2 refined visual-family rule
LAL047,spiking,ASSUMPTION,2,spiking,0,BUILD_BRIEF.md 3.2 refined visual-family rule
LAL048,spiking,ASSUMPTION,9,spiking,0,BUILD_BRIEF.md 3.2 refined visual-family rule
LAL049,spiking,ASSUMPTION,2,spiking,0,BUILD_BRIEF.md 3.2 refined visual-family rule
LAL051,spiking,ASSUMPTION,2,spiking,0,BUILD_BRIEF.md 3.2 refined visual-family rule
LAL052,spiking,ASSUMPTION,2,spiking,0,BUILD_BRIEF.md 3.2 refined visual-family rule
LAL053,spiking,ASSUMPTION,2,spiking,0,BUILD_BRIEF.md 3.2 refined visual-family rule
LAL054,spiking,ASSUMPTION,2,spiking,0,BUILD_BRIEF.md 3.2 refined visual-family rule
LAL055,spiking,ASSUMPTION,2,spiking,0,BUILD_BRIEF.md 3.2 refined visual-family rule
LAL056,spiking,ASSUMPTION,5,spiking,0,BUILD_BRIEF.md 3.2 refined visual-family rule
LAL059,spiking,ASSUMPTION,8,spiking,0,BUILD_BRIEF.md 3.2 refined visual-family rule
LAL072,spiking,ASSUMPTION,2,spiking,0,BUILD_BRIEF.md 3.2 refined visual-family rule
LAL073,spiking,ASSUMPTION,2,spiking,0,BUILD_BRIEF.md 3.2 refined visual-family rule
"LAL074,LAL084",spiking,ASSUMPTION,4,spiking,0,BUILD_BRIEF.md 3.2 refined visual-family rule
LAL075,spiking,ASSUMPTION,2,spiking,0,BUILD_BRIEF.md 3.2 refined visual-family rule
LAL076,spiking,ASSUMPTION,2,spiking,0,BUILD_BRIEF.md 3.2 refined visual-family rule
LAL081,spiking,ASSUMPTION,2,spiking,0,BUILD_BRIEF.md 3.2 refined visual-family rule
LAL082,spiking,ASSUMPTION,2,spiking,0,BUILD_BRIEF.md 3.2 refined visual-family rule
LAL085,spiking,ASSUMPTION,4,spiking,0,BUILD_BRIEF.md 3.2 refined visual-family rule
LAL086,spiking,ASSUMPTION,6,spiking,0,BUILD_BRIEF.md 3.2 refined visual-family rule
LAL087,spiking,ASSUMPTION,8,spiking,0,BUILD_BRIEF.md 3.2 refined visual-family rule
LAL088,spiking,ASSUMPTION,3,spiking,0,BUILD_BRIEF.md 3.2 refined visual-family rule
LAL089,spiking,ASSUMPTION,5,spiking,0,BUILD_BRIEF.md 3.2 refined visual-family rule
LAL090,spiking,ASSUMPTION,8,spiking,0,BUILD_BRIEF.md 3.2 refined visual-family rule
LAL091,spiking,ASSUMPTION,6,spiking,0,BUILD_BRIEF.md 3.2 refined visual-family rule
LAL093,spiking,ASSUMPTION,10,spiking,0,BUILD_BRIEF.md 3.2 refined visual-family rule
LAL094,spiking,ASSUMPTION,12,spiking,0,BUILD_BRIEF.md 3.2 refined visual-family rule
"LAL096,LAL097",spiking,ASSUMPTION,10,spiking,0,BUILD_BRIEF.md 3.2 refined visual-family rule
LAL098,spiking,ASSUMPTION,2,spiking,0,BUILD_BRIEF.md 3.2 refined visual-family rule
LAL099,spiking,ASSUMPTION,2,spiking,0,BUILD_BRIEF.md 3.2 refined visual-family rule
LAL100,spiking,ASSUMPTION,2,spiking,0,BUILD_BRIEF.md 3.2 refined visual-family rule
LAL101,spiking,ASSUMPTION,2,spiking,0,BUILD_BRIEF.md 3.2 refined visual-family rule
LAL102,spiking,ASSUMPTION,2,spiking,0,BUILD_BRIEF.md 3.2 refined visual-family rule
"LAL103,LAL109",spiking,ASSUMPTION,4,spiking,0,BUILD_BRIEF.md 3.2 refined visual-family rule
"LAL104,LAL105",spiking,ASSUMPTION,4,spiking,0,BUILD_BRIEF.md 3.2 refined visual-family rule
LAL110,spiking,ASSUMPTION,10,spiking,0,BUILD_BRIEF.md 3.2 refined visual-family rule
"LAL111,PS060",spiking,ASSUMPTION,4,spiking,0,BUILD_BRIEF.md 3.2 refined visual-family rule
LAL112,spiking,ASSUMPTION,4,spiking,0,BUILD_BRIEF.md 3.2 refined visual-family rule
LAL113,spiking,ASSUMPTION,4,spiking,0,BUILD_BRIEF.md 3.2 refined visual-family rule
LAL114,spiking,ASSUMPTION,2,spiking,0,BUILD_BRIEF.md 3.2 refined visual-family rule
LAL115,spiking,ASSUMPTION,2,spiking,0,BUILD_BRIEF.md 3.2 refined visual-family rule
LAL116,spiking,ASSUMPTION,2,spiking,0,BUILD_BRIEF.md 3.2 refined visual-family rule
LAL117a,spiking,ASSUMPTION,2,spiking,0,BUILD_BRIEF.md 3.2 refined visual-family rule
LAL117b,spiking,ASSUMPTION,2,spiking,0,BUILD_BRIEF.md 3.2 refined visual-family rule
LAL119,spiking,ASSUMPTION,2,spiking,0,BUILD_BRIEF.md 3.2 refined visual-family rule
LAL120a,spiking,ASSUMPTION,2,spiking,0,BUILD_BRIEF.md 3.2 refined visual-family rule
LAL120b,spiking,ASSUMPTION,2,spiking,0,BUILD_BRIEF.md 3.2 refined visual-family rule
LAL121,spiking,ASSUMPTION,2,spiking,0,BUILD_BRIEF.md 3.2 refined visual-family rule
LAL122,spiking,ASSUMPTION,2,spiking,0,BUILD_BRIEF.md 3.2 refined visual-family rule
LAL123,spiking,ASSUMPTION,2,spiking,0,BUILD_BRIEF.md 3.2 refined visual-family rule
LAL124,spiking,ASSUMPTION,2,spiking,0,BUILD_BRIEF.md 3.2 refined visual-family rule
"LAL125,LAL108",spiking,ASSUMPTION,4,spiking,0,BUILD_BRIEF.md 3.2 refined visual-family rule
LAL126,spiking,ASSUMPTION,4,spiking,0,BUILD_BRIEF.md 3.2 refined visual-family rule
LAL127,spiking,ASSUMPTION,4,spiking,0,BUILD_BRIEF.md 3.2 refined visual-family rule
LAL128,spiking,ASSUMPTION,2,spiking,0,BUILD_BRIEF.md 3.2 refined visual-family rule
LAL129,spiking,ASSUMPTION,2,spiking,0,BUILD_BRIEF.md 3.2 refined visual-family rule
LAL130,spiking,ASSUMPTION,2,spiking,0,BUILD_BRIEF.md 3.2 refined visual-family rule
LAL131a,spiking,ASSUMPTION,2,spiking,0,BUILD_BRIEF.md 3.2 refined visual-family rule
LAL131b,spiking,ASSUMPTION,2,spiking,0,BUILD_BRIEF.md 3.2 refined visual-family rule
LAL132a,spiking,ASSUMPTION,2,spiking,0,BUILD_BRIEF.md 3.2 refined visual-family rule
LAL132b,spiking,ASSUMPTION,2,spiking,0,BUILD_BRIEF.md 3.2 refined visual-family rule
LAL133a,spiking,ASSUMPTION,5,spiking,0,BUILD_BRIEF.md 3.2 refined visual-family rule
LAL133b,spiking,ASSUMPTION,6,spiking,0,BUILD_BRIEF.md 3.2 refined visual-family rule
LAL135,spiking,ASSUMPTION,2,spiking,0,BUILD_BRIEF.md 3.2 refined visual-family rule
LAL137,spiking,ASSUMPTION,2,spiking,0,BUILD_BRIEF.md 3.2 refined visual-family rule
LAL138,spiking,ASSUMPTION,2,spiking,0,BUILD_BRIEF.md 3.2 refined visual-family rule
LAL139,spiking,ASSUMPTION,2,spiking,0,BUILD_BRIEF.md 3.2 refined visual-family rule
LAL140,spiking,ASSUMPTION,2,spiking,0,BUILD_BRIEF.md 3.2 refined visual-family rule
LAL141,spiking,ASSUMPTION,2,spiking,0,BUILD_BRIEF.md 3.2 refined visual-family rule
LAL142,spiking,ASSUMPTION,2,spiking,0,BUILD_BRIEF.md 3.2 refined visual-family rule
LAL143,spiking,ASSUMPTION,2,spiking,0,BUILD_BRIEF.md 3.2 refined visual-family rule
LAL144a,spiking,ASSUMPTION,2,spiking,0,BUILD_BRIEF.md 3.2 refined visual-family rule
LAL144b,spiking,ASSUMPTION,4,spiking,0,BUILD_BRIEF.md 3.2 refined visual-family rule
LAL145,spiking,ASSUMPTION,4,spiking,0,BUILD_BRIEF.md 3.2 refined visual-family rule
LAL146,spiking,ASSUMPTION,2,spiking,0,BUILD_BRIEF.md 3.2 refined visual-family rule
LAL147a,spiking,ASSUMPTION,2,spiking,0,BUILD_BRIEF.md 3.2 refined visual-family rule
LAL147b,spiking,ASSUMPTION,4,spiking,0,BUILD_BRIEF.md 3.2 refined visual-family rule
LAL147c,spiking,ASSUMPTION,2,spiking,0,BUILD_BRIEF.md 3.2 refined visual-family rule
LAL148,spiking,ASSUMPTION,2,spiking,0,BUILD_BRIEF.md 3.2 refined visual-family rule
LAL149,spiking,ASSUMPTION,4,spiking,0,BUILD_BRIEF.md 3.2 refined visual-family rule
LAL150a,spiking,ASSUMPTION,6,spiking,0,BUILD_BRIEF.md 3.2 refined visual-family rule
LAL150b,spiking,ASSUMPTION,4,spiking,0,BUILD_BRIEF.md 3.2 refined visual-family rule
LAL151,spiking,ASSUMPTION,2,spiking,0,BUILD_BRIEF.md 3.2 refined visual-family rule
LAL152,spiking,ASSUMPTION,2,spiking,0,BUILD_BRIEF.md 3.2 refined visual-family rule
LAL153,spiking,ASSUMPTION,2,spiking,0,BUILD_BRIEF.md 3.2 refined visual-family rule
LAL154,spiking,ASSUMPTION,2,spiking,0,BUILD_BRIEF.md 3.2 refined visual-family rule
LAL155,spiking,ASSUMPTION,4,spiking,0,BUILD_BRIEF.md 3.2 refined visual-family rule
LAL156a,spiking,ASSUMPTION,2,spiking,0,BUILD_BRIEF.md 3.2 refined visual-family rule
LAL156b,spiking,ASSUMPTION,2,spiking,0,BUILD_BRIEF.md 3.2 refined visual-family rule
LAL157,spiking,ASSUMPTION,2,spiking,0,BUILD_BRIEF.md 3.2 refined visual-family rule
LAL158,spiking,ASSUMPTION,2,spiking,0,BUILD_BRIEF.md 3.2 refined visual-family rule
LAL159,spiking,ASSUMPTION,2,spiking,0,BUILD_BRIEF.md 3.2 refined visual-family rule
"LAL160,LAL161",spiking,ASSUMPTION,4,spiking,0,BUILD_BRIEF.md 3.2 refined visual-family rule
LAL162,spiking,ASSUMPTION,2,spiking,0,BUILD_BRIEF.md 3.2 refined visual-family rule
"LAL163,LAL164",spiking,ASSUMPTION,4,spiking,0,BUILD_BRIEF.md 3.2 refined visual-family rule
LAL165,spiking,ASSUMPTION,2,spiking,0,BUILD_BRIEF.md 3.2 refined visual-family rule
LAL167a,spiking,ASSUMPTION,2,spiking,0,BUILD_BRIEF.md 3.2 refined visual-family rule
LAL167b,spiking,ASSUMPTION,2,spiking,0,BUILD_BRIEF.md 3.2 refined visual-family rule
LAL168a,spiking,ASSUMPTION,2,spiking,0,BUILD_BRIEF.md 3.2 refined visual-family rule
LAL168b,spiking,ASSUMPTION,2,spiking,0,BUILD_BRIEF.md 3.2 refined visual-family rule
LAL169,spiking,ASSUMPTION,2,spiking,0,BUILD_BRIEF.md 3.2 refined visual-family rule
LAL170,spiking,ASSUMPTION,2,spiking,0,BUILD_BRIEF.md 3.2 refined visual-family rule
"LAL171,LAL172",spiking,ASSUMPTION,4,spiking,0,BUILD_BRIEF.md 3.2 refined visual-family rule
"LAL173,LAL174",spiking,ASSUMPTION,4,spiking,0,BUILD_BRIEF.md 3.2 refined visual-family rule
LAL175,spiking,ASSUMPTION,4,spiking,0,BUILD_BRIEF.md 3.2 refined visual-family rule
"LAL176,LAL177",spiking,ASSUMPTION,4,spiking,0,BUILD_BRIEF.md 3.2 refined visual-family rule
LAL179a,spiking,ASSUMPTION,4,spiking,0,BUILD_BRIEF.md 3.2 refined visual-family rule
LAL179b,spiking,ASSUMPTION,2,spiking,0,BUILD_BRIEF.md 3.2 refined visual-family rule
LAL180,spiking,ASSUMPTION,2,spiking,0,BUILD_BRIEF.md 3.2 refined visual-family rule
LAL181,spiking,ASSUMPTION,2,spiking,0,BUILD_BRIEF.md 3.2 refined visual-family rule
LAL182,spiking,ASSUMPTION,2,spiking,0,BUILD_BRIEF.md 3.2 refined visual-family rule
LAL183,spiking,ASSUMPTION,2,spiking,0,BUILD_BRIEF.md 3.2 refined visual-family rule
LAL184,spiking,ASSUMPTION,2,spiking,0,BUILD_BRIEF.md 3.2 refined visual-family rule
LAL185,spiking,ASSUMPTION,4,spiking,0,BUILD_BRIEF.md 3.2 refined visual-family rule
LAL186,spiking,ASSUMPTION,2,spiking,0,BUILD_BRIEF.md 3.2 refined visual-family rule
LAL187,spiking,ASSUMPTION,4,spiking,0,BUILD_BRIEF.md 3.2 refined visual-family rule
LAL188,spiking,ASSUMPTION,8,spiking,0,BUILD_BRIEF.md 3.2 refined visual-family rule
LAL190,spiking,ASSUMPTION,2,spiking,0,BUILD_BRIEF.md 3.2 refined visual-family rule
LAL191,spiking,ASSUMPTION,2,spiking,0,BUILD_BRIEF.md 3.2 refined visual-family rule
LAL192,spiking,ASSUMPTION,2,spiking,0,BUILD_BRIEF.md 3.2 refined visual-family rule
LAL193,spiking,ASSUMPTION,2,spiking,0,BUILD_BRIEF.md 3.2 refined visual-family rule
LAL194,spiking,ASSUMPTION,4,spiking,0,BUILD_BRIEF.md 3.2 refined visual-family rule
LAL195,spiking,ASSUMPTION,2,spiking,0,BUILD_BRIEF.md 3.2 refined visual-family rule
LAL196,spiking,ASSUMPTION,6,spiking,0,BUILD_BRIEF.md 3.2 refined visual-family rule
LAL197,spiking,ASSUMPTION,2,spiking,0,BUILD_BRIEF.md 3.2 refined visual-family rule
LAL198,spiking,ASSUMPTION,2,spiking,0,BUILD_BRIEF.md 3.2 refined visual-family rule
LAL199,spiking,ASSUMPTION,2,spiking,0,BUILD_BRIEF.md 3.2 refined visual-family rule
LAL200,spiking,ASSUMPTION,2,spiking,0,BUILD_BRIEF.md 3.2 refined visual-family rule
LAL203,spiking,ASSUMPTION,4,spiking,0,BUILD_BRIEF.md 3.2 refined visual-family rule
"LB1a,LB1d",spiking,ASSUMPTION,17,spiking,0,BUILD_BRIEF.md 3.2 refined visual-family rule
LB1b,spiking,ASSUMPTION,7,spiking,0,BUILD_BRIEF.md 3.2 refined visual-family rule
LB1c,spiking,ASSUMPTION,18,spiking,0,BUILD_BRIEF.md 3.2 refined visual-family rule
LB1e,spiking,ASSUMPTION,23,spiking,0,BUILD_BRIEF.md 3.2 refined visual-family rule
LB2a-b,spiking,ASSUMPTION,8,spiking,0,BUILD_BRIEF.md 3.2 refined visual-family rule
LB2c,spiking,ASSUMPTION,7,spiking,0,BUILD_BRIEF.md 3.2 refined visual-family rule
LB2d,spiking,ASSUMPTION,7,spiking,0,BUILD_BRIEF.md 3.2 refined visual-family rule
LB3,spiking,ASSUMPTION,122,spiking,0,BUILD_BRIEF.md 3.2 refined visual-family rule
LB4a,spiking,ASSUMPTION,4,spiking,0,BUILD_BRIEF.md 3.2 refined visual-family rule
LC10a,spiking,ASSUMPTION,234,spiking,0,BUILD_BRIEF.md 3.2 refined visual-family rule
LC10b,spiking,ASSUMPTION,84,spiking,0,BUILD_BRIEF.md 3.2 refined visual-family rule
LC10c-1,spiking,ASSUMPTION,102,spiking,0,BUILD_BRIEF.md 3.2 refined visual-family rule
LC10c-2,spiking,ASSUMPTION,101,spiking,0,BUILD_BRIEF.md 3.2 refined visual-family rule
LC10d,spiking,ASSUMPTION,188,spiking,0,BUILD_BRIEF.md 3.2 refined visual-family rule
LC10e,spiking,ASSUMPTION,103,spiking,0,BUILD_BRIEF.md 3.2 refined visual-family rule
LC10f,spiking,ASSUMPTION,4,spiking,0,BUILD_BRIEF.md 3.2 refined visual-family rule
LC11,spiking,ASSUMPTION,127,spiking,0,BUILD_BRIEF.md 3.2 refined visual-family rule
LC12,spiking,ASSUMPTION,380,spiking,0,BUILD_BRIEF.md 3.2 refined visual-family rule
LC13,spiking,ASSUMPTION,145,spiking,0,BUILD_BRIEF.md 3.2 refined visual-family rule
LC14a1,spiking,ASSUMPTION,30,spiking,0,BUILD_BRIEF.md 3.2 refined visual-family rule
LC14a2,spiking,ASSUMPTION,23,spiking,0,BUILD_BRIEF.md 3.2 refined visual-family rule
LC14b,spiking,ASSUMPTION,38,spiking,0,BUILD_BRIEF.md 3.2 refined visual-family rule
LC15,spiking,ASSUMPTION,106,spiking,0,BUILD_BRIEF.md 3.2 refined visual-family rule
LC16,spiking,ASSUMPTION,151,spiking,0,BUILD_BRIEF.md 3.2 refined visual-family rule
LC17,spiking,ASSUMPTION,276,spiking,0,BUILD_BRIEF.md 3.2 refined visual-family rule
LC18,spiking,ASSUMPTION,188,spiking,0,BUILD_BRIEF.md 3.2 refined visual-family rule
LC19,spiking,ASSUMPTION,15,spiking,0,BUILD_BRIEF.md 3.2 refined visual-family rule
LC20a,spiking,ASSUMPTION,46,spiking,0,BUILD_BRIEF.md 3.2 refined visual-family rule
LC20b,spiking,ASSUMPTION,47,spiking,0,BUILD_BRIEF.md 3.2 refined visual-family rule
LC21,spiking,ASSUMPTION,130,spiking,0,BUILD_BRIEF.md 3.2 refined visual-family rule
LC22,spiking,ASSUMPTION,89,spiking,0,BUILD_BRIEF.md 3.2 refined visual-family rule
LC24,spiking,ASSUMPTION,75,spiking,0,BUILD_BRIEF.md 3.2 refined visual-family rule
LC25,spiking,ASSUMPTION,60,spiking,0,BUILD_BRIEF.md 3.2 refined visual-family rule
LC26,spiking,ASSUMPTION,57,spiking,0,BUILD_BRIEF.md 3.2 refined visual-family rule
LC27,spiking,ASSUMPTION,37,spiking,0,BUILD_BRIEF.md 3.2 refined visual-family rule
LC28a,spiking,ASSUMPTION,45,spiking,0,BUILD_BRIEF.md 3.2 refined visual-family rule
LC28b,spiking,ASSUMPTION,16,spiking,0,BUILD_BRIEF.md 3.2 refined visual-family rule
LC28c,spiking,ASSUMPTION,24,spiking,0,BUILD_BRIEF.md 3.2 refined visual-family rule
LC28d,spiking,ASSUMPTION,18,spiking,0,BUILD_BRIEF.md 3.2 refined visual-family rule
LC29,spiking,ASSUMPTION,45,spiking,0,BUILD_BRIEF.md 3.2 refined visual-family rule
LC31a,spiking,ASSUMPTION,35,spiking,0,BUILD_BRIEF.md 3.2 refined visual-family rule
LC31b,spiking,ASSUMPTION,10,spiking,0,BUILD_BRIEF.md 3.2 refined visual-family rule
LC31c,spiking,ASSUMPTION,2,spiking,0,BUILD_BRIEF.md 3.2 refined visual-family rule
LC33,spiking,ASSUMPTION,29,spiking,0,BUILD_BRIEF.md 3.2 refined visual-family rule
LC34,spiking,ASSUMPTION,14,spiking,0,BUILD_BRIEF.md 3.2 refined visual-family rule
LC35,spiking,ASSUMPTION,8,spiking,0,BUILD_BRIEF.md 3.2 refined visual-family rule
LC36,spiking,ASSUMPTION,35,spiking,0,BUILD_BRIEF.md 3.2 refined visual-family rule
LC37,spiking,ASSUMPTION,18,spiking,0,BUILD_BRIEF.md 3.2 refined visual-family rule
LC39,spiking,ASSUMPTION,8,spiking,0,BUILD_BRIEF.md 3.2 refined visual-family rule
LC4,spiking,ASSUMPTION,104,spiking,0,BUILD_BRIEF.md 3.2 refined visual-family rule
LC40,spiking,ASSUMPTION,37,spiking,0,BUILD_BRIEF.md 3.2 refined visual-family rule
LC41,spiking,ASSUMPTION,12,spiking,0,BUILD_BRIEF.md 3.2 refined visual-family rule
LC43,spiking,ASSUMPTION,12,spiking,0,BUILD_BRIEF.md 3.2 refined visual-family rule
LC44,spiking,ASSUMPTION,4,spiking,0,BUILD_BRIEF.md 3.2 refined visual-family rule
LC45a,spiking,ASSUMPTION,14,spiking,0,BUILD_BRIEF.md 3.2 refined visual-family rule
LC45b,spiking,ASSUMPTION,10,spiking,0,BUILD_BRIEF.md 3.2 refined visual-family rule
LC46,spiking,ASSUMPTION,14,spiking,0,BUILD_BRIEF.md 3.2 refined visual-family rule
LC6,spiking,ASSUMPTION,125,spiking,0,BUILD_BRIEF.md 3.2 refined visual-family rule
LC9,spiking,ASSUMPTION,179,spiking,0,BUILD_BRIEF.md 3.2 refined visual-family rule
LCNOp,spiking,ASSUMPTION,2,spiking,0,BUILD_BRIEF.md 3.2 refined visual-family rule
LCNOpm,spiking,ASSUMPTION,2,spiking,0,BUILD_BRIEF.md 3.2 refined visual-family rule
LCe01a,spiking,ASSUMPTION,22,spiking,0,BUILD_BRIEF.md 3.2 refined visual-family rule
LCe01b,spiking,ASSUMPTION,45,spiking,0,BUILD_BRIEF.md 3.2 refined visual-family rule
LCe02,spiking,ASSUMPTION,53,spiking,0,BUILD_BRIEF.md 3.2 refined visual-family rule
LCe03,spiking,ASSUMPTION,37,spiking,0,BUILD_BRIEF.md 3.2 refined visual-family rule
LCe04,spiking,ASSUMPTION,37,spiking,0,BUILD_BRIEF.md 3.2 refined visual-family rule
LCe05,spiking,ASSUMPTION,19,spiking,0,BUILD_BRIEF.md 3.2 refined visual-family rule
LCe06,spiking,ASSUMPTION,11,spiking,0,BUILD_BRIEF.md 3.2 refined visual-family rule
LCe07,spiking,ASSUMPTION,10,spiking,0,BUILD_BRIEF.md 3.2 refined visual-family rule
LCe08,spiking,ASSUMPTION,5,spiking,0,BUILD_BRIEF.md 3.2 refined visual-family rule
LCe09,spiking,ASSUMPTION,16,spiking,0,BUILD_BRIEF.md 3.2 refined visual-family rule
LHAD1a1,spiking,ASSUMPTION,6,spiking,0,BUILD_BRIEF.md 3.2 refined visual-family rule
LHAD1a2,spiking,ASSUMPTION,13,spiking,0,BUILD_BRIEF.md 3.2 refined visual-family rule
"LHAD1a3,LHAD1f5",spiking,ASSUMPTION,6,spiking,0,BUILD_BRIEF.md 3.2 refined visual-family rule
LHAD1a4a,spiking,ASSUMPTION,3,spiking,0,BUILD_BRIEF.md 3.2 refined visual-family rule
LHAD1a4b,spiking,ASSUMPTION,2,spiking,0,BUILD_BRIEF.md 3.2 refined visual-family rule
LHAD1a4c,spiking,ASSUMPTION,2,spiking,0,BUILD_BRIEF.md 3.2 refined visual-family rule
LHAD1b1_b,spiking,ASSUMPTION,6,spiking,0,BUILD_BRIEF.md 3.2 refined visual-family rule
"LHAD1b2_a,LHAD1b2_c",spiking,ASSUMPTION,15,spiking,0,BUILD_BRIEF.md 3.2 refined visual-family rule
LHAD1b3,spiking,ASSUMPTION,6,spiking,0,BUILD_BRIEF.md 3.2 refined visual-family rule
LHAD1b4,spiking,ASSUMPTION,4,spiking,0,BUILD_BRIEF.md 3.2 refined visual-family rule
LHAD1b5,spiking,ASSUMPTION,11,spiking,0,BUILD_BRIEF.md 3.2 refined visual-family rule
LHAD1c2a,spiking,ASSUMPTION,2,spiking,0,BUILD_BRIEF.md 3.2 refined visual-family rule
LHAD1c2b,spiking,ASSUMPTION,4,spiking,0,BUILD_BRIEF.md 3.2 refined visual-family rule
LHAD1c2c,spiking,ASSUMPTION,5,spiking,0,BUILD_BRIEF.md 3.2 refined visual-family rule
LHAD1c3,spiking,ASSUMPTION,6,spiking,0,BUILD_BRIEF.md 3.2 refined visual-family rule
LHAD1d1,spiking,ASSUMPTION,12,spiking,0,BUILD_BRIEF.md 3.2 refined visual-family rule
LHAD1d2,spiking,ASSUMPTION,6,spiking,0,BUILD_BRIEF.md 3.2 refined visual-family rule
LHAD1f1a,spiking,ASSUMPTION,2,spiking,0,BUILD_BRIEF.md 3.2 refined visual-family rule
LHAD1f1b,spiking,ASSUMPTION,4,spiking,0,BUILD_BRIEF.md 3.2 refined visual-family rule
LHAD1f2,spiking,ASSUMPTION,2,spiking,0,BUILD_BRIEF.md 3.2 refined visual-family rule
LHAD1f3a,spiking,ASSUMPTION,2,spiking,0,BUILD_BRIEF.md 3.2 refined visual-family rule
LHAD1f3b,spiking,ASSUMPTION,2,spiking,0,BUILD_BRIEF.md 3.2 refined visual-family rule
LHAD1f3c,spiking,ASSUMPTION,4,spiking,0,BUILD_BRIEF.md 3.2 refined visual-family rule
LHAD1f3d,spiking,ASSUMPTION,2,spiking,0,BUILD_BRIEF.md 3.2 refined visual-family rule
LHAD1f4a,spiking,ASSUMPTION,2,spiking,0,BUILD_BRIEF.md 3.2 refined visual-family rule
LHAD1f4b,spiking,ASSUMPTION,6,spiking,0,BUILD_BRIEF.md 3.2 refined visual-family rule
LHAD1f4c,spiking,ASSUMPTION,2,spiking,0,BUILD_BRIEF.md 3.2 refined visual-family rule
LHAD1g1,spiking,ASSUMPTION,2,spiking,0,BUILD_BRIEF.md 3.2 refined visual-family rule
LHAD1h1,spiking,ASSUMPTION,2,spiking,0,BUILD_BRIEF.md 3.2 refined visual-family rule
LHAD1j1,spiking,ASSUMPTION,2,spiking,0,BUILD_BRIEF.md 3.2 refined visual-family rule
LHAD1k1,spiking,ASSUMPTION,2,spiking,0,BUILD_BRIEF.md 3.2 refined visual-family rule
LHAD2b1,spiking,ASSUMPTION,2,spiking,0,BUILD_BRIEF.md 3.2 refined visual-family rule
LHAD2c1,spiking,ASSUMPTION,3,spiking,0,BUILD_BRIEF.md 3.2 refined visual-family rule
LHAD2c2,spiking,ASSUMPTION,5,spiking,0,BUILD_BRIEF.md 3.2 refined visual-family rule
LHAD2c3a,spiking,ASSUMPTION,2,spiking,0,BUILD_BRIEF.md 3.2 refined visual-family rule
LHAD2c3b,spiking,ASSUMPTION,2,spiking,0,BUILD_BRIEF.md 3.2 refined visual-family rule
LHAD2c3c,spiking,ASSUMPTION,2,spiking,0,BUILD_BRIEF.md 3.2 refined visual-family rule
LHAD2d1,spiking,ASSUMPTION,2,spiking,0,BUILD_BRIEF.md 3.2 refined visual-family rule
LHAD2e1,spiking,ASSUMPTION,2,spiking,0,BUILD_BRIEF.md 3.2 refined visual-family rule
LHAD2e3,spiking,ASSUMPTION,2,spiking,0,BUILD_BRIEF.md 3.2 refined visual-family rule
LHAD3a10,spiking,ASSUMPTION,1,spiking,0,BUILD_BRIEF.md 3.2 refined visual-family rule
LHAD3a8,spiking,ASSUMPTION,4,spiking,0,BUILD_BRIEF.md 3.2 refined visual-family rule
LHAD3d4,spiking,ASSUMPTION,2,spiking,0,BUILD_BRIEF.md 3.2 refined visual-family rule
LHAD3g1,spiking,ASSUMPTION,5,spiking,0,BUILD_BRIEF.md 3.2 refined visual-family rule
LHAD4a1,spiking,ASSUMPTION,2,spiking,0,BUILD_BRIEF.md 3.2 refined visual-family rule
LHAV1a1,spiking,ASSUMPTION,6,spiking,0,BUILD_BRIEF.md 3.2 refined visual-family rule
LHAV1a3,spiking,ASSUMPTION,13,spiking,0,BUILD_BRIEF.md 3.2 refined visual-family rule
LHAV1a4,spiking,ASSUMPTION,1,spiking,0,BUILD_BRIEF.md 3.2 refined visual-family rule
LHAV1b1,spiking,ASSUMPTION,2,spiking,0,BUILD_BRIEF.md 3.2 refined visual-family rule
LHAV1b3,spiking,ASSUMPTION,2,spiking,0,BUILD_BRIEF.md 3.2 refined visual-family rule
LHAV1d1,spiking,ASSUMPTION,5,spiking,0,BUILD_BRIEF.md 3.2 refined visual-family rule
LHAV1d2,spiking,ASSUMPTION,10,spiking,0,BUILD_BRIEF.md 3.2 refined visual-family rule
LHAV1e1,spiking,ASSUMPTION,2,spiking,0,BUILD_BRIEF.md 3.2 refined visual-family rule
LHAV2a3a,spiking,ASSUMPTION,2,spiking,0,BUILD_BRIEF.md 3.2 refined visual-family rule
LHAV2a3b,spiking,ASSUMPTION,2,spiking,0,BUILD_BRIEF.md 3.2 refined visual-family rule
LHAV2a3c,spiking,ASSUMPTION,4,spiking,0,BUILD_BRIEF.md 3.2 refined visual-family rule
LHAV2b1,spiking,ASSUMPTION,8,spiking,0,BUILD_BRIEF.md 3.2 refined visual-family rule
LHAV2b10,spiking,ASSUMPTION,8,spiking,0,BUILD_BRIEF.md 3.2 refined visual-family rule
LHAV2b11,spiking,ASSUMPTION,2,spiking,0,BUILD_BRIEF.md 3.2 refined visual-family rule
LHAV2b2a,spiking,ASSUMPTION,10,spiking,0,BUILD_BRIEF.md 3.2 refined visual-family rule
LHAV2b2b,spiking,ASSUMPTION,4,spiking,0,BUILD_BRIEF.md 3.2 refined visual-family rule
LHAV2b6,spiking,ASSUMPTION,4,spiking,0,BUILD_BRIEF.md 3.2 refined visual-family rule
LHAV2b7_a,spiking,ASSUMPTION,4,spiking,0,BUILD_BRIEF.md 3.2 refined visual-family rule
LHAV2b7_b,spiking,ASSUMPTION,6,spiking,0,BUILD_BRIEF.md 3.2 refined visual-family rule
LHAV2b9,spiking,ASSUMPTION,2,spiking,0,BUILD_BRIEF.md 3.2 refined visual-family rule
LHAV2d1,spiking,ASSUMPTION,2,spiking,0,BUILD_BRIEF.md 3.2 refined visual-family rule
LHAV2f2_a,spiking,ASSUMPTION,2,spiking,0,BUILD_BRIEF.md 3.2 refined visual-family rule
LHAV2f2_b,spiking,ASSUMPTION,4,spiking,0,BUILD_BRIEF.md 3.2 refined visual-family rule
LHAV2g1a,spiking,ASSUMPTION,2,spiking,0,BUILD_BRIEF.md 3.2 refined visual-family rule
LHAV2g1b,spiking,ASSUMPTION,3,spiking,0,BUILD_BRIEF.md 3.2 refined visual-family rule
LHAV2g2_a,spiking,ASSUMPTION,6,spiking,0,BUILD_BRIEF.md 3.2 refined visual-family rule
LHAV2g2_b,spiking,ASSUMPTION,4,spiking,0,BUILD_BRIEF.md 3.2 refined visual-family rule
LHAV2g3,spiking,ASSUMPTION,7,spiking,0,BUILD_BRIEF.md 3.2 refined visual-family rule
LHAV2g5,spiking,ASSUMPTION,2,spiking,0,BUILD_BRIEF.md 3.2 refined visual-family rule
LHAV2k10,spiking,ASSUMPTION,2,spiking,0,BUILD_BRIEF.md 3.2 refined visual-family rule
LHAV2k13,spiking,ASSUMPTION,2,spiking,0,BUILD_BRIEF.md 3.2 refined visual-family rule
LHAV2k6,spiking,ASSUMPTION,2,spiking,0,BUILD_BRIEF.md 3.2 refined visual-family rule
LHAV2k8,spiking,ASSUMPTION,2,spiking,0,BUILD_BRIEF.md 3.2 refined visual-family rule
LHAV2m1,spiking,ASSUMPTION,4,spiking,0,BUILD_BRIEF.md 3.2 refined visual-family rule
LHAV2n1,spiking,ASSUMPTION,2,spiking,0,BUILD_BRIEF.md 3.2 refined visual-family rule
LHAV2o1,spiking,ASSUMPTION,2,spiking,0,BUILD_BRIEF.md 3.2 refined visual-family rule
LHAV2p1,spiking,ASSUMPTION,2,spiking,0,BUILD_BRIEF.md 3.2 refined visual-family rule
LHAV3a1,spiking,ASSUMPTION,5,spiking,0,BUILD_BRIEF.md 3.2 refined visual-family rule
LHAV3a1_c,spiking,ASSUMPTION,2,spiking,0,BUILD_BRIEF.md 3.2 refined visual-family rule
LHAV3b12,spiking,ASSUMPTION,2,spiking,0,BUILD_BRIEF.md 3.2 refined visual-family rule
LHAV3c1,spiking,ASSUMPTION,4,spiking,0,BUILD_BRIEF.md 3.2 refined visual-family rule
LHAV3d1,spiking,ASSUMPTION,2,spiking,0,BUILD_BRIEF.md 3.2 refined visual-family rule
LHAV3e2,spiking,ASSUMPTION,4,spiking,0,BUILD_BRIEF.md 3.2 refined visual-family rule
LHAV3e3a,spiking,ASSUMPTION,2,spiking,0,BUILD_BRIEF.md 3.2 refined visual-family rule
LHAV3e3b,spiking,ASSUMPTION,2,spiking,0,BUILD_BRIEF.md 3.2 refined visual-family rule
LHAV3e6,spiking,ASSUMPTION,2,spiking,0,BUILD_BRIEF.md 3.2 refined visual-family rule
LHAV3f1,spiking,ASSUMPTION,2,spiking,0,BUILD_BRIEF.md 3.2 refined visual-family rule
LHAV3g1,spiking,ASSUMPTION,4,spiking,0,BUILD_BRIEF.md 3.2 refined visual-family rule
LHAV3g2,spiking,ASSUMPTION,4,spiking,0,BUILD_BRIEF.md 3.2 refined visual-family rule
LHAV3h1,spiking,ASSUMPTION,2,spiking,0,BUILD_BRIEF.md 3.2 refined visual-family rule
LHAV3i1,spiking,ASSUMPTION,2,spiking,0,BUILD_BRIEF.md 3.2 refined visual-family rule
LHAV3j1,spiking,ASSUMPTION,2,spiking,0,BUILD_BRIEF.md 3.2 refined visual-family rule
LHAV3k1,spiking,ASSUMPTION,2,spiking,0,BUILD_BRIEF.md 3.2 refined visual-family rule
LHAV3k2,spiking,ASSUMPTION,2,spiking,0,BUILD_BRIEF.md 3.2 refined visual-family rule
LHAV3k3,spiking,ASSUMPTION,2,spiking,0,BUILD_BRIEF.md 3.2 refined visual-family rule
LHAV3k4,spiking,ASSUMPTION,2,spiking,0,BUILD_BRIEF.md 3.2 refined visual-family rule
LHAV3k5,spiking,ASSUMPTION,2,spiking,0,BUILD_BRIEF.md 3.2 refined visual-family rule
LHAV3k6,spiking,ASSUMPTION,2,spiking,0,BUILD_BRIEF.md 3.2 refined visual-family rule
LHAV3m1,spiking,ASSUMPTION,2,spiking,0,BUILD_BRIEF.md 3.2 refined visual-family rule
LHAV3o1,spiking,ASSUMPTION,6,spiking,0,BUILD_BRIEF.md 3.2 refined visual-family rule
LHAV3p1,spiking,ASSUMPTION,2,spiking,0,BUILD_BRIEF.md 3.2 refined visual-family rule
LHAV3q1,spiking,ASSUMPTION,2,spiking,0,BUILD_BRIEF.md 3.2 refined visual-family rule
LHAV4a1_b,spiking,ASSUMPTION,8,spiking,0,BUILD_BRIEF.md 3.2 refined visual-family rule
LHAV4a2,spiking,ASSUMPTION,4,spiking,0,BUILD_BRIEF.md 3.2 refined visual-family rule
LHAV4a4,spiking,ASSUMPTION,17,spiking,0,BUILD_BRIEF.md 3.2 refined visual-family rule
LHAV4a6,spiking,ASSUMPTION,2,spiking,0,BUILD_BRIEF.md 3.2 refined visual-family rule
LHAV4b1,spiking,ASSUMPTION,5,spiking,0,BUILD_BRIEF.md 3.2 refined visual-family rule
LHAV4b2,spiking,ASSUMPTION,10,spiking,0,BUILD_BRIEF.md 3.2 refined visual-family rule
LHAV4c1,spiking,ASSUMPTION,8,spiking,0,BUILD_BRIEF.md 3.2 refined visual-family rule
LHAV4c2,spiking,ASSUMPTION,7,spiking,0,BUILD_BRIEF.md 3.2 refined visual-family rule
LHAV4d1,spiking,ASSUMPTION,7,spiking,0,BUILD_BRIEF.md 3.2 refined visual-family rule
LHAV4e1_a,spiking,ASSUMPTION,2,spiking,0,BUILD_BRIEF.md 3.2 refined visual-family rule
LHAV4e4,spiking,ASSUMPTION,2,spiking,0,BUILD_BRIEF.md 3.2 refined visual-family rule
LHAV4g17,spiking,ASSUMPTION,2,spiking,0,BUILD_BRIEF.md 3.2 refined visual-family rule
LHAV4g1a,spiking,ASSUMPTION,4,spiking,0,BUILD_BRIEF.md 3.2 refined visual-family rule
LHAV4g1b,spiking,ASSUMPTION,3,spiking,0,BUILD_BRIEF.md 3.2 refined visual-family rule
LHAV4g1c,spiking,ASSUMPTION,3,spiking,0,BUILD_BRIEF.md 3.2 refined visual-family rule
LHAV4i1,spiking,ASSUMPTION,2,spiking,0,BUILD_BRIEF.md 3.2 refined visual-family rule
LHAV4i2,spiking,ASSUMPTION,2,spiking,0,BUILD_BRIEF.md 3.2 refined visual-family rule
LHAV4j1,spiking,ASSUMPTION,2,spiking,0,BUILD_BRIEF.md 3.2 refined visual-family rule
LHAV4l1,spiking,ASSUMPTION,2,spiking,0,BUILD_BRIEF.md 3.2 refined visual-family rule
LHAV5a1,spiking,ASSUMPTION,6,spiking,0,BUILD_BRIEF.md 3.2 refined visual-family rule
LHAV5a10_b,spiking,ASSUMPTION,3,spiking,0,BUILD_BRIEF.md 3.2 refined visual-family rule
LHAV5a2_a1,spiking,ASSUMPTION,10,spiking,0,BUILD_BRIEF.md 3.2 refined visual-family rule
LHAV5a2_a2,spiking,ASSUMPTION,10,spiking,0,BUILD_BRIEF.md 3.2 refined visual-family rule
LHAV5a2_a3,spiking,ASSUMPTION,11,spiking,0,BUILD_BRIEF.md 3.2 refined visual-family rule
LHAV5a2_a4,spiking,ASSUMPTION,8,spiking,0,BUILD_BRIEF.md 3.2 refined visual-family rule
LHAV5a2_b,spiking,ASSUMPTION,4,spiking,0,BUILD_BRIEF.md 3.2 refined visual-family rule
LHAV5a2_d,spiking,ASSUMPTION,2,spiking,0,BUILD_BRIEF.md 3.2 refined visual-family rule
LHAV5d1,spiking,ASSUMPTION,2,spiking,0,BUILD_BRIEF.md 3.2 refined visual-family rule
LHAV5e1,spiking,ASSUMPTION,2,spiking,0,BUILD_BRIEF.md 3.2 refined visual-family rule
LHAV6a1,spiking,ASSUMPTION,6,spiking,0,BUILD_BRIEF.md 3.2 refined visual-family rule
LHAV6a3,spiking,ASSUMPTION,8,spiking,0,BUILD_BRIEF.md 3.2 refined visual-family rule
LHAV6b1,spiking,ASSUMPTION,2,spiking,0,BUILD_BRIEF.md 3.2 refined visual-family rule
LHAV6b4,spiking,ASSUMPTION,2,spiking,0,BUILD_BRIEF.md 3.2 refined visual-family rule
LHAV6c1a,spiking,ASSUMPTION,4,spiking,0,BUILD_BRIEF.md 3.2 refined visual-family rule
LHAV6c1b,spiking,ASSUMPTION,3,spiking,0,BUILD_BRIEF.md 3.2 refined visual-family rule
LHAV6e1,spiking,ASSUMPTION,2,spiking,0,BUILD_BRIEF.md 3.2 refined visual-family rule
LHAV6g1,spiking,ASSUMPTION,2,spiking,0,BUILD_BRIEF.md 3.2 refined visual-family rule
LHAV6h1,spiking,ASSUMPTION,2,spiking,0,BUILD_BRIEF.md 3.2 refined visual-family rule
LHAV7a1a,spiking,ASSUMPTION,4,spiking,0,BUILD_BRIEF.md 3.2 refined visual-family rule
LHAV7a1b,spiking,ASSUMPTION,3,spiking,0,BUILD_BRIEF.md 3.2 refined visual-family rule
LHAV7a1c,spiking,ASSUMPTION,3,spiking,0,BUILD_BRIEF.md 3.2 refined visual-family rule
LHAV7a2,spiking,ASSUMPTION,1,spiking,0,BUILD_BRIEF.md 3.2 refined visual-family rule
LHAV7a3,spiking,ASSUMPTION,8,spiking,0,BUILD_BRIEF.md 3.2 refined visual-family rule
LHAV7a4a,spiking,ASSUMPTION,6,spiking,0,BUILD_BRIEF.md 3.2 refined visual-family rule
LHAV7a4b,spiking,ASSUMPTION,2,spiking,0,BUILD_BRIEF.md 3.2 refined visual-family rule
LHAV7a5,spiking,ASSUMPTION,7,spiking,0,BUILD_BRIEF.md 3.2 refined visual-family rule
LHAV7a6,spiking,ASSUMPTION,2,spiking,0,BUILD_BRIEF.md 3.2 refined visual-family rule
LHAV7a7,spiking,ASSUMPTION,5,spiking,0,BUILD_BRIEF.md 3.2 refined visual-family rule
LHAV7b1,spiking,ASSUMPTION,2,spiking,0,BUILD_BRIEF.md 3.2 refined visual-family rule
LHAV8a1,spiking,ASSUMPTION,2,spiking,0,BUILD_BRIEF.md 3.2 refined visual-family rule
LHAV9a1_a,spiking,ASSUMPTION,4,spiking,0,BUILD_BRIEF.md 3.2 refined visual-family rule
LHAV9a1_b,spiking,ASSUMPTION,4,spiking,0,BUILD_BRIEF.md 3.2 refined visual-family rule
LHAV9a1_c,spiking,ASSUMPTION,5,spiking,0,BUILD_BRIEF.md 3.2 refined visual-family rule
LHCENT1,spiking,ASSUMPTION,2,spiking,0,BUILD_BRIEF.md 3.2 refined visual-family rule
LHCENT10,spiking,ASSUMPTION,4,spiking,0,BUILD_BRIEF.md 3.2 refined visual-family rule
LHCENT11,spiking,ASSUMPTION,2,spiking,0,BUILD_BRIEF.md 3.2 refined visual-family rule
LHCENT12a,spiking,ASSUMPTION,2,spiking,0,BUILD_BRIEF.md 3.2 refined visual-family rule
LHCENT12b,spiking,ASSUMPTION,4,spiking,0,BUILD_BRIEF.md 3.2 refined visual-family rule
LHCENT13_a,spiking,ASSUMPTION,2,spiking,0,BUILD_BRIEF.md 3.2 refined visual-family rule
LHCENT13_b,spiking,ASSUMPTION,2,spiking,0,BUILD_BRIEF.md 3.2 refined visual-family rule
LHCENT13_c,spiking,ASSUMPTION,3,spiking,0,BUILD_BRIEF.md 3.2 refined visual-family rule
LHCENT13_d,spiking,ASSUMPTION,3,spiking,0,BUILD_BRIEF.md 3.2 refined visual-family rule
LHCENT14,spiking,ASSUMPTION,2,spiking,0,BUILD_BRIEF.md 3.2 refined visual-family rule
LHCENT2,spiking,ASSUMPTION,2,spiking,0,BUILD_BRIEF.md 3.2 refined visual-family rule
LHCENT3,spiking,ASSUMPTION,2,spiking,0,BUILD_BRIEF.md 3.2 refined visual-family rule
LHCENT4,spiking,ASSUMPTION,2,spiking,0,BUILD_BRIEF.md 3.2 refined visual-family rule
LHCENT5,spiking,ASSUMPTION,2,spiking,0,BUILD_BRIEF.md 3.2 refined visual-family rule
LHCENT6,spiking,ASSUMPTION,2,spiking,0,BUILD_BRIEF.md 3.2 refined visual-family rule
LHCENT8,spiking,ASSUMPTION,4,spiking,0,BUILD_BRIEF.md 3.2 refined visual-family rule
LHCENT9,spiking,ASSUMPTION,2,spiking,0,BUILD_BRIEF.md 3.2 refined visual-family rule
LHMB1,spiking,ASSUMPTION,2,spiking,0,BUILD_BRIEF.md 3.2 refined visual-family rule
LHPD1b1,spiking,ASSUMPTION,2,spiking,0,BUILD_BRIEF.md 3.2 refined visual-family rule
"LHPD2a4_a,SIP049",spiking,ASSUMPTION,1,spiking,0,BUILD_BRIEF.md 3.2 refined visual-family rule
LHPD2c1,spiking,ASSUMPTION,2,spiking,0,BUILD_BRIEF.md 3.2 refined visual-family rule
LHPD2c7,spiking,ASSUMPTION,2,spiking,0,BUILD_BRIEF.md 3.2 refined visual-family rule
LHPD2d1,spiking,ASSUMPTION,2,spiking,0,BUILD_BRIEF.md 3.2 refined visual-family rule
LHPD2d2,spiking,ASSUMPTION,2,spiking,0,BUILD_BRIEF.md 3.2 refined visual-family rule
LHPD3a2,spiking,ASSUMPTION,5,spiking,0,BUILD_BRIEF.md 3.2 refined visual-family rule
LHPD3a5,spiking,ASSUMPTION,4,spiking,0,BUILD_BRIEF.md 3.2 refined visual-family rule
LHPD3c1,spiking,ASSUMPTION,2,spiking,0,BUILD_BRIEF.md 3.2 refined visual-family rule
LHPD4a1,spiking,ASSUMPTION,8,spiking,0,BUILD_BRIEF.md 3.2 refined visual-family rule
LHPD4b1a,spiking,ASSUMPTION,4,spiking,0,BUILD_BRIEF.md 3.2 refined visual-family rule
LHPD4b1b,spiking,ASSUMPTION,4,spiking,0,BUILD_BRIEF.md 3.2 refined visual-family rule
LHPD4c1,spiking,ASSUMPTION,2,spiking,0,BUILD_BRIEF.md 3.2 refined visual-family rule
LHPD4d1,spiking,ASSUMPTION,2,spiking,0,BUILD_BRIEF.md 3.2 refined visual-family rule
LHPD5a1,spiking,ASSUMPTION,2,spiking,0,BUILD_BRIEF.md 3.2 refined visual-family rule
LHPD5c1,spiking,ASSUMPTION,2,spiking,0,BUILD_BRIEF.md 3.2 refined visual-family rule
LHPD5d1,spiking,ASSUMPTION,4,spiking,0,BUILD_BRIEF.md 3.2 refined visual-family rule
LHPV10a1a,spiking,ASSUMPTION,2,spiking,0,BUILD_BRIEF.md 3.2 refined visual-family rule
LHPV10a1b,spiking,ASSUMPTION,2,spiking,0,BUILD_BRIEF.md 3.2 refined visual-family rule
LHPV10b1,spiking,ASSUMPTION,2,spiking,0,BUILD_BRIEF.md 3.2 refined visual-family rule
LHPV10c1,spiking,ASSUMPTION,2,spiking,0,BUILD_BRIEF.md 3.2 refined visual-family rule
LHPV10d1,spiking,ASSUMPTION,2,spiking,0,BUILD_BRIEF.md 3.2 refined visual-family rule
LHPV11a1,spiking,ASSUMPTION,4,spiking,0,BUILD_BRIEF.md 3.2 refined visual-family rule
LHPV12a1,spiking,ASSUMPTION,2,spiking,0,BUILD_BRIEF.md 3.2 refined visual-family rule
LHPV1c1,spiking,ASSUMPTION,4,spiking,0,BUILD_BRIEF.md 3.2 refined visual-family rule
LHPV1c2,spiking,ASSUMPTION,2,spiking,0,BUILD_BRIEF.md 3.2 refined visual-family rule
LHPV1d1,spiking,ASSUMPTION,2,spiking,0,BUILD_BRIEF.md 3.2 refined visual-family rule
LHPV2a1_a,spiking,ASSUMPTION,6,spiking,0,BUILD_BRIEF.md 3.2 refined visual-family rule
LHPV2a1_c,spiking,ASSUMPTION,10,spiking,0,BUILD_BRIEF.md 3.2 refined visual-family rule
LHPV2a1_d,spiking,ASSUMPTION,6,spiking,0,BUILD_BRIEF.md 3.2 refined visual-family rule
LHPV2a4,spiking,ASSUMPTION,6,spiking,0,BUILD_BRIEF.md 3.2 refined visual-family rule
LHPV2a5,spiking,ASSUMPTION,5,spiking,0,BUILD_BRIEF.md 3.2 refined visual-family rule
LHPV2b5,spiking,ASSUMPTION,7,spiking,0,BUILD_BRIEF.md 3.2 refined visual-family rule
LHPV2c2a,spiking,ASSUMPTION,3,spiking,0,BUILD_BRIEF.md 3.2 refined visual-family rule
LHPV2c2b,spiking,ASSUMPTION,6,spiking,0,BUILD_BRIEF.md 3.2 refined visual-family rule
LHPV2c4,spiking,ASSUMPTION,2,spiking,0,BUILD_BRIEF.md 3.2 refined visual-family rule
LHPV2d1,spiking,ASSUMPTION,4,spiking,0,BUILD_BRIEF.md 3.2 refined visual-family rule
LHPV2e1_a,spiking,ASSUMPTION,7,spiking,0,BUILD_BRIEF.md 3.2 refined visual-family rule
LHPV2f2,spiking,ASSUMPTION,8,spiking,0,BUILD_BRIEF.md 3.2 refined visual-family rule
LHPV2g1,spiking,ASSUMPTION,4,spiking,0,BUILD_BRIEF.md 3.2 refined visual-family rule
LHPV2h1,spiking,ASSUMPTION,2,spiking,0,BUILD_BRIEF.md 3.2 refined visual-family rule
LHPV2i1a,spiking,ASSUMPTION,2,spiking,0,BUILD_BRIEF.md 3.2 refined visual-family rule
LHPV2i1b,spiking,ASSUMPTION,2,spiking,0,BUILD_BRIEF.md 3.2 refined visual-family rule
LHPV2i2a,spiking,ASSUMPTION,2,spiking,0,BUILD_BRIEF.md 3.2 refined visual-family rule
LHPV2i2b,spiking,ASSUMPTION,4,spiking,0,BUILD_BRIEF.md 3.2 refined visual-family rule
LHPV3a1,spiking,ASSUMPTION,4,spiking,0,BUILD_BRIEF.md 3.2 refined visual-family rule
LHPV3a2,spiking,ASSUMPTION,5,spiking,0,BUILD_BRIEF.md 3.2 refined visual-family rule
LHPV3a3_c,spiking,ASSUMPTION,1,spiking,0,BUILD_BRIEF.md 3.2 refined visual-family rule
LHPV3b1_b,spiking,ASSUMPTION,6,spiking,0,BUILD_BRIEF.md 3.2 refined visual-family rule
LHPV3c1,spiking,ASSUMPTION,2,spiking,0,BUILD_BRIEF.md 3.2 refined visual-family rule
LHPV4a1,spiking,ASSUMPTION,7,spiking,0,BUILD_BRIEF.md 3.2 refined visual-family rule
"LHPV4a1,LHPV4a2",spiking,ASSUMPTION,4,spiking,0,BUILD_BRIEF.md 3.2 refined visual-family rule
LHPV4a10,spiking,ASSUMPTION,10,spiking,0,BUILD_BRIEF.md 3.2 refined visual-family rule
LHPV4a11,spiking,ASSUMPTION,2,spiking,0,BUILD_BRIEF.md 3.2 refined visual-family rule
LHPV4a2,spiking,ASSUMPTION,6,spiking,0,BUILD_BRIEF.md 3.2 refined visual-family rule
"LHPV4a5, LHPV4k1",spiking,ASSUMPTION,6,spiking,0,BUILD_BRIEF.md 3.2 refined visual-family rule
LHPV4a7a,spiking,ASSUMPTION,2,spiking,0,BUILD_BRIEF.md 3.2 refined visual-family rule
LHPV4a7b,spiking,ASSUMPTION,2,spiking,0,BUILD_BRIEF.md 3.2 refined visual-family rule
LHPV4a8,spiking,ASSUMPTION,5,spiking,0,BUILD_BRIEF.md 3.2 refined visual-family rule
LHPV4a9,spiking,ASSUMPTION,4,spiking,0,BUILD_BRIEF.md 3.2 refined visual-family rule
LHPV4b1,spiking,ASSUMPTION,4,spiking,0,BUILD_BRIEF.md 3.2 refined visual-family rule
LHPV4b2,spiking,ASSUMPTION,1,spiking,0,BUILD_BRIEF.md 3.2 refined visual-family rule
LHPV4b3,spiking,ASSUMPTION,5,spiking,0,BUILD_BRIEF.md 3.2 refined visual-family rule
LHPV4b9,spiking,ASSUMPTION,3,spiking,0,BUILD_BRIEF.md 3.2 refined visual-family rule
"LHPV4c3, LHPV4c4",spiking,ASSUMPTION,4,spiking,0,BUILD_BRIEF.md 3.2 refined visual-family rule
LHPV4c4,spiking,ASSUMPTION,5,spiking,0,BUILD_BRIEF.md 3.2 refined visual-family rule
LHPV4d3,spiking,ASSUMPTION,5,spiking,0,BUILD_BRIEF.md 3.2 refined visual-family rule
LHPV4e1,spiking,ASSUMPTION,2,spiking,0,BUILD_BRIEF.md 3.2 refined visual-family rule
LHPV4g1,spiking,ASSUMPTION,11,spiking,0,BUILD_BRIEF.md 3.2 refined visual-family rule
LHPV4h1,spiking,ASSUMPTION,6,spiking,0,BUILD_BRIEF.md 3.2 refined visual-family rule
LHPV4h3,spiking,ASSUMPTION,2,spiking,0,BUILD_BRIEF.md 3.2 refined visual-family rule
LHPV4i3,spiking,ASSUMPTION,1,spiking,0,BUILD_BRIEF.md 3.2 refined visual-family rule
LHPV4j3,spiking,ASSUMPTION,2,spiking,0,BUILD_BRIEF.md 3.2 refined visual-family rule
LHPV4j4,spiking,ASSUMPTION,2,spiking,0,BUILD_BRIEF.md 3.2 refined visual-family rule
LHPV4l1,spiking,ASSUMPTION,2,spiking,0,BUILD_BRIEF.md 3.2 refined visual-family rule
LHPV4m1,spiking,ASSUMPTION,2,spiking,0,BUILD_BRIEF.md 3.2 refined visual-family rule
LHPV5a1,spiking,ASSUMPTION,15,spiking,0,BUILD_BRIEF.md 3.2 refined visual-family rule
LHPV5a5,spiking,ASSUMPTION,4,spiking,0,BUILD_BRIEF.md 3.2 refined visual-family rule
LHPV5b1,spiking,ASSUMPTION,20,spiking,0,BUILD_BRIEF.md 3.2 refined visual-family rule
LHPV5b2,spiking,ASSUMPTION,15,spiking,0,BUILD_BRIEF.md 3.2 refined visual-family rule
LHPV5b3,spiking,ASSUMPTION,20,spiking,0,BUILD_BRIEF.md 3.2 refined visual-family rule
LHPV5b4,spiking,ASSUMPTION,2,spiking,0,BUILD_BRIEF.md 3.2 refined visual-family rule
LHPV5b6,spiking,ASSUMPTION,8,spiking,0,BUILD_BRIEF.md 3.2 refined visual-family rule
LHPV5c1,spiking,ASSUMPTION,29,spiking,0,BUILD_BRIEF.md 3.2 refined visual-family rule
LHPV5c2,spiking,ASSUMPTION,3,spiking,0,BUILD_BRIEF.md 3.2 refined visual-family rule
LHPV5c3,spiking,ASSUMPTION,10,spiking,0,BUILD_BRIEF.md 3.2 refined visual-family rule
LHPV5d1,spiking,ASSUMPTION,10,spiking,0,BUILD_BRIEF.md 3.2 refined visual-family rule
LHPV5e1,spiking,ASSUMPTION,2,spiking,0,BUILD_BRIEF.md 3.2 refined visual-family rule
LHPV5e2,spiking,ASSUMPTION,2,spiking,0,BUILD_BRIEF.md 3.2 refined visual-family rule
LHPV5e3,spiking,ASSUMPTION,2,spiking,0,BUILD_BRIEF.md 3.2 refined visual-family rule
"LHPV5g1_a,SMP270",spiking,ASSUMPTION,8,spiking,0,BUILD_BRIEF.md 3.2 refined visual-family rule
LHPV5g1_b,spiking,ASSUMPTION,8,spiking,0,BUILD_BRIEF.md 3.2 refined visual-family rule
LHPV5g2,spiking,ASSUMPTION,6,spiking,0,BUILD_BRIEF.md 3.2 refined visual-family rule
LHPV5i1,spiking,ASSUMPTION,2,spiking,0,BUILD_BRIEF.md 3.2 refined visual-family rule
LHPV5l1,spiking,ASSUMPTION,2,spiking,0,BUILD_BRIEF.md 3.2 refined visual-family rule
LHPV6a1,spiking,ASSUMPTION,8,spiking,0,BUILD_BRIEF.md 3.2 refined visual-family rule
LHPV6a10,spiking,ASSUMPTION,2,spiking,0,BUILD_BRIEF.md 3.2 refined visual-family rule
LHPV6a3,spiking,ASSUMPTION,7,spiking,0,BUILD_BRIEF.md 3.2 refined visual-family rule
LHPV6c1,spiking,ASSUMPTION,2,spiking,0,BUILD_BRIEF.md 3.2 refined visual-family rule
LHPV6c2,spiking,ASSUMPTION,2,spiking,0,BUILD_BRIEF.md 3.2 refined visual-family rule
LHPV6d1,spiking,ASSUMPTION,9,spiking,0,BUILD_BRIEF.md 3.2 refined visual-family rule
LHPV6f1,spiking,ASSUMPTION,9,spiking,0,BUILD_BRIEF.md 3.2 refined visual-family rule
LHPV6g1,spiking,ASSUMPTION,2,spiking,0,BUILD_BRIEF.md 3.2 refined visual-family rule
LHPV6h1,spiking,ASSUMPTION,6,spiking,0,BUILD_BRIEF.md 3.2 refined visual-family rule
LHPV6h2,spiking,ASSUMPTION,5,spiking,0,BUILD_BRIEF.md 3.2 refined visual-family rule
"LHPV6h3,SLP276",spiking,ASSUMPTION,1,spiking,0,BUILD_BRIEF.md 3.2 refined visual-family rule
LHPV6j1,spiking,ASSUMPTION,2,spiking,0,BUILD_BRIEF.md 3.2 refined visual-family rule
LHPV6k1,spiking,ASSUMPTION,1,spiking,0,BUILD_BRIEF.md 3.2 refined visual-family rule
LHPV6k2,spiking,ASSUMPTION,4,spiking,0,BUILD_BRIEF.md 3.2 refined visual-family rule
LHPV6l1,spiking,ASSUMPTION,2,spiking,0,BUILD_BRIEF.md 3.2 refined visual-family rule
LHPV6l2,spiking,ASSUMPTION,2,spiking,0,BUILD_BRIEF.md 3.2 refined visual-family rule
LHPV6m1,spiking,ASSUMPTION,2,spiking,0,BUILD_BRIEF.md 3.2 refined visual-family rule
LHPV6o1,spiking,ASSUMPTION,2,spiking,0,BUILD_BRIEF.md 3.2 refined visual-family rule
LHPV6p1,spiking,ASSUMPTION,2,spiking,0,BUILD_BRIEF.md 3.2 refined visual-family rule
LHPV6q1,spiking,ASSUMPTION,2,spiking,0,BUILD_BRIEF.md 3.2 refined visual-family rule
LHPV6r1,spiking,ASSUMPTION,9,spiking,0,BUILD_BRIEF.md 3.2 refined visual-family rule
LHPV7a1a,spiking,ASSUMPTION,2,spiking,0,BUILD_BRIEF.md 3.2 refined visual-family rule
LHPV7a1b,spiking,ASSUMPTION,2,spiking,0,BUILD_BRIEF.md 3.2 refined visual-family rule
LHPV7a2,spiking,ASSUMPTION,4,spiking,0,BUILD_BRIEF.md 3.2 refined visual-family rule
LHPV7b1,spiking,ASSUMPTION,2,spiking,0,BUILD_BRIEF.md 3.2 refined visual-family rule
LHPV7c1,spiking,ASSUMPTION,3,spiking,0,BUILD_BRIEF.md 3.2 refined visual-family rule
LHPV8a1,spiking,ASSUMPTION,2,spiking,0,BUILD_BRIEF.md 3.2 refined visual-family rule
LHPV8c1,spiking,ASSUMPTION,2,spiking,0,BUILD_BRIEF.md 3.2 refined visual-family rule
LHPV9b1,spiking,ASSUMPTION,2,spiking,0,BUILD_BRIEF.md 3.2 refined visual-family rule
LLPC1,spiking,ASSUMPTION,219,spiking,0,BUILD_BRIEF.md 3.2 refined visual-family rule
LLPC2,spiking,ASSUMPTION,235,spiking,0,BUILD_BRIEF.md 3.2 refined visual-family rule
LLPC3,spiking,ASSUMPTION,204,spiking,0,BUILD_BRIEF.md 3.2 refined visual-family rule
LLPC4,spiking,ASSUMPTION,6,spiking,0,BUILD_BRIEF.md 3.2 refined visual-family rule
LLPt,spiking,ASSUMPTION,68,spiking,0,BUILD_BRIEF.md 3.2 refined visual-family rule
LM102a_L234-M89,spiking,ASSUMPTION,2,spiking,0,BUILD_BRIEF.md 3.2 refined visual-family rule
LMTe01,spiking,ASSUMPTION,4,spiking,0,BUILD_BRIEF.md 3.2 refined visual-family rule
LMa1,spiking,ASSUMPTION,56,spiking,0,BUILD_BRIEF.md 3.2 refined visual-family rule
LMa2,spiking,ASSUMPTION,37,spiking,0,BUILD_BRIEF.md 3.2 refined visual-family rule
LMa3,spiking,ASSUMPTION,35,spiking,0,BUILD_BRIEF.md 3.2 refined visual-family rule
LMa4,spiking,ASSUMPTION,67,spiking,0,BUILD_BRIEF.md 3.2 refined visual-family rule
LMa5,spiking,ASSUMPTION,79,spiking,0,BUILD_BRIEF.md 3.2 refined visual-family rule
LMt1,spiking,ASSUMPTION,49,spiking,0,BUILD_BRIEF.md 3.2 refined visual-family rule
LMt2,spiking,ASSUMPTION,56,spiking,0,BUILD_BRIEF.md 3.2 refined visual-family rule
LMt3,spiking,ASSUMPTION,35,spiking,0,BUILD_BRIEF.md 3.2 refined visual-family rule
LMt4,spiking,ASSUMPTION,37,spiking,0,BUILD_BRIEF.md 3.2 refined visual-family rule
LN-DN1,spiking,ASSUMPTION,2,spiking,0,BUILD_BRIEF.md 3.2 refined visual-family rule
LN-DN2,spiking,ASSUMPTION,4,spiking,0,BUILD_BRIEF.md 3.2 refined visual-family rule
LN60a,spiking,ASSUMPTION,2,spiking,0,BUILD_BRIEF.md 3.2 refined visual-family rule
LN60b,spiking,ASSUMPTION,2,spiking,0,BUILD_BRIEF.md 3.2 refined visual-family rule
LNO1,spiking,ASSUMPTION,4,spiking,0,BUILD_BRIEF.md 3.2 refined visual-family rule
LNO2,spiking,ASSUMPTION,2,spiking,0,BUILD_BRIEF.md 3.2 refined visual-family rule
LNOa,spiking,ASSUMPTION,2,spiking,0,BUILD_BRIEF.md 3.2 refined visual-family rule
LNd_a,spiking,ASSUMPTION,2,spiking,0,BUILD_BRIEF.md 3.2 refined visual-family rule
LNd_b,spiking,ASSUMPTION,4,spiking,0,BUILD_BRIEF.md 3.2 refined visual-family rule
LNd_c,spiking,ASSUMPTION,6,spiking,0,BUILD_BRIEF.md 3.2 refined visual-family rule
LPC1,spiking,ASSUMPTION,164,spiking,0,BUILD_BRIEF.md 3.2 refined visual-family rule
LPC2,spiking,ASSUMPTION,116,spiking,0,BUILD_BRIEF.md 3.2 refined visual-family rule
LPLC1,spiking,ASSUMPTION,140,spiking,0,BUILD_BRIEF.md 3.2 refined visual-family rule
LPLC2,spiking,ASSUMPTION,210,spiking,0,BUILD_BRIEF.md 3.2 refined visual-family rule
LPLC4,spiking,ASSUMPTION,110,spiking,0,BUILD_BRIEF.md 3.2 refined visual-family rule
LPT04_HST,spiking,ASSUMPTION,2,spiking,0,BUILD_BRIEF.md 3.2 refined visual-family rule
LPT21,spiking,ASSUMPTION,2,spiking,0,BUILD_BRIEF.md 3.2 refined visual-family rule
LPT22,spiking,ASSUMPTION,2,spiking,0,BUILD_BRIEF.md 3.2 refined visual-family rule
LPT23,spiking,ASSUMPTION,6,spiking,0,BUILD_BRIEF.md 3.2 refined visual-family rule
LPT26,spiking,ASSUMPTION,2,spiking,0,BUILD_BRIEF.md 3.2 refined visual-family rule
LPT27,spiking,ASSUMPTION,2,spiking,0,BUILD_BRIEF.md 3.2 refined visual-family rule
LPT28,spiking,ASSUMPTION,2,spiking,0,BUILD_BRIEF.md 3.2 refined visual-family rule
LPT29,spiking,ASSUMPTION,2,spiking,0,BUILD_BRIEF.md 3.2 refined visual-family rule
LPT30,spiking,ASSUMPTION,2,spiking,0,BUILD_BRIEF.md 3.2 refined visual-family rule
LPT31,spiking,ASSUMPTION,8,spiking,0,BUILD_BRIEF.md 3.2 refined visual-family rule
LPT42_Nod4,spiking,ASSUMPTION,2,spiking,0,BUILD_BRIEF.md 3.2 refined visual-family rule
LPT45_dCal1,spiking,ASSUMPTION,2,spiking,0,BUILD_BRIEF.md 3.2 refined visual-family rule
LPT47_vCal2,spiking,ASSUMPTION,2,spiking,0,BUILD_BRIEF.md 3.2 refined visual-family rule
LPT48_vCal3,spiking,ASSUMPTION,2,spiking,0,BUILD_BRIEF.md 3.2 refined visual-family rule
LPT49,spiking,ASSUMPTION,2,spiking,0,BUILD_BRIEF.md 3.2 refined visual-family rule
LPT50,spiking,ASSUMPTION,2,spiking,0,BUILD_BRIEF.md 3.2 refined visual-family rule
LPT51,spiking,ASSUMPTION,2,spiking,0,BUILD_BRIEF.md 3.2 refined visual-family rule
LPT52,spiking,ASSUMPTION,2,spiking,0,BUILD_BRIEF.md 3.2 refined visual-family rule
LPT53,spiking,ASSUMPTION,2,spiking,0,BUILD_BRIEF.md 3.2 refined visual-family rule
LPT54,spiking,ASSUMPTION,2,spiking,0,BUILD_BRIEF.md 3.2 refined visual-family rule
LPT57,spiking,ASSUMPTION,2,spiking,0,BUILD_BRIEF.md 3.2 refined visual-family rule
LPT58,spiking,ASSUMPTION,2,spiking,0,BUILD_BRIEF.md 3.2 refined visual-family rule
LPTe01,spiking,ASSUMPTION,38,spiking,0,BUILD_BRIEF.md 3.2 refined visual-family rule
LPTe02,spiking,ASSUMPTION,11,spiking,0,BUILD_BRIEF.md 3.2 refined visual-family rule
LPi01,graded,ASSUMPTION,38,graded,38,BUILD_BRIEF.md 3.2 refined visual-family rule
LPi02,graded,ASSUMPTION,89,graded,89,BUILD_BRIEF.md 3.2 refined visual-family rule
LPi03,graded,ASSUMPTION,13,graded,13,BUILD_BRIEF.md 3.2 refined visual-family rule
LPi04,graded,ASSUMPTION,87,graded,87,BUILD_BRIEF.md 3.2 refined visual-family rule
LPi05,graded,ASSUMPTION,78,graded,78,BUILD_BRIEF.md 3.2 refined visual-family rule
LPi06,graded,ASSUMPTION,34,graded,34,BUILD_BRIEF.md 3.2 refined visual-family rule
LPi07,graded,ASSUMPTION,95,graded,95,BUILD_BRIEF.md 3.2 refined visual-family rule
LPi08,graded,ASSUMPTION,45,graded,45,BUILD_BRIEF.md 3.2 refined visual-family rule
LPi09,graded,ASSUMPTION,114,graded,114,BUILD_BRIEF.md 3.2 refined visual-family rule
LPi10,graded,ASSUMPTION,42,graded,42,BUILD_BRIEF.md 3.2 refined visual-family rule
LPi11,graded,ASSUMPTION,55,graded,55,BUILD_BRIEF.md 3.2 refined visual-family rule
LPi12,graded,ASSUMPTION,2,graded,2,BUILD_BRIEF.md 3.2 refined visual-family rule
LPi13,graded,ASSUMPTION,2,graded,2,BUILD_BRIEF.md 3.2 refined visual-family rule
LPi14,graded,ASSUMPTION,4,graded,4,BUILD_BRIEF.md 3.2 refined visual-family rule
LPi15,graded,ASSUMPTION,2,graded,2,BUILD_BRIEF.md 3.2 refined visual-family rule
LPsP,spiking,ASSUMPTION,2,spiking,0,BUILD_BRIEF.md 3.2 refined visual-family rule
LT11,spiking,ASSUMPTION,2,spiking,0,BUILD_BRIEF.md 3.2 refined visual-family rule
LT1a,spiking,ASSUMPTION,2,spiking,0,BUILD_BRIEF.md 3.2 refined visual-family rule
LT1b,spiking,ASSUMPTION,2,spiking,0,BUILD_BRIEF.md 3.2 refined visual-family rule
LT1c,spiking,ASSUMPTION,2,spiking,0,BUILD_BRIEF.md 3.2 refined visual-family rule
LT1d,spiking,ASSUMPTION,2,spiking,0,BUILD_BRIEF.md 3.2 refined visual-family rule
LT33,spiking,ASSUMPTION,2,spiking,0,BUILD_BRIEF.md 3.2 refined visual-family rule
LT34,spiking,ASSUMPTION,2,spiking,0,BUILD_BRIEF.md 3.2 refined visual-family rule
LT36,spiking,ASSUMPTION,2,spiking,0,BUILD_BRIEF.md 3.2 refined visual-family rule
LT37,spiking,ASSUMPTION,2,spiking,0,BUILD_BRIEF.md 3.2 refined visual-family rule
LT38,spiking,ASSUMPTION,5,spiking,0,BUILD_BRIEF.md 3.2 refined visual-family rule
LT39,spiking,ASSUMPTION,2,spiking,0,BUILD_BRIEF.md 3.2 refined visual-family rule
LT40,spiking,ASSUMPTION,2,spiking,0,BUILD_BRIEF.md 3.2 refined visual-family rule
LT41,spiking,ASSUMPTION,2,spiking,0,BUILD_BRIEF.md 3.2 refined visual-family rule
LT42,spiking,ASSUMPTION,2,spiking,0,BUILD_BRIEF.md 3.2 refined visual-family rule
LT43,spiking,ASSUMPTION,4,spiking,0,BUILD_BRIEF.md 3.2 refined visual-family rule
LT47,spiking,ASSUMPTION,2,spiking,0,BUILD_BRIEF.md 3.2 refined visual-family rule
LT51,spiking,ASSUMPTION,22,spiking,0,BUILD_BRIEF.md 3.2 refined visual-family rule
LT52,spiking,ASSUMPTION,31,spiking,0,BUILD_BRIEF.md 3.2 refined visual-family rule
"LT53,PLP098",spiking,ASSUMPTION,8,spiking,0,BUILD_BRIEF.md 3.2 refined visual-family rule
LT54,spiking,ASSUMPTION,2,spiking,0,BUILD_BRIEF.md 3.2 refined visual-family rule
LT55,spiking,ASSUMPTION,2,spiking,0,BUILD_BRIEF.md 3.2 refined visual-family rule
LT56,spiking,ASSUMPTION,2,spiking,0,BUILD_BRIEF.md 3.2 refined visual-family rule
LT57,spiking,ASSUMPTION,22,spiking,0,BUILD_BRIEF.md 3.2 refined visual-family rule
LT58,spiking,ASSUMPTION,2,spiking,0,BUILD_BRIEF.md 3.2 refined visual-family rule
LT59,spiking,ASSUMPTION,2,spiking,0,BUILD_BRIEF.md 3.2 refined visual-family rule
LT60,spiking,ASSUMPTION,2,spiking,0,BUILD_BRIEF.md 3.2 refined visual-family rule
LT61a,spiking,ASSUMPTION,2,spiking,0,BUILD_BRIEF.md 3.2 refined visual-family rule
LT61b,spiking,ASSUMPTION,2,spiking,0,BUILD_BRIEF.md 3.2 refined visual-family rule
LT62,spiking,ASSUMPTION,2,spiking,0,BUILD_BRIEF.md 3.2 refined visual-family rule
LT63,spiking,ASSUMPTION,4,spiking,0,BUILD_BRIEF.md 3.2 refined visual-family rule
LT64,spiking,ASSUMPTION,4,spiking,0,BUILD_BRIEF.md 3.2 refined visual-family rule
LT65,spiking,ASSUMPTION,2,spiking,0,BUILD_BRIEF.md 3.2 refined visual-family rule
LT66,spiking,ASSUMPTION,2,spiking,0,BUILD_BRIEF.md 3.2 refined visual-family rule
LT67,spiking,ASSUMPTION,2,spiking,0,BUILD_BRIEF.md 3.2 refined visual-family rule
LT68,spiking,ASSUMPTION,4,spiking,0,BUILD_BRIEF.md 3.2 refined visual-family rule
LT69,spiking,ASSUMPTION,2,spiking,0,BUILD_BRIEF.md 3.2 refined visual-family rule
LT70,spiking,ASSUMPTION,8,spiking,0,BUILD_BRIEF.md 3.2 refined visual-family rule
LT72,spiking,ASSUMPTION,2,spiking,0,BUILD_BRIEF.md 3.2 refined visual-family rule
LT73,spiking,ASSUMPTION,4,spiking,0,BUILD_BRIEF.md 3.2 refined visual-family rule
LT74,spiking,ASSUMPTION,5,spiking,0,BUILD_BRIEF.md 3.2 refined visual-family rule
LT75,spiking,ASSUMPTION,2,spiking,0,BUILD_BRIEF.md 3.2 refined visual-family rule
LT76,spiking,ASSUMPTION,2,spiking,0,BUILD_BRIEF.md 3.2 refined visual-family rule
LT77,spiking,ASSUMPTION,6,spiking,0,BUILD_BRIEF.md 3.2 refined visual-family rule
LT78,spiking,ASSUMPTION,8,spiking,0,BUILD_BRIEF.md 3.2 refined visual-family rule
LT79,spiking,ASSUMPTION,2,spiking,0,BUILD_BRIEF.md 3.2 refined visual-family rule
LT80,spiking,ASSUMPTION,4,spiking,0,BUILD_BRIEF.md 3.2 refined visual-family rule
LT81,spiking,ASSUMPTION,11,spiking,0,BUILD_BRIEF.md 3.2 refined visual-family rule
LT82a,spiking,ASSUMPTION,2,spiking,0,BUILD_BRIEF.md 3.2 refined visual-family rule
LT82b,spiking,ASSUMPTION,4,spiking,0,BUILD_BRIEF.md 3.2 refined visual-family rule
LT83,spiking,ASSUMPTION,2,spiking,0,BUILD_BRIEF.md 3.2 refined visual-family rule
LT84,spiking,ASSUMPTION,2,spiking,0,BUILD_BRIEF.md 3.2 refined visual-family rule
LT85,spiking,ASSUMPTION,2,spiking,0,BUILD_BRIEF.md 3.2 refined visual-family rule
LT86,spiking,ASSUMPTION,2,spiking,0,BUILD_BRIEF.md 3.2 refined visual-family rule
LT87,spiking,ASSUMPTION,2,spiking,0,BUILD_BRIEF.md 3.2 refined visual-family rule
LTe01,spiking,ASSUMPTION,5,spiking,0,BUILD_BRIEF.md 3.2 refined visual-family rule
LTe02,spiking,ASSUMPTION,4,spiking,0,BUILD_BRIEF.md 3.2 refined visual-family rule
LTe03,spiking,ASSUMPTION,4,spiking,0,BUILD_BRIEF.md 3.2 refined visual-family rule
LTe04,spiking,ASSUMPTION,2,spiking,0,BUILD_BRIEF.md 3.2 refined visual-family rule
LTe05,spiking,ASSUMPTION,2,spiking,0,BUILD_BRIEF.md 3.2 refined visual-family rule
LTe06,spiking,ASSUMPTION,2,spiking,0,BUILD_BRIEF.md 3.2 refined visual-family rule
LTe07,spiking,ASSUMPTION,2,spiking,0,BUILD_BRIEF.md 3.2 refined visual-family rule
LTe08,spiking,ASSUMPTION,2,spiking,0,BUILD_BRIEF.md 3.2 refined visual-family rule
LTe09,spiking,ASSUMPTION,15,spiking,0,BUILD_BRIEF.md 3.2 refined visual-family rule
LTe10,spiking,ASSUMPTION,2,spiking,0,BUILD_BRIEF.md 3.2 refined visual-family rule
LTe11,spiking,ASSUMPTION,2,spiking,0,BUILD_BRIEF.md 3.2 refined visual-family rule
LTe12,spiking,ASSUMPTION,2,spiking,0,BUILD_BRIEF.md 3.2 refined visual-family rule
LTe13,spiking,ASSUMPTION,2,spiking,0,BUILD_BRIEF.md 3.2 refined visual-family rule
LTe14,spiking,ASSUMPTION,2,spiking,0,BUILD_BRIEF.md 3.2 refined visual-family rule
LTe15,spiking,ASSUMPTION,2,spiking,0,BUILD_BRIEF.md 3.2 refined visual-family rule
LTe16,spiking,ASSUMPTION,2,spiking,0,BUILD_BRIEF.md 3.2 refined visual-family rule
LTe17,spiking,ASSUMPTION,2,spiking,0,BUILD_BRIEF.md 3.2 refined visual-family rule
LTe18,spiking,ASSUMPTION,2,spiking,0,BUILD_BRIEF.md 3.2 refined visual-family rule
LTe19,spiking,ASSUMPTION,2,spiking,0,BUILD_BRIEF.md 3.2 refined visual-family rule
LTe20,spiking,ASSUMPTION,2,spiking,0,BUILD_BRIEF.md 3.2 refined visual-family rule
LTe21,spiking,ASSUMPTION,2,spiking,0,BUILD_BRIEF.md 3.2 refined visual-family rule
LTe22,spiking,ASSUMPTION,2,spiking,0,BUILD_BRIEF.md 3.2 refined visual-family rule
LTe23,spiking,ASSUMPTION,2,spiking,0,BUILD_BRIEF.md 3.2 refined visual-family rule
LTe24,spiking,ASSUMPTION,2,spiking,0,BUILD_BRIEF.md 3.2 refined visual-family rule
LTe25,spiking,ASSUMPTION,2,spiking,0,BUILD_BRIEF.md 3.2 refined visual-family rule
LTe26,spiking,ASSUMPTION,2,spiking,0,BUILD_BRIEF.md 3.2 refined visual-family rule
LTe27,spiking,ASSUMPTION,2,spiking,0,BUILD_BRIEF.md 3.2 refined visual-family rule
LTe28,spiking,ASSUMPTION,2,spiking,0,BUILD_BRIEF.md 3.2 refined visual-family rule
LTe29,spiking,ASSUMPTION,2,spiking,0,BUILD_BRIEF.md 3.2 refined visual-family rule
LTe30,spiking,ASSUMPTION,2,spiking,0,BUILD_BRIEF.md 3.2 refined visual-family rule
LTe31,spiking,ASSUMPTION,2,spiking,0,BUILD_BRIEF.md 3.2 refined visual-family rule
LTe32,spiking,ASSUMPTION,6,spiking,0,BUILD_BRIEF.md 3.2 refined visual-family rule
LTe33,spiking,ASSUMPTION,5,spiking,0,BUILD_BRIEF.md 3.2 refined visual-family rule
LTe35,spiking,ASSUMPTION,2,spiking,0,BUILD_BRIEF.md 3.2 refined visual-family rule
LTe36,spiking,ASSUMPTION,2,spiking,0,BUILD_BRIEF.md 3.2 refined visual-family rule
LTe37,spiking,ASSUMPTION,4,spiking,0,BUILD_BRIEF.md 3.2 refined visual-family rule
LTe38a,spiking,ASSUMPTION,8,spiking,0,BUILD_BRIEF.md 3.2 refined visual-family rule
LTe38b,spiking,ASSUMPTION,4,spiking,0,BUILD_BRIEF.md 3.2 refined visual-family rule
LTe40,spiking,ASSUMPTION,2,spiking,0,BUILD_BRIEF.md 3.2 refined visual-family rule
LTe41,spiking,ASSUMPTION,2,spiking,0,BUILD_BRIEF.md 3.2 refined visual-family rule
LTe42a,spiking,ASSUMPTION,2,spiking,0,BUILD_BRIEF.md 3.2 refined visual-family rule
LTe42b,spiking,ASSUMPTION,2,spiking,0,BUILD_BRIEF.md 3.2 refined visual-family rule
LTe42c,spiking,ASSUMPTION,2,spiking,0,BUILD_BRIEF.md 3.2 refined visual-family rule
LTe43a,spiking,ASSUMPTION,2,spiking,0,BUILD_BRIEF.md 3.2 refined visual-family rule
LTe43b,spiking,ASSUMPTION,6,spiking,0,BUILD_BRIEF.md 3.2 refined visual-family rule
LTe44,spiking,ASSUMPTION,2,spiking,0,BUILD_BRIEF.md 3.2 refined visual-family rule
LTe45,spiking,ASSUMPTION,2,spiking,0,BUILD_BRIEF.md 3.2 refined visual-family rule
LTe46,spiking,ASSUMPTION,2,spiking,0,BUILD_BRIEF.md 3.2 refined visual-family rule
LTe47,spiking,ASSUMPTION,4,spiking,0,BUILD_BRIEF.md 3.2 refined visual-family rule
LTe48,spiking,ASSUMPTION,2,spiking,0,BUILD_BRIEF.md 3.2 refined visual-family rule
LTe49,spiking,ASSUMPTION,27,spiking,0,BUILD_BRIEF.md 3.2 refined visual-family rule
LTe50,spiking,ASSUMPTION,4,spiking,0,BUILD_BRIEF.md 3.2 refined visual-family rule
LTe51,spiking,ASSUMPTION,2,spiking,0,BUILD_BRIEF.md 3.2 refined visual-family rule
LTe53,spiking,ASSUMPTION,2,spiking,0,BUILD_BRIEF.md 3.2 refined visual-family rule
LTe54,spiking,ASSUMPTION,4,spiking,0,BUILD_BRIEF.md 3.2 refined visual-family rule
LTe55,spiking,ASSUMPTION,2,spiking,0,BUILD_BRIEF.md 3.2 refined visual-family rule
LTe56,spiking,ASSUMPTION,2,spiking,0,BUILD_BRIEF.md 3.2 refined visual-family rule
LTe57,spiking,ASSUMPTION,2,spiking,0,BUILD_BRIEF.md 3.2 refined visual-family rule
LTe58,spiking,ASSUMPTION,12,spiking,0,BUILD_BRIEF.md 3.2 refined visual-family rule
LTe59a,spiking,ASSUMPTION,2,spiking,0,BUILD_BRIEF.md 3.2 refined visual-family rule
LTe59b,spiking,ASSUMPTION,2,spiking,0,BUILD_BRIEF.md 3.2 refined visual-family rule
LTe60,spiking,ASSUMPTION,2,spiking,0,BUILD_BRIEF.md 3.2 refined visual-family rule
LTe62,spiking,ASSUMPTION,2,spiking,0,BUILD_BRIEF.md 3.2 refined visual-family rule
LTe63,spiking,ASSUMPTION,6,spiking,0,BUILD_BRIEF.md 3.2 refined visual-family rule
LTe64,spiking,ASSUMPTION,16,spiking,0,BUILD_BRIEF.md 3.2 refined visual-family rule
LTe65,spiking,ASSUMPTION,7,spiking,0,BUILD_BRIEF.md 3.2 refined visual-family rule
LTe66,spiking,ASSUMPTION,7,spiking,0,BUILD_BRIEF.md 3.2 refined visual-family rule
LTe67,spiking,ASSUMPTION,4,spiking,0,BUILD_BRIEF.md 3.2 refined visual-family rule
LTe68a,spiking,ASSUMPTION,4,spiking,0,BUILD_BRIEF.md 3.2 refined visual-family rule
LTe68b,spiking,ASSUMPTION,6,spiking,0,BUILD_BRIEF.md 3.2 refined visual-family rule
LTe69,spiking,ASSUMPTION,2,spiking,0,BUILD_BRIEF.md 3.2 refined visual-family rule
LTe70,spiking,ASSUMPTION,2,spiking,0,BUILD_BRIEF.md 3.2 refined visual-family rule
LTe71,spiking,ASSUMPTION,2,spiking,0,BUILD_BRIEF.md 3.2 refined visual-family rule
LTe72,spiking,ASSUMPTION,2,spiking,0,BUILD_BRIEF.md 3.2 refined visual-family rule
LTe73,spiking,ASSUMPTION,2,spiking,0,BUILD_BRIEF.md 3.2 refined visual-family rule
LTe74,spiking,ASSUMPTION,2,spiking,0,BUILD_BRIEF.md 3.2 refined visual-family rule
LTe75,spiking,ASSUMPTION,2,spiking,0,BUILD_BRIEF.md 3.2 refined visual-family rule
LTe76,spiking,ASSUMPTION,2,spiking,0,BUILD_BRIEF.md 3.2 refined visual-family rule
Lai,graded,ASSUMPTION,311,graded,311,BUILD_BRIEF.md 3.2 refined visual-family rule
Lat1,spiking,ASSUMPTION,7,spiking,0,BUILD_BRIEF.md 3.2 refined visual-family rule
Lat2,spiking,ASSUMPTION,2,spiking,0,BUILD_BRIEF.md 3.2 refined visual-family rule
Lat5,spiking,ASSUMPTION,1,spiking,0,BUILD_BRIEF.md 3.2 refined visual-family rule
Lawf1,graded,ASSUMPTION,345,graded,345,BUILD_BRIEF.md 3.2 refined visual-family rule
Lawf2,graded,ASSUMPTION,321,graded,321,BUILD_BRIEF.md 3.2 refined visual-family rule
Li01,graded,ASSUMPTION,167,graded,167,BUILD_BRIEF.md 3.2 refined visual-family rule
Li02,graded,ASSUMPTION,93,graded,93,BUILD_BRIEF.md 3.2 refined visual-family rule
Li03,graded,ASSUMPTION,83,graded,83,BUILD_BRIEF.md 3.2 refined visual-family rule
Li04,graded,ASSUMPTION,26,graded,26,BUILD_BRIEF.md 3.2 refined visual-family rule
Li05,graded,ASSUMPTION,165,graded,165,BUILD_BRIEF.md 3.2 refined visual-family rule
Li06,graded,ASSUMPTION,196,graded,196,BUILD_BRIEF.md 3.2 refined visual-family rule
Li07,graded,ASSUMPTION,22,graded,22,BUILD_BRIEF.md 3.2 refined visual-family rule
Li08,graded,ASSUMPTION,44,graded,44,BUILD_BRIEF.md 3.2 refined visual-family rule
Li09,graded,ASSUMPTION,52,graded,52,BUILD_BRIEF.md 3.2 refined visual-family rule
Li10,graded,ASSUMPTION,186,graded,186,BUILD_BRIEF.md 3.2 refined visual-family rule
Li11,graded,ASSUMPTION,62,graded,62,BUILD_BRIEF.md 3.2 refined visual-family rule
Li12,graded,ASSUMPTION,42,graded,42,BUILD_BRIEF.md 3.2 refined visual-family rule
Li124_56,graded,ASSUMPTION,2,graded,2,BUILD_BRIEF.md 3.2 refined visual-family rule
Li13,graded,ASSUMPTION,67,graded,67,BUILD_BRIEF.md 3.2 refined visual-family rule
Li14,graded,ASSUMPTION,26,graded,26,BUILD_BRIEF.md 3.2 refined visual-family rule
Li15,graded,ASSUMPTION,32,graded,32,BUILD_BRIEF.md 3.2 refined visual-family rule
Li16,graded,ASSUMPTION,36,graded,36,BUILD_BRIEF.md 3.2 refined visual-family rule
Li17,graded,ASSUMPTION,89,graded,89,BUILD_BRIEF.md 3.2 refined visual-family rule
Li18,graded,ASSUMPTION,32,graded,32,BUILD_BRIEF.md 3.2 refined visual-family rule
Li19,graded,ASSUMPTION,4,graded,4,BUILD_BRIEF.md 3.2 refined visual-family rule
Li20,graded,ASSUMPTION,6,graded,6,BUILD_BRIEF.md 3.2 refined visual-family rule
Li21,graded,ASSUMPTION,18,graded,18,BUILD_BRIEF.md 3.2 refined visual-family rule
Li22,graded,ASSUMPTION,17,graded,17,BUILD_BRIEF.md 3.2 refined visual-family rule
Li23,graded,ASSUMPTION,2,graded,2,BUILD_BRIEF.md 3.2 refined visual-family rule
Li24,graded,ASSUMPTION,10,graded,10,BUILD_BRIEF.md 3.2 refined visual-family rule
Li25,graded,ASSUMPTION,4,graded,4,BUILD_BRIEF.md 3.2 refined visual-family rule
Li26,graded,ASSUMPTION,8,graded,8,BUILD_BRIEF.md 3.2 refined visual-family rule
Li27,graded,ASSUMPTION,4,graded,4,BUILD_BRIEF.md 3.2 refined visual-family rule
Li28,graded,ASSUMPTION,4,graded,4,BUILD_BRIEF.md 3.2 refined visual-family rule
Li29,graded,ASSUMPTION,2,graded,2,BUILD_BRIEF.md 3.2 refined visual-family rule
Li30,graded,ASSUMPTION,2,graded,2,BUILD_BRIEF.md 3.2 refined visual-family rule
Li31,graded,ASSUMPTION,2,graded,2,BUILD_BRIEF.md 3.2 refined visual-family rule
Li32,graded,ASSUMPTION,2,graded,2,BUILD_BRIEF.md 3.2 refined visual-family rule
Li33,graded,ASSUMPTION,2,graded,2,BUILD_BRIEF.md 3.2 refined visual-family rule
MB-C1,spiking,ASSUMPTION,4,spiking,0,BUILD_BRIEF.md 3.2 refined visual-family rule
MBON01,spiking,ASSUMPTION,2,spiking,0,BUILD_BRIEF.md 3.2 refined visual-family rule
MBON02,spiking,ASSUMPTION,2,spiking,0,BUILD_BRIEF.md 3.2 refined visual-family rule
MBON03,spiking,ASSUMPTION,2,spiking,0,BUILD_BRIEF.md 3.2 refined visual-family rule
MBON04,spiking,ASSUMPTION,2,spiking,0,BUILD_BRIEF.md 3.2 refined visual-family rule
MBON05,spiking,ASSUMPTION,2,spiking,0,BUILD_BRIEF.md 3.2 refined visual-family rule
MBON06,spiking,ASSUMPTION,2,spiking,0,BUILD_BRIEF.md 3.2 refined visual-family rule
MBON07,spiking,ASSUMPTION,4,spiking,0,BUILD_BRIEF.md 3.2 refined visual-family rule
MBON09,spiking,ASSUMPTION,4,spiking,0,BUILD_BRIEF.md 3.2 refined visual-family rule
MBON10,spiking,ASSUMPTION,9,spiking,0,BUILD_BRIEF.md 3.2 refined visual-family rule
MBON11,spiking,ASSUMPTION,2,spiking,0,BUILD_BRIEF.md 3.2 refined visual-family rule
MBON12,spiking,ASSUMPTION,4,spiking,0,BUILD_BRIEF.md 3.2 refined visual-family rule
MBON13,spiking,ASSUMPTION,2,spiking,0,BUILD_BRIEF.md 3.2 refined visual-family rule
MBON14,spiking,ASSUMPTION,4,spiking,0,BUILD_BRIEF.md 3.2 refined visual-family rule
MBON15,spiking,ASSUMPTION,4,spiking,0,BUILD_BRIEF.md 3.2 refined visual-family rule
MBON15-like,spiking,ASSUMPTION,5,spiking,0,BUILD_BRIEF.md 3.2 refined visual-family rule
MBON16,spiking,ASSUMPTION,2,spiking,0,BUILD_BRIEF.md 3.2 refined visual-family rule
MBON17,spiking,ASSUMPTION,2,spiking,0,BUILD_BRIEF.md 3.2 refined visual-family rule
MBON17-like,spiking,ASSUMPTION,2,spiking,0,BUILD_BRIEF.md 3.2 refined visual-family rule
MBON18,spiking,ASSUMPTION,2,spiking,0,BUILD_BRIEF.md 3.2 refined visual-family rule
MBON19,spiking,ASSUMPTION,4,spiking,0,BUILD_BRIEF.md 3.2 refined visual-family rule
MBON20,spiking,ASSUMPTION,2,spiking,0,BUILD_BRIEF.md 3.2 refined visual-family rule
MBON21,spiking,ASSUMPTION,2,spiking,0,BUILD_BRIEF.md 3.2 refined visual-family rule
MBON22,spiking,ASSUMPTION,2,spiking,0,BUILD_BRIEF.md 3.2 refined visual-family rule
MBON23,spiking,ASSUMPTION,2,spiking,0,BUILD_BRIEF.md 3.2 refined visual-family rule
MBON24,spiking,ASSUMPTION,2,spiking,0,BUILD_BRIEF.md 3.2 refined visual-family rule
"MBON25,MBON34",spiking,ASSUMPTION,6,spiking,0,BUILD_BRIEF.md 3.2 refined visual-family rule
MBON26,spiking,ASSUMPTION,2,spiking,0,BUILD_BRIEF.md 3.2 refined visual-family rule
MBON27,spiking,ASSUMPTION,2,spiking,0,BUILD_BRIEF.md 3.2 refined visual-family rule
MBON28,spiking,ASSUMPTION,2,spiking,0,BUILD_BRIEF.md 3.2 refined visual-family rule
MBON29,spiking,ASSUMPTION,2,spiking,0,BUILD_BRIEF.md 3.2 refined visual-family rule
MBON30,spiking,ASSUMPTION,2,spiking,0,BUILD_BRIEF.md 3.2 refined visual-family rule
MBON31,spiking,ASSUMPTION,2,spiking,0,BUILD_BRIEF.md 3.2 refined visual-family rule
MBON32,spiking,ASSUMPTION,2,spiking,0,BUILD_BRIEF.md 3.2 refined visual-family rule
MBON33,spiking,ASSUMPTION,2,spiking,0,BUILD_BRIEF.md 3.2 refined visual-family rule
MBON35,spiking,ASSUMPTION,2,spiking,0,BUILD_BRIEF.md 3.2 refined visual-family rule
MC65,spiking,ASSUMPTION,6,spiking,0,BUILD_BRIEF.md 3.2 refined visual-family rule
MDN,spiking,ASSUMPTION,4,spiking,0,BUILD_BRIEF.md 3.2 refined visual-family rule
MLt1,spiking,ASSUMPTION,95,spiking,0,BUILD_BRIEF.md 3.2 refined visual-family rule
MLt2,spiking,ASSUMPTION,103,spiking,0,BUILD_BRIEF.md 3.2 refined visual-family rule
MLt3,spiking,ASSUMPTION,108,spiking,0,BUILD_BRIEF.md 3.2 refined visual-family rule
MLt4,spiking,ASSUMPTION,90,spiking,0,BUILD_BRIEF.md 3.2 refined visual-family rule
MLt5,spiking,ASSUMPTION,68,spiking,0,BUILD_BRIEF.md 3.2 refined visual-family rule
MLt6,spiking,ASSUMPTION,59,spiking,0,BUILD_BRIEF.md 3.2 refined visual-family rule
MLt7,spiking,ASSUMPTION,50,spiking,0,BUILD_BRIEF.md 3.2 refined visual-family rule
MLt8,spiking,ASSUMPTION,24,spiking,0,BUILD_BRIEF.md 3.2 refined visual-family rule
MN10,spiking,ASSUMPTION,3,spiking,0,BUILD_BRIEF.md 3.2 refined visual-family rule
MNx01,spiking,ASSUMPTION,3,spiking,0,BUILD_BRIEF.md 3.2 refined visual-family rule
MNx03,spiking,ASSUMPTION,2,spiking,0,BUILD_BRIEF.md 3.2 refined visual-family rule
MTe01a,spiking,ASSUMPTION,87,spiking,0,BUILD_BRIEF.md 3.2 refined visual-family rule
MTe01b,spiking,ASSUMPTION,48,spiking,0,BUILD_BRIEF.md 3.2 refined visual-family rule
MTe01c,spiking,ASSUMPTION,4,spiking,0,BUILD_BRIEF.md 3.2 refined visual-family rule
MTe02,spiking,ASSUMPTION,75,spiking,0,BUILD_BRIEF.md 3.2 refined visual-family rule
MTe03,spiking,ASSUMPTION,47,spiking,0,BUILD_BRIEF.md 3.2 refined visual-family rule
MTe04,spiking,ASSUMPTION,30,spiking,0,BUILD_BRIEF.md 3.2 refined visual-family rule
MTe05,spiking,ASSUMPTION,25,spiking,0,BUILD_BRIEF.md 3.2 refined visual-family rule
MTe06,spiking,ASSUMPTION,18,spiking,0,BUILD_BRIEF.md 3.2 refined visual-family rule
MTe07,spiking,ASSUMPTION,15,spiking,0,BUILD_BRIEF.md 3.2 refined visual-family rule
MTe08,spiking,ASSUMPTION,12,spiking,0,BUILD_BRIEF.md 3.2 refined visual-family rule
MTe09,spiking,ASSUMPTION,10,spiking,0,BUILD_BRIEF.md 3.2 refined visual-family rule
MTe10,spiking,ASSUMPTION,8,spiking,0,BUILD_BRIEF.md 3.2 refined visual-family rule
MTe11,spiking,ASSUMPTION,6,spiking,0,BUILD_BRIEF.md 3.2 refined visual-family rule
MTe12,spiking,ASSUMPTION,6,spiking,0,BUILD_BRIEF.md 3.2 refined visual-family rule
MTe13,spiking,ASSUMPTION,5,spiking,0,BUILD_BRIEF.md 3.2 refined visual-family rule
MTe14,spiking,ASSUMPTION,4,spiking,0,BUILD_BRIEF.md 3.2 refined visual-family rule
MTe15,spiking,ASSUMPTION,4,spiking,0,BUILD_BRIEF.md 3.2 refined visual-family rule
MTe16,spiking,ASSUMPTION,4,spiking,0,BUILD_BRIEF.md 3.2 refined visual-family rule
MTe17a,spiking,ASSUMPTION,2,spiking,0,BUILD_BRIEF.md 3.2 refined visual-family rule
MTe17b,spiking,ASSUMPTION,2,spiking,0,BUILD_BRIEF.md 3.2 refined visual-family rule
MTe18,spiking,ASSUMPTION,3,spiking,0,BUILD_BRIEF.md 3.2 refined visual-family rule
MTe19,spiking,ASSUMPTION,2,spiking,0,BUILD_BRIEF.md 3.2 refined visual-family rule
MTe20,spiking,ASSUMPTION,2,spiking,0,BUILD_BRIEF.md 3.2 refined visual-family rule
MTe21,spiking,ASSUMPTION,2,spiking,0,BUILD_BRIEF.md 3.2 refined visual-family rule
MTe22,spiking,ASSUMPTION,2,spiking,0,BUILD_BRIEF.md 3.2 refined visual-family rule
MTe23,spiking,ASSUMPTION,2,spiking,0,BUILD_BRIEF.md 3.2 refined visual-family rule
MTe24,spiking,ASSUMPTION,2,spiking,0,BUILD_BRIEF.md 3.2 refined visual-family rule
MTe25,spiking,ASSUMPTION,2,spiking,0,BUILD_BRIEF.md 3.2 refined visual-family rule
MTe26,spiking,ASSUMPTION,2,spiking,0,BUILD_BRIEF.md 3.2 refined visual-family rule
MTe27,spiking,ASSUMPTION,2,spiking,0,BUILD_BRIEF.md 3.2 refined visual-family rule
MTe28,spiking,ASSUMPTION,2,spiking,0,BUILD_BRIEF.md 3.2 refined visual-family rule
MTe29,spiking,ASSUMPTION,2,spiking,0,BUILD_BRIEF.md 3.2 refined visual-family rule
MTe30,spiking,ASSUMPTION,2,spiking,0,BUILD_BRIEF.md 3.2 refined visual-family rule
MTe31,spiking,ASSUMPTION,2,spiking,0,BUILD_BRIEF.md 3.2 refined visual-family rule
MTe32,spiking,ASSUMPTION,2,spiking,0,BUILD_BRIEF.md 3.2 refined visual-family rule
MTe33,spiking,ASSUMPTION,2,spiking,0,BUILD_BRIEF.md 3.2 refined visual-family rule
MTe34,spiking,ASSUMPTION,2,spiking,0,BUILD_BRIEF.md 3.2 refined visual-family rule
MTe35,spiking,ASSUMPTION,2,spiking,0,BUILD_BRIEF.md 3.2 refined visual-family rule
MTe36,spiking,ASSUMPTION,2,spiking,0,BUILD_BRIEF.md 3.2 refined visual-family rule
MTe37,spiking,ASSUMPTION,2,spiking,0,BUILD_BRIEF.md 3.2 refined visual-family rule
MTe38,spiking,ASSUMPTION,2,spiking,0,BUILD_BRIEF.md 3.2 refined visual-family rule
MTe39,spiking,ASSUMPTION,2,spiking,0,BUILD_BRIEF.md 3.2 refined visual-family rule
MTe40,spiking,ASSUMPTION,2,spiking,0,BUILD_BRIEF.md 3.2 refined visual-family rule
MTe41,spiking,ASSUMPTION,2,spiking,0,BUILD_BRIEF.md 3.2 refined visual-family rule
MTe42,spiking,ASSUMPTION,2,spiking,0,BUILD_BRIEF.md 3.2 refined visual-family rule
MTe43,spiking,ASSUMPTION,2,spiking,0,BUILD_BRIEF.md 3.2 refined visual-family rule
MTe44,spiking,ASSUMPTION,2,spiking,0,BUILD_BRIEF.md 3.2 refined visual-family rule
MTe45,spiking,ASSUMPTION,2,spiking,0,BUILD_BRIEF.md 3.2 refined visual-family rule
MTe46,spiking,ASSUMPTION,3,spiking,0,BUILD_BRIEF.md 3.2 refined visual-family rule
MTe47,spiking,ASSUMPTION,4,spiking,0,BUILD_BRIEF.md 3.2 refined visual-family rule
MTe48,spiking,ASSUMPTION,2,spiking,0,BUILD_BRIEF.md 3.2 refined visual-family rule
MTe49,spiking,ASSUMPTION,2,spiking,0,BUILD_BRIEF.md 3.2 refined visual-family rule
MTe50,spiking,ASSUMPTION,54,spiking,0,BUILD_BRIEF.md 3.2 refined visual-family rule
MTe51,spiking,ASSUMPTION,99,spiking,0,BUILD_BRIEF.md 3.2 refined visual-family rule
MTe52,spiking,ASSUMPTION,42,spiking,0,BUILD_BRIEF.md 3.2 refined visual-family rule
MTe53,spiking,ASSUMPTION,15,spiking,0,BUILD_BRIEF.md 3.2 refined visual-family rule
MTe54,spiking,ASSUMPTION,56,spiking,0,BUILD_BRIEF.md 3.2 refined visual-family rule
MZ_lv2PN,spiking,ASSUMPTION,2,spiking,0,BUILD_BRIEF.md 3.2 refined visual-family rule
M_VPNml66,spiking,ASSUMPTION,6,spiking,0,BUILD_BRIEF.md 3.2 refined visual-family rule
M_adPNm3,spiking,ASSUMPTION,2,spiking,0,BUILD_BRIEF.md 3.2 refined visual-family rule
M_adPNm4,spiking,ASSUMPTION,4,spiking,0,BUILD_BRIEF.md 3.2 refined visual-family rule
M_adPNm5,spiking,ASSUMPTION,8,spiking,0,BUILD_BRIEF.md 3.2 refined visual-family rule
M_adPNm6,spiking,ASSUMPTION,2,spiking,0,BUILD_BRIEF.md 3.2 refined visual-family rule
M_adPNm7,spiking,ASSUMPTION,2,spiking,0,BUILD_BRIEF.md 3.2 refined visual-family rule
M_adPNm8,spiking,ASSUMPTION,4,spiking,0,BUILD_BRIEF.md 3.2 refined visual-family rule
"M_ilPNm90,M_ilPN8t91",spiking,ASSUMPTION,2,spiking,0,BUILD_BRIEF.md 3.2 refined visual-family rule
M_imPNl92,spiking,ASSUMPTION,2,spiking,0,BUILD_BRIEF.md 3.2 refined visual-family rule
M_l2PN10t19a,spiking,ASSUMPTION,2,spiking,0,BUILD_BRIEF.md 3.2 refined visual-family rule
M_l2PN10t19b,spiking,ASSUMPTION,2,spiking,0,BUILD_BRIEF.md 3.2 refined visual-family rule
M_l2PN3t18,spiking,ASSUMPTION,4,spiking,0,BUILD_BRIEF.md 3.2 refined visual-family rule
M_l2PNl20,spiking,ASSUMPTION,2,spiking,0,BUILD_BRIEF.md 3.2 refined visual-family rule
M_l2PNl21,spiking,ASSUMPTION,2,spiking,0,BUILD_BRIEF.md 3.2 refined visual-family rule
M_l2PNl22,spiking,ASSUMPTION,2,spiking,0,BUILD_BRIEF.md 3.2 refined visual-family rule
M_l2PNl23,spiking,ASSUMPTION,2,spiking,0,BUILD_BRIEF.md 3.2 refined visual-family rule
M_l2PNm14,spiking,ASSUMPTION,2,spiking,0,BUILD_BRIEF.md 3.2 refined visual-family rule
M_l2PNm15,spiking,ASSUMPTION,2,spiking,0,BUILD_BRIEF.md 3.2 refined visual-family rule
M_l2PNm16,spiking,ASSUMPTION,4,spiking,0,BUILD_BRIEF.md 3.2 refined visual-family rule
M_l2PNm17,spiking,ASSUMPTION,2,spiking,0,BUILD_BRIEF.md 3.2 refined visual-family rule
M_lPNm11A,spiking,ASSUMPTION,7,spiking,0,BUILD_BRIEF.md 3.2 refined visual-family rule
M_lPNm11B,spiking,ASSUMPTION,2,spiking,0,BUILD_BRIEF.md 3.2 refined visual-family rule
M_lPNm11C,spiking,ASSUMPTION,2,spiking,0,BUILD_BRIEF.md 3.2 refined visual-family rule
M_lPNm11D,spiking,ASSUMPTION,11,spiking,0,BUILD_BRIEF.md 3.2 refined visual-family rule
M_lv2PN9t49a,spiking,ASSUMPTION,2,spiking,0,BUILD_BRIEF.md 3.2 refined visual-family rule
M_lv2PN9t49b,spiking,ASSUMPTION,2,spiking,0,BUILD_BRIEF.md 3.2 refined visual-family rule
M_lvPNm24,spiking,ASSUMPTION,4,spiking,0,BUILD_BRIEF.md 3.2 refined visual-family rule
M_lvPNm25,spiking,ASSUMPTION,5,spiking,0,BUILD_BRIEF.md 3.2 refined visual-family rule
M_lvPNm26,spiking,ASSUMPTION,3,spiking,0,BUILD_BRIEF.md 3.2 refined visual-family rule
M_lvPNm27,spiking,ASSUMPTION,2,spiking,0,BUILD_BRIEF.md 3.2 refined visual-family rule
M_lvPNm28,spiking,ASSUMPTION,2,spiking,0,BUILD_BRIEF.md 3.2 refined visual-family rule
M_lvPNm29,spiking,ASSUMPTION,3,spiking,0,BUILD_BRIEF.md 3.2 refined visual-family rule
M_lvPNm31,spiking,ASSUMPTION,2,spiking,0,BUILD_BRIEF.md 3.2 refined visual-family rule
M_lvPNm35,spiking,ASSUMPTION,5,spiking,0,BUILD_BRIEF.md 3.2 refined visual-family rule
M_lvPNm37,spiking,ASSUMPTION,6,spiking,0,BUILD_BRIEF.md 3.2 refined visual-family rule
M_lvPNm39,spiking,ASSUMPTION,2,spiking,0,BUILD_BRIEF.md 3.2 refined visual-family rule
M_lvPNm40,spiking,ASSUMPTION,4,spiking,0,BUILD_BRIEF.md 3.2 refined visual-family rule
M_lvPNm41,spiking,ASSUMPTION,6,spiking,0,BUILD_BRIEF.md 3.2 refined visual-family rule
M_lvPNm42,spiking,ASSUMPTION,3,spiking,0,BUILD_BRIEF.md 3.2 refined visual-family rule
M_lvPNm43,spiking,ASSUMPTION,4,spiking,0,BUILD_BRIEF.md 3.2 refined visual-family rule
M_lvPNm44,spiking,ASSUMPTION,2,spiking,0,BUILD_BRIEF.md 3.2 refined visual-family rule
M_lvPNm45,spiking,ASSUMPTION,6,spiking,0,BUILD_BRIEF.md 3.2 refined visual-family rule
M_lvPNm46,spiking,ASSUMPTION,6,spiking,0,BUILD_BRIEF.md 3.2 refined visual-family rule
M_lvPNm47,spiking,ASSUMPTION,6,spiking,0,BUILD_BRIEF.md 3.2 refined visual-family rule
M_lvPNm48,spiking,ASSUMPTION,6,spiking,0,BUILD_BRIEF.md 3.2 refined visual-family rule
M_smPN6t2,spiking,ASSUMPTION,2,spiking,0,BUILD_BRIEF.md 3.2 refined visual-family rule
M_smPNm1,spiking,ASSUMPTION,2,spiking,0,BUILD_BRIEF.md 3.2 refined visual-family rule
M_spPN4t9,spiking,ASSUMPTION,2,spiking,0,BUILD_BRIEF.md 3.2 refined visual-family rule
M_spPN5t10,spiking,ASSUMPTION,3,spiking,0,BUILD_BRIEF.md 3.2 refined visual-family rule
M_vPNml50,spiking,ASSUMPTION,4,spiking,0,BUILD_BRIEF.md 3.2 refined visual-family rule
M_vPNml51,spiking,ASSUMPTION,2,spiking,0,BUILD_BRIEF.md 3.2 refined visual-family rule
M_vPNml52,spiking,ASSUMPTION,2,spiking,0,BUILD_BRIEF.md 3.2 refined visual-family rule
M_vPNml53,spiking,ASSUMPTION,13,spiking,0,BUILD_BRIEF.md 3.2 refined visual-family rule
M_vPNml54,spiking,ASSUMPTION,2,spiking,0,BUILD_BRIEF.md 3.2 refined visual-family rule
M_vPNml55,spiking,ASSUMPTION,2,spiking,0,BUILD_BRIEF.md 3.2 refined visual-family rule
M_vPNml57,spiking,ASSUMPTION,2,spiking,0,BUILD_BRIEF.md 3.2 refined visual-family rule
M_vPNml60,spiking,ASSUMPTION,6,spiking,0,BUILD_BRIEF.md 3.2 refined visual-family rule
M_vPNml63,spiking,ASSUMPTION,6,spiking,0,BUILD_BRIEF.md 3.2 refined visual-family rule
M_vPNml64,spiking,ASSUMPTION,2,spiking,0,BUILD_BRIEF.md 3.2 refined visual-family rule
M_vPNml65,spiking,ASSUMPTION,4,spiking,0,BUILD_BRIEF.md 3.2 refined visual-family rule
M_vPNml67,spiking,ASSUMPTION,4,spiking,0,BUILD_BRIEF.md 3.2 refined visual-family rule
M_vPNml69,spiking,ASSUMPTION,4,spiking,0,BUILD_BRIEF.md 3.2 refined visual-family rule
M_vPNml72,spiking,ASSUMPTION,6,spiking,0,BUILD_BRIEF.md 3.2 refined visual-family rule
M_vPNml75,spiking,ASSUMPTION,4,spiking,0,BUILD_BRIEF.md 3.2 refined visual-family rule
M_vPNml77,spiking,ASSUMPTION,2,spiking,0,BUILD_BRIEF.md 3.2 refined visual-family rule
M_vPNml79,spiking,ASSUMPTION,2,spiking,0,BUILD_BRIEF.md 3.2 refined visual-family rule
M_vPNml80,spiking,ASSUMPTION,2,spiking,0,BUILD_BRIEF.md 3.2 refined visual-family rule
M_vPNml83,spiking,ASSUMPTION,8,spiking,0,BUILD_BRIEF.md 3.2 refined visual-family rule
M_vPNml84,spiking,ASSUMPTION,8,spiking,0,BUILD_BRIEF.md 3.2 refined visual-family rule
M_vPNml86,spiking,ASSUMPTION,3,spiking,0,BUILD_BRIEF.md 3.2 refined visual-family rule
M_vPNml87,spiking,ASSUMPTION,6,spiking,0,BUILD_BRIEF.md 3.2 refined visual-family rule
MeLp1,spiking,ASSUMPTION,2,spiking,0,BUILD_BRIEF.md 3.2 refined visual-family rule
MeLp2,spiking,ASSUMPTION,2,spiking,0,BUILD_BRIEF.md 3.2 refined visual-family rule
MeMe_e01,spiking,ASSUMPTION,13,spiking,0,BUILD_BRIEF.md 3.2 refined visual-family rule
MeMe_e02,spiking,ASSUMPTION,17,spiking,0,BUILD_BRIEF.md 3.2 refined visual-family rule
MeMe_e03,spiking,ASSUMPTION,2,spiking,0,BUILD_BRIEF.md 3.2 refined visual-family rule
MeMe_e04,spiking,ASSUMPTION,4,spiking,0,BUILD_BRIEF.md 3.2 refined visual-family rule
MeMe_e05,spiking,ASSUMPTION,2,spiking,0,BUILD_BRIEF.md 3.2 refined visual-family rule
MeMe_e06,spiking,ASSUMPTION,2,spiking,0,BUILD_BRIEF.md 3.2 refined visual-family rule
MeMe_e07,spiking,ASSUMPTION,10,spiking,0,BUILD_BRIEF.md 3.2 refined visual-family rule
MeMe_e08,spiking,ASSUMPTION,12,spiking,0,BUILD_BRIEF.md 3.2 refined visual-family rule
MeMe_e09,spiking,ASSUMPTION,2,spiking,0,BUILD_BRIEF.md 3.2 refined visual-family rule
MeMe_e10,spiking,ASSUMPTION,4,spiking,0,BUILD_BRIEF.md 3.2 refined visual-family rule
MeMe_e11,spiking,ASSUMPTION,4,spiking,0,BUILD_BRIEF.md 3.2 refined visual-family rule
MeMe_e12,spiking,ASSUMPTION,2,spiking,0,BUILD_BRIEF.md 3.2 refined visual-family rule
MeMe_e13,spiking,ASSUMPTION,2,spiking,0,BUILD_BRIEF.md 3.2 refined visual-family rule
MeTu1,spiking,ASSUMPTION,244,spiking,0,BUILD_BRIEF.md 3.2 refined visual-family rule
MeTu2a,spiking,ASSUMPTION,70,spiking,0,BUILD_BRIEF.md 3.2 refined visual-family rule
MeTu2b,spiking,ASSUMPTION,31,spiking,0,BUILD_BRIEF.md 3.2 refined visual-family rule
MeTu3a,spiking,ASSUMPTION,40,spiking,0,BUILD_BRIEF.md 3.2 refined visual-family rule
MeTu3b,spiking,ASSUMPTION,85,spiking,0,BUILD_BRIEF.md 3.2 refined visual-family rule
MeTu3c,spiking,ASSUMPTION,152,spiking,0,BUILD_BRIEF.md 3.2 refined visual-family rule
MeTu4a,spiking,ASSUMPTION,131,spiking,0,BUILD_BRIEF.md 3.2 refined visual-family rule
MeTu4b,spiking,ASSUMPTION,21,spiking,0,BUILD_BRIEF.md 3.2 refined visual-family rule
MeTu4c,spiking,ASSUMPTION,93,spiking,0,BUILD_BRIEF.md 3.2 refined visual-family rule
MeTu4d,spiking,ASSUMPTION,37,spiking,0,BUILD_BRIEF.md 3.2 refined visual-family rule
Mi1,graded,ASSUMPTION,1584,graded,1584,BUILD_BRIEF.md 3.2 refined visual-family rule
Mi10,graded,ASSUMPTION,406,graded,406,BUILD_BRIEF.md 3.2 refined visual-family rule
Mi13,graded,ASSUMPTION,716,graded,716,BUILD_BRIEF.md 3.2 refined visual-family rule
Mi14,graded,ASSUMPTION,252,graded,252,BUILD_BRIEF.md 3.2 refined visual-family rule
Mi15,graded,ASSUMPTION,984,graded,984,BUILD_BRIEF.md 3.2 refined visual-family rule
Mi2,graded,ASSUMPTION,846,graded,846,BUILD_BRIEF.md 3.2 refined visual-family rule
Mi4,graded,ASSUMPTION,1532,graded,1532,BUILD_BRIEF.md 3.2 refined visual-family rule
Mi9,graded,ASSUMPTION,1553,graded,1553,BUILD_BRIEF.md 3.2 refined visual-family rule
MsAHN,spiking,ASSUMPTION,2,spiking,0,BUILD_BRIEF.md 3.2 refined visual-family rule
MtAHN,spiking,ASSUMPTION,2,spiking,0,BUILD_BRIEF.md 3.2 refined visual-family rule
NPFL1-I,spiking,ASSUMPTION,2,spiking,0,BUILD_BRIEF.md 3.2 refined visual-family rule
Nod1,spiking,ASSUMPTION,4,spiking,0,BUILD_BRIEF.md 3.2 refined visual-family rule
Nod2,spiking,ASSUMPTION,2,spiking,0,BUILD_BRIEF.md 3.2 refined visual-family rule
Nod3,spiking,ASSUMPTION,2,spiking,0,BUILD_BRIEF.md 3.2 refined visual-family rule
Nod5,spiking,ASSUMPTION,2,spiking,0,BUILD_BRIEF.md 3.2 refined visual-family rule
OA-AL2b1,spiking,ASSUMPTION,2,spiking,0,BUILD_BRIEF.md 3.2 refined visual-family rule
OA-AL2b2,spiking,ASSUMPTION,4,spiking,0,BUILD_BRIEF.md 3.2 refined visual-family rule
OA-AL2i1,spiking,ASSUMPTION,2,spiking,0,BUILD_BRIEF.md 3.2 refined visual-family rule
OA-AL2i2,spiking,ASSUMPTION,4,spiking,0,BUILD_BRIEF.md 3.2 refined visual-family rule
OA-AL2i3,spiking,ASSUMPTION,4,spiking,0,BUILD_BRIEF.md 3.2 refined visual-family rule
OA-AL2i4,spiking,ASSUMPTION,2,spiking,0,BUILD_BRIEF.md 3.2 refined visual-family rule
OA-ASM1,spiking,ASSUMPTION,4,spiking,0,BUILD_BRIEF.md 3.2 refined visual-family rule
OA-ASM2,spiking,ASSUMPTION,2,spiking,0,BUILD_BRIEF.md 3.2 refined visual-family rule
OA-ASM3,spiking,ASSUMPTION,2,spiking,0,BUILD_BRIEF.md 3.2 refined visual-family rule
OA-VPM3,spiking,ASSUMPTION,2,spiking,0,BUILD_BRIEF.md 3.2 refined visual-family rule
OA-VPM4,spiking,ASSUMPTION,2,spiking,0,BUILD_BRIEF.md 3.2 refined visual-family rule
OA-VUMa1,spiking,ASSUMPTION,2,spiking,0,BUILD_BRIEF.md 3.2 refined visual-family rule
OA-VUMa2,spiking,ASSUMPTION,2,spiking,0,BUILD_BRIEF.md 3.2 refined visual-family rule
OA-VUMa3,spiking,ASSUMPTION,2,spiking,0,BUILD_BRIEF.md 3.2 refined visual-family rule
OA-VUMa4,spiking,ASSUMPTION,2,spiking,0,BUILD_BRIEF.md 3.2 refined visual-family rule
OA-VUMa5,spiking,ASSUMPTION,2,spiking,0,BUILD_BRIEF.md 3.2 refined visual-family rule
OA-VUMa6,spiking,ASSUMPTION,2,spiking,0,BUILD_BRIEF.md 3.2 refined visual-family rule
OA-VUMa8,spiking,ASSUMPTION,1,spiking,0,BUILD_BRIEF.md 3.2 refined visual-family rule
OCC01a,spiking,ASSUMPTION,2,spiking,0,BUILD_BRIEF.md 3.2 refined visual-family rule
OCC01b,spiking,ASSUMPTION,2,spiking,0,BUILD_BRIEF.md 3.2 refined visual-family rule
OCC02a,spiking,ASSUMPTION,6,spiking,0,BUILD_BRIEF.md 3.2 refined visual-family rule
OCC02b,spiking,ASSUMPTION,15,spiking,0,BUILD_BRIEF.md 3.2 refined visual-family rule
OCG01a,spiking,ASSUMPTION,2,spiking,0,BUILD_BRIEF.md 3.2 refined visual-family rule
OCG01b,spiking,ASSUMPTION,2,spiking,0,BUILD_BRIEF.md 3.2 refined visual-family rule
OCG01c,spiking,ASSUMPTION,2,spiking,0,BUILD_BRIEF.md 3.2 refined visual-family rule
OCG01d,spiking,ASSUMPTION,2,spiking,0,BUILD_BRIEF.md 3.2 refined visual-family rule
OCG01e,spiking,ASSUMPTION,2,spiking,0,BUILD_BRIEF.md 3.2 refined visual-family rule
OCG01f,spiking,ASSUMPTION,2,spiking,0,BUILD_BRIEF.md 3.2 refined visual-family rule
OCG02a,spiking,ASSUMPTION,2,spiking,0,BUILD_BRIEF.md 3.2 refined visual-family rule
OCG02b,spiking,ASSUMPTION,2,spiking,0,BUILD_BRIEF.md 3.2 refined visual-family rule
OCG02c,spiking,ASSUMPTION,4,spiking,0,BUILD_BRIEF.md 3.2 refined visual-family rule
OLVC7,spiking,ASSUMPTION,2,spiking,0,BUILD_BRIEF.md 3.2 refined visual-family rule
ORN_D,spiking,ASSUMPTION,31,spiking,0,BUILD_BRIEF.md 3.2 refined visual-family rule
ORN_DA1,spiking,ASSUMPTION,126,spiking,0,BUILD_BRIEF.md 3.2 refined visual-family rule
ORN_DA2,spiking,ASSUMPTION,39,spiking,0,BUILD_BRIEF.md 3.2 refined visual-family rule
ORN_DA3,spiking,ASSUMPTION,30,spiking,0,BUILD_BRIEF.md 3.2 refined visual-family rule
ORN_DA4l,spiking,ASSUMPTION,40,spiking,0,BUILD_BRIEF.md 3.2 refined visual-family rule
ORN_DA4m,spiking,ASSUMPTION,40,spiking,0,BUILD_BRIEF.md 3.2 refined visual-family rule
ORN_DC1,spiking,ASSUMPTION,39,spiking,0,BUILD_BRIEF.md 3.2 refined visual-family rule
ORN_DC2,spiking,ASSUMPTION,20,spiking,0,BUILD_BRIEF.md 3.2 refined visual-family rule
ORN_DC3,spiking,ASSUMPTION,33,spiking,0,BUILD_BRIEF.md 3.2 refined visual-family rule
ORN_DC4,spiking,ASSUMPTION,22,spiking,0,BUILD_BRIEF.md 3.2 refined visual-family rule
ORN_DL1,spiking,ASSUMPTION,69,spiking,0,BUILD_BRIEF.md 3.2 refined visual-family rule
ORN_DL2d,spiking,ASSUMPTION,14,spiking,0,BUILD_BRIEF.md 3.2 refined visual-family rule
ORN_DL2v,spiking,ASSUMPTION,18,spiking,0,BUILD_BRIEF.md 3.2 refined visual-family rule
ORN_DL3,spiking,ASSUMPTION,79,spiking,0,BUILD_BRIEF.md 3.2 refined visual-family rule
ORN_DL4,spiking,ASSUMPTION,52,spiking,0,BUILD_BRIEF.md 3.2 refined visual-family rule
ORN_DL5,spiking,ASSUMPTION,42,spiking,0,BUILD_BRIEF.md 3.2 refined visual-family rule
ORN_DM1,spiking,ASSUMPTION,68,spiking,0,BUILD_BRIEF.md 3.2 refined visual-family rule
ORN_DM2,spiking,ASSUMPTION,54,spiking,0,BUILD_BRIEF.md 3.2 refined visual-family rule
ORN_DM3,spiking,ASSUMPTION,61,spiking,0,BUILD_BRIEF.md 3.2 refined visual-family rule
ORN_DM4,spiking,ASSUMPTION,40,spiking,0,BUILD_BRIEF.md 3.2 refined visual-family rule
ORN_DM5,spiking,ASSUMPTION,42,spiking,0,BUILD_BRIEF.md 3.2 refined visual-family rule
ORN_DM6,spiking,ASSUMPTION,52,spiking,0,BUILD_BRIEF.md 3.2 refined visual-family rule
ORN_DP1l,spiking,ASSUMPTION,24,spiking,0,BUILD_BRIEF.md 3.2 refined visual-family rule
ORN_DP1m,spiking,ASSUMPTION,32,spiking,0,BUILD_BRIEF.md 3.2 refined visual-family rule
ORN_V,spiking,ASSUMPTION,67,spiking,0,BUILD_BRIEF.md 3.2 refined visual-family rule
ORN_VA1d,spiking,ASSUMPTION,97,spiking,0,BUILD_BRIEF.md 3.2 refined visual-family rule
ORN_VA1v,spiking,ASSUMPTION,94,spiking,0,BUILD_BRIEF.md 3.2 refined visual-family rule
ORN_VA2,spiking,ASSUMPTION,67,spiking,0,BUILD_BRIEF.md 3.2 refined visual-family rule
ORN_VA3,spiking,ASSUMPTION,29,spiking,0,BUILD_BRIEF.md 3.2 refined visual-family rule
ORN_VA4,spiking,ASSUMPTION,31,spiking,0,BUILD_BRIEF.md 3.2 refined visual-family rule
ORN_VA5,spiking,ASSUMPTION,12,spiking,0,BUILD_BRIEF.md 3.2 refined visual-family rule
ORN_VA6,spiking,ASSUMPTION,60,spiking,0,BUILD_BRIEF.md 3.2 refined visual-family rule
ORN_VA7l,spiking,ASSUMPTION,16,spiking,0,BUILD_BRIEF.md 3.2 refined visual-family rule
ORN_VA7m,spiking,ASSUMPTION,22,spiking,0,BUILD_BRIEF.md 3.2 refined visual-family rule
ORN_VC1,spiking,ASSUMPTION,26,spiking,0,BUILD_BRIEF.md 3.2 refined visual-family rule
ORN_VC2,spiking,ASSUMPTION,29,spiking,0,BUILD_BRIEF.md 3.2 refined visual-family rule
ORN_VC3,spiking,ASSUMPTION,31,spiking,0,BUILD_BRIEF.md 3.2 refined visual-family rule
ORN_VC4,spiking,ASSUMPTION,23,spiking,0,BUILD_BRIEF.md 3.2 refined visual-family rule
ORN_VC5,spiking,ASSUMPTION,25,spiking,0,BUILD_BRIEF.md 3.2 refined visual-family rule
ORN_VL1,spiking,ASSUMPTION,78,spiking,0,BUILD_BRIEF.md 3.2 refined visual-family rule
ORN_VL2a,spiking,ASSUMPTION,71,spiking,0,BUILD_BRIEF.md 3.2 refined visual-family rule
ORN_VL2p,spiking,ASSUMPTION,27,spiking,0,BUILD_BRIEF.md 3.2 refined visual-family rule
ORN_VM1,spiking,ASSUMPTION,25,spiking,0,BUILD_BRIEF.md 3.2 refined visual-family rule
ORN_VM2,spiking,ASSUMPTION,37,spiking,0,BUILD_BRIEF.md 3.2 refined visual-family rule
ORN_VM3,spiking,ASSUMPTION,37,spiking,0,BUILD_BRIEF.md 3.2 refined visual-family rule
ORN_VM4,spiking,ASSUMPTION,75,spiking,0,BUILD_BRIEF.md 3.2 refined visual-family rule
ORN_VM5d,spiking,ASSUMPTION,67,spiking,0,BUILD_BRIEF.md 3.2 refined visual-family rule
ORN_VM5v,spiking,ASSUMPTION,23,spiking,0,BUILD_BRIEF.md 3.2 refined visual-family rule
ORN_VM6l,spiking,ASSUMPTION,21,spiking,0,BUILD_BRIEF.md 3.2 refined visual-family rule
ORN_VM6m,spiking,ASSUMPTION,33,spiking,0,BUILD_BRIEF.md 3.2 refined visual-family rule
ORN_VM6v,spiking,ASSUMPTION,26,spiking,0,BUILD_BRIEF.md 3.2 refined visual-family rule
ORN_VM7d,spiking,ASSUMPTION,33,spiking,0,BUILD_BRIEF.md 3.2 refined visual-family rule
ORN_VM7v,spiking,ASSUMPTION,26,spiking,0,BUILD_BRIEF.md 3.2 refined visual-family rule
P6-8P9,spiking,ASSUMPTION,4,spiking,0,BUILD_BRIEF.md 3.2 refined visual-family rule
PAL01,spiking,ASSUMPTION,2,spiking,0,BUILD_BRIEF.md 3.2 refined visual-family rule
PAL02,spiking,ASSUMPTION,2,spiking,0,BUILD_BRIEF.md 3.2 refined visual-family rule
PAL03,spiking,ASSUMPTION,2,spiking,0,BUILD_BRIEF.md 3.2 refined visual-family rule
PAM01,spiking,ASSUMPTION,41,spiking,0,BUILD_BRIEF.md 3.2 refined visual-family rule
PAM02,spiking,ASSUMPTION,16,spiking,0,BUILD_BRIEF.md 3.2 refined visual-family rule
PAM03,spiking,ASSUMPTION,10,spiking,0,BUILD_BRIEF.md 3.2 refined visual-family rule
PAM04,spiking,ASSUMPTION,32,spiking,0,BUILD_BRIEF.md 3.2 refined visual-family rule
PAM05,spiking,ASSUMPTION,21,spiking,0,BUILD_BRIEF.md 3.2 refined visual-family rule
PAM06,spiking,ASSUMPTION,30,spiking,0,BUILD_BRIEF.md 3.2 refined visual-family rule
PAM07,spiking,ASSUMPTION,18,spiking,0,BUILD_BRIEF.md 3.2 refined visual-family rule
PAM08,spiking,ASSUMPTION,45,spiking,0,BUILD_BRIEF.md 3.2 refined visual-family rule
PAM09,spiking,ASSUMPTION,9,spiking,0,BUILD_BRIEF.md 3.2 refined visual-family rule
PAM10,spiking,ASSUMPTION,15,spiking,0,BUILD_BRIEF.md 3.2 refined visual-family rule
PAM11,spiking,ASSUMPTION,16,spiking,0,BUILD_BRIEF.md 3.2 refined visual-family rule
PAM12,spiking,ASSUMPTION,23,spiking,0,BUILD_BRIEF.md 3.2 refined visual-family rule
PAM13,spiking,ASSUMPTION,12,spiking,0,BUILD_BRIEF.md 3.2 refined visual-family rule
PAM14,spiking,ASSUMPTION,16,spiking,0,BUILD_BRIEF.md 3.2 refined visual-family rule
PAM15,spiking,ASSUMPTION,3,spiking,0,BUILD_BRIEF.md 3.2 refined visual-family rule
PDt1,spiking,ASSUMPTION,11,spiking,0,BUILD_BRIEF.md 3.2 refined visual-family rule
PEG,spiking,ASSUMPTION,20,spiking,0,BUILD_BRIEF.md 3.2 refined visual-family rule
PEN_a(PEN1),spiking,ASSUMPTION,20,spiking,0,BUILD_BRIEF.md 3.2 refined visual-family rule
PEN_b(PEN2),spiking,ASSUMPTION,22,spiking,0,BUILD_BRIEF.md 3.2 refined visual-family rule
PFGs,spiking,ASSUMPTION,28,spiking,0,BUILD_BRIEF.md 3.2 refined visual-family rule
PFL1,spiking,ASSUMPTION,14,spiking,0,BUILD_BRIEF.md 3.2 refined visual-family rule
PFL2,spiking,ASSUMPTION,12,spiking,0,BUILD_BRIEF.md 3.2 refined visual-family rule
PFL3,spiking,ASSUMPTION,24,spiking,0,BUILD_BRIEF.md 3.2 refined visual-family rule
PFNa,spiking,ASSUMPTION,55,spiking,0,BUILD_BRIEF.md 3.2 refined visual-family rule
PFNd,spiking,ASSUMPTION,40,spiking,0,BUILD_BRIEF.md 3.2 refined visual-family rule
PFNm,spiking,ASSUMPTION,83,spiking,0,BUILD_BRIEF.md 3.2 refined visual-family rule
PFNp,spiking,ASSUMPTION,244,spiking,0,BUILD_BRIEF.md 3.2 refined visual-family rule
PFNv,spiking,ASSUMPTION,21,spiking,0,BUILD_BRIEF.md 3.2 refined visual-family rule
PFR,spiking,ASSUMPTION,30,spiking,0,BUILD_BRIEF.md 3.2 refined visual-family rule
PFR_a,spiking,ASSUMPTION,1,spiking,0,BUILD_BRIEF.md 3.2 refined visual-family rule
PLP001,spiking,ASSUMPTION,2,spiking,0,BUILD_BRIEF.md 3.2 refined visual-family rule
PLP003,spiking,ASSUMPTION,2,spiking,0,BUILD_BRIEF.md 3.2 refined visual-family rule
PLP004,spiking,ASSUMPTION,2,spiking,0,BUILD_BRIEF.md 3.2 refined visual-family rule
PLP005,spiking,ASSUMPTION,2,spiking,0,BUILD_BRIEF.md 3.2 refined visual-family rule
PLP006,spiking,ASSUMPTION,2,spiking,0,BUILD_BRIEF.md 3.2 refined visual-family rule
PLP007,spiking,ASSUMPTION,2,spiking,0,BUILD_BRIEF.md 3.2 refined visual-family rule
PLP008,spiking,ASSUMPTION,2,spiking,0,BUILD_BRIEF.md 3.2 refined visual-family rule
PLP009,spiking,ASSUMPTION,6,spiking,0,BUILD_BRIEF.md 3.2 refined visual-family rule
PLP010,spiking,ASSUMPTION,2,spiking,0,BUILD_BRIEF.md 3.2 refined visual-family rule
PLP012,spiking,ASSUMPTION,2,spiking,0,BUILD_BRIEF.md 3.2 refined visual-family rule
PLP013,spiking,ASSUMPTION,4,spiking,0,BUILD_BRIEF.md 3.2 refined visual-family rule
PLP015,spiking,ASSUMPTION,4,spiking,0,BUILD_BRIEF.md 3.2 refined visual-family rule
PLP016,spiking,ASSUMPTION,2,spiking,0,BUILD_BRIEF.md 3.2 refined visual-family rule
PLP017,spiking,ASSUMPTION,4,spiking,0,BUILD_BRIEF.md 3.2 refined visual-family rule
PLP018,spiking,ASSUMPTION,4,spiking,0,BUILD_BRIEF.md 3.2 refined visual-family rule
PLP019,spiking,ASSUMPTION,2,spiking,0,BUILD_BRIEF.md 3.2 refined visual-family rule
PLP020,spiking,ASSUMPTION,2,spiking,0,BUILD_BRIEF.md 3.2 refined visual-family rule
PLP021,spiking,ASSUMPTION,3,spiking,0,BUILD_BRIEF.md 3.2 refined visual-family rule
PLP022,spiking,ASSUMPTION,2,spiking,0,BUILD_BRIEF.md 3.2 refined visual-family rule
PLP023,spiking,ASSUMPTION,2,spiking,0,BUILD_BRIEF.md 3.2 refined visual-family rule
PLP024,spiking,ASSUMPTION,1,spiking,0,BUILD_BRIEF.md 3.2 refined visual-family rule
PLP025a,spiking,ASSUMPTION,2,spiking,0,BUILD_BRIEF.md 3.2 refined visual-family rule
PLP025b,spiking,ASSUMPTION,7,spiking,0,BUILD_BRIEF.md 3.2 refined visual-family rule
"PLP026,PLP027",spiking,ASSUMPTION,8,spiking,0,BUILD_BRIEF.md 3.2 refined visual-family rule
PLP028,spiking,ASSUMPTION,6,spiking,0,BUILD_BRIEF.md 3.2 refined visual-family rule
PLP029,spiking,ASSUMPTION,2,spiking,0,BUILD_BRIEF.md 3.2 refined visual-family rule
PLP032,spiking,ASSUMPTION,2,spiking,0,BUILD_BRIEF.md 3.2 refined visual-family rule
PLP034,spiking,ASSUMPTION,2,spiking,0,BUILD_BRIEF.md 3.2 refined visual-family rule
PLP035,spiking,ASSUMPTION,2,spiking,0,BUILD_BRIEF.md 3.2 refined visual-family rule
PLP036,spiking,ASSUMPTION,2,spiking,0,BUILD_BRIEF.md 3.2 refined visual-family rule
PLP037a,spiking,ASSUMPTION,2,spiking,0,BUILD_BRIEF.md 3.2 refined visual-family rule
PLP037b,spiking,ASSUMPTION,8,spiking,0,BUILD_BRIEF.md 3.2 refined visual-family rule
PLP038,spiking,ASSUMPTION,4,spiking,0,BUILD_BRIEF.md 3.2 refined visual-family rule
PLP039,spiking,ASSUMPTION,11,spiking,0,BUILD_BRIEF.md 3.2 refined visual-family rule
"PLP041,PLP043",spiking,ASSUMPTION,10,spiking,0,BUILD_BRIEF.md 3.2 refined visual-family rule
PLP042a,spiking,ASSUMPTION,2,spiking,0,BUILD_BRIEF.md 3.2 refined visual-family rule
PLP042b,spiking,ASSUMPTION,3,spiking,0,BUILD_BRIEF.md 3.2 refined visual-family rule
PLP042c,spiking,ASSUMPTION,13,spiking,0,BUILD_BRIEF.md 3.2 refined visual-family rule
PLP044,spiking,ASSUMPTION,8,spiking,0,BUILD_BRIEF.md 3.2 refined visual-family rule
PLP046a,spiking,ASSUMPTION,3,spiking,0,BUILD_BRIEF.md 3.2 refined visual-family rule
PLP046b,spiking,ASSUMPTION,3,spiking,0,BUILD_BRIEF.md 3.2 refined visual-family rule
PLP046c,spiking,ASSUMPTION,4,spiking,0,BUILD_BRIEF.md 3.2 refined visual-family rule
PLP048,spiking,ASSUMPTION,11,spiking,0,BUILD_BRIEF.md 3.2 refined visual-family rule
PLP051,spiking,ASSUMPTION,2,spiking,0,BUILD_BRIEF.md 3.2 refined visual-family rule
PLP052,spiking,ASSUMPTION,4,spiking,0,BUILD_BRIEF.md 3.2 refined visual-family rule
PLP053a,spiking,ASSUMPTION,1,spiking,0,BUILD_BRIEF.md 3.2 refined visual-family rule
PLP053b,spiking,ASSUMPTION,4,spiking,0,BUILD_BRIEF.md 3.2 refined visual-family rule
PLP054,spiking,ASSUMPTION,4,spiking,0,BUILD_BRIEF.md 3.2 refined visual-family rule
PLP055,spiking,ASSUMPTION,4,spiking,0,BUILD_BRIEF.md 3.2 refined visual-family rule
PLP057a,spiking,ASSUMPTION,2,spiking,0,BUILD_BRIEF.md 3.2 refined visual-family rule
PLP057b,spiking,ASSUMPTION,4,spiking,0,BUILD_BRIEF.md 3.2 refined visual-family rule
PLP058,spiking,ASSUMPTION,2,spiking,0,BUILD_BRIEF.md 3.2 refined visual-family rule
PLP059a,spiking,ASSUMPTION,3,spiking,0,BUILD_BRIEF.md 3.2 refined visual-family rule
PLP059b,spiking,ASSUMPTION,2,spiking,0,BUILD_BRIEF.md 3.2 refined visual-family rule
PLP060,spiking,ASSUMPTION,2,spiking,0,BUILD_BRIEF.md 3.2 refined visual-family rule
PLP064_a,spiking,ASSUMPTION,7,spiking,0,BUILD_BRIEF.md 3.2 refined visual-family rule
PLP064_b,spiking,ASSUMPTION,6,spiking,0,BUILD_BRIEF.md 3.2 refined visual-family rule
PLP065a,spiking,ASSUMPTION,2,spiking,0,BUILD_BRIEF.md 3.2 refined visual-family rule
PLP065b,spiking,ASSUMPTION,3,spiking,0,BUILD_BRIEF.md 3.2 refined visual-family rule
PLP067a,spiking,ASSUMPTION,2,spiking,0,BUILD_BRIEF.md 3.2 refined visual-family rule
PLP067b,spiking,ASSUMPTION,4,spiking,0,BUILD_BRIEF.md 3.2 refined visual-family rule
PLP068,spiking,ASSUMPTION,2,spiking,0,BUILD_BRIEF.md 3.2 refined visual-family rule
PLP069,spiking,ASSUMPTION,4,spiking,0,BUILD_BRIEF.md 3.2 refined visual-family rule
PLP071,spiking,ASSUMPTION,4,spiking,0,BUILD_BRIEF.md 3.2 refined visual-family rule
PLP073,spiking,ASSUMPTION,4,spiking,0,BUILD_BRIEF.md 3.2 refined visual-family rule
PLP075,spiking,ASSUMPTION,2,spiking,0,BUILD_BRIEF.md 3.2 refined visual-family rule
PLP078,spiking,ASSUMPTION,2,spiking,0,BUILD_BRIEF.md 3.2 refined visual-family rule
PLP079,spiking,ASSUMPTION,2,spiking,0,BUILD_BRIEF.md 3.2 refined visual-family rule
PLP081,spiking,ASSUMPTION,4,spiking,0,BUILD_BRIEF.md 3.2 refined visual-family rule
"PLP084,PLP085",spiking,ASSUMPTION,5,spiking,0,BUILD_BRIEF.md 3.2 refined visual-family rule
PLP086a,spiking,ASSUMPTION,3,spiking,0,BUILD_BRIEF.md 3.2 refined visual-family rule
PLP086b,spiking,ASSUMPTION,4,spiking,0,BUILD_BRIEF.md 3.2 refined visual-family rule
PLP087a,spiking,ASSUMPTION,2,spiking,0,BUILD_BRIEF.md 3.2 refined visual-family rule
PLP087b,spiking,ASSUMPTION,2,spiking,0,BUILD_BRIEF.md 3.2 refined visual-family rule
PLP089b,spiking,ASSUMPTION,7,spiking,0,BUILD_BRIEF.md 3.2 refined visual-family rule
PLP092,spiking,ASSUMPTION,2,spiking,0,BUILD_BRIEF.md 3.2 refined visual-family rule
PLP093,spiking,ASSUMPTION,2,spiking,0,BUILD_BRIEF.md 3.2 refined visual-family rule
PLP094,spiking,ASSUMPTION,2,spiking,0,BUILD_BRIEF.md 3.2 refined visual-family rule
PLP095,spiking,ASSUMPTION,2,spiking,0,BUILD_BRIEF.md 3.2 refined visual-family rule
PLP096,spiking,ASSUMPTION,2,spiking,0,BUILD_BRIEF.md 3.2 refined visual-family rule
PLP097,spiking,ASSUMPTION,2,spiking,0,BUILD_BRIEF.md 3.2 refined visual-family rule
PLP099,spiking,ASSUMPTION,5,spiking,0,BUILD_BRIEF.md 3.2 refined visual-family rule
PLP100,spiking,ASSUMPTION,2,spiking,0,BUILD_BRIEF.md 3.2 refined visual-family rule
"PLP101,PLP102",spiking,ASSUMPTION,9,spiking,0,BUILD_BRIEF.md 3.2 refined visual-family rule
PLP103a,spiking,ASSUMPTION,4,spiking,0,BUILD_BRIEF.md 3.2 refined visual-family rule
PLP103b,spiking,ASSUMPTION,6,spiking,0,BUILD_BRIEF.md 3.2 refined visual-family rule
PLP103c,spiking,ASSUMPTION,2,spiking,0,BUILD_BRIEF.md 3.2 refined visual-family rule
PLP104,spiking,ASSUMPTION,1,spiking,0,BUILD_BRIEF.md 3.2 refined visual-family rule
PLP106,spiking,ASSUMPTION,5,spiking,0,BUILD_BRIEF.md 3.2 refined visual-family rule
PLP108,spiking,ASSUMPTION,8,spiking,0,BUILD_BRIEF.md 3.2 refined visual-family rule
"PLP109,PLP112",spiking,ASSUMPTION,4,spiking,0,BUILD_BRIEF.md 3.2 refined visual-family rule
PLP113,spiking,ASSUMPTION,2,spiking,0,BUILD_BRIEF.md 3.2 refined visual-family rule
PLP114,spiking,ASSUMPTION,2,spiking,0,BUILD_BRIEF.md 3.2 refined visual-family rule
PLP115_a,spiking,ASSUMPTION,7,spiking,0,BUILD_BRIEF.md 3.2 refined visual-family rule
PLP115_b,spiking,ASSUMPTION,22,spiking,0,BUILD_BRIEF.md 3.2 refined visual-family rule
PLP116,spiking,ASSUMPTION,2,spiking,0,BUILD_BRIEF.md 3.2 refined visual-family rule
PLP119,spiking,ASSUMPTION,2,spiking,0,BUILD_BRIEF.md 3.2 refined visual-family rule
"PLP120,PLP145",spiking,ASSUMPTION,4,spiking,0,BUILD_BRIEF.md 3.2 refined visual-family rule
PLP121,spiking,ASSUMPTION,2,spiking,0,BUILD_BRIEF.md 3.2 refined visual-family rule
PLP122,spiking,ASSUMPTION,2,spiking,0,BUILD_BRIEF.md 3.2 refined visual-family rule
PLP123,spiking,ASSUMPTION,2,spiking,0,BUILD_BRIEF.md 3.2 refined visual-family rule
PLP124,spiking,ASSUMPTION,2,spiking,0,BUILD_BRIEF.md 3.2 refined visual-family rule
PLP128,spiking,ASSUMPTION,2,spiking,0,BUILD_BRIEF.md 3.2 refined visual-family rule
PLP129,spiking,ASSUMPTION,2,spiking,0,BUILD_BRIEF.md 3.2 refined visual-family rule
PLP130,spiking,ASSUMPTION,2,spiking,0,BUILD_BRIEF.md 3.2 refined visual-family rule
PLP131,spiking,ASSUMPTION,2,spiking,0,BUILD_BRIEF.md 3.2 refined visual-family rule
PLP132,spiking,ASSUMPTION,2,spiking,0,BUILD_BRIEF.md 3.2 refined visual-family rule
"PLP139,PLP140",spiking,ASSUMPTION,4,spiking,0,BUILD_BRIEF.md 3.2 refined visual-family rule
PLP141,spiking,ASSUMPTION,2,spiking,0,BUILD_BRIEF.md 3.2 refined visual-family rule
PLP142,spiking,ASSUMPTION,4,spiking,0,BUILD_BRIEF.md 3.2 refined visual-family rule
PLP143,spiking,ASSUMPTION,2,spiking,0,BUILD_BRIEF.md 3.2 refined visual-family rule
PLP144,spiking,ASSUMPTION,2,spiking,0,BUILD_BRIEF.md 3.2 refined visual-family rule
PLP148,spiking,ASSUMPTION,2,spiking,0,BUILD_BRIEF.md 3.2 refined visual-family rule
PLP149,spiking,ASSUMPTION,4,spiking,0,BUILD_BRIEF.md 3.2 refined visual-family rule
PLP150a,spiking,ASSUMPTION,2,spiking,0,BUILD_BRIEF.md 3.2 refined visual-family rule
PLP150b,spiking,ASSUMPTION,2,spiking,0,BUILD_BRIEF.md 3.2 refined visual-family rule
PLP150c,spiking,ASSUMPTION,6,spiking,0,BUILD_BRIEF.md 3.2 refined visual-family rule
PLP154,spiking,ASSUMPTION,2,spiking,0,BUILD_BRIEF.md 3.2 refined visual-family rule
PLP155,spiking,ASSUMPTION,7,spiking,0,BUILD_BRIEF.md 3.2 refined visual-family rule
PLP156,spiking,ASSUMPTION,4,spiking,0,BUILD_BRIEF.md 3.2 refined visual-family rule
PLP157,spiking,ASSUMPTION,4,spiking,0,BUILD_BRIEF.md 3.2 refined visual-family rule
PLP158,spiking,ASSUMPTION,7,spiking,0,BUILD_BRIEF.md 3.2 refined visual-family rule
PLP159,spiking,ASSUMPTION,6,spiking,0,BUILD_BRIEF.md 3.2 refined visual-family rule
PLP160,spiking,ASSUMPTION,10,spiking,0,BUILD_BRIEF.md 3.2 refined visual-family rule
PLP161,spiking,ASSUMPTION,4,spiking,0,BUILD_BRIEF.md 3.2 refined visual-family rule
PLP162,spiking,ASSUMPTION,3,spiking,0,BUILD_BRIEF.md 3.2 refined visual-family rule
PLP163,spiking,ASSUMPTION,2,spiking,0,BUILD_BRIEF.md 3.2 refined visual-family rule
PLP164,spiking,ASSUMPTION,5,spiking,0,BUILD_BRIEF.md 3.2 refined visual-family rule
PLP165,spiking,ASSUMPTION,7,spiking,0,BUILD_BRIEF.md 3.2 refined visual-family rule
PLP169,spiking,ASSUMPTION,2,spiking,0,BUILD_BRIEF.md 3.2 refined visual-family rule
PLP170,spiking,ASSUMPTION,2,spiking,0,BUILD_BRIEF.md 3.2 refined visual-family rule
PLP171,spiking,ASSUMPTION,2,spiking,0,BUILD_BRIEF.md 3.2 refined visual-family rule
PLP172,spiking,ASSUMPTION,9,spiking,0,BUILD_BRIEF.md 3.2 refined visual-family rule
PLP173,spiking,ASSUMPTION,5,spiking,0,BUILD_BRIEF.md 3.2 refined visual-family rule
PLP174,spiking,ASSUMPTION,5,spiking,0,BUILD_BRIEF.md 3.2 refined visual-family rule
PLP175,spiking,ASSUMPTION,2,spiking,0,BUILD_BRIEF.md 3.2 refined visual-family rule
PLP177,spiking,ASSUMPTION,2,spiking,0,BUILD_BRIEF.md 3.2 refined visual-family rule
PLP178,spiking,ASSUMPTION,2,spiking,0,BUILD_BRIEF.md 3.2 refined visual-family rule
PLP180,spiking,ASSUMPTION,7,spiking,0,BUILD_BRIEF.md 3.2 refined visual-family rule
PLP181,spiking,ASSUMPTION,8,spiking,0,BUILD_BRIEF.md 3.2 refined visual-family rule
PLP182,spiking,ASSUMPTION,12,spiking,0,BUILD_BRIEF.md 3.2 refined visual-family rule
PLP184,spiking,ASSUMPTION,2,spiking,0,BUILD_BRIEF.md 3.2 refined visual-family rule
"PLP185,PLP186",spiking,ASSUMPTION,9,spiking,0,BUILD_BRIEF.md 3.2 refined visual-family rule
PLP187,spiking,ASSUMPTION,4,spiking,0,BUILD_BRIEF.md 3.2 refined visual-family rule
"PLP188,PLP189",spiking,ASSUMPTION,16,spiking,0,BUILD_BRIEF.md 3.2 refined visual-family rule
PLP190,spiking,ASSUMPTION,6,spiking,0,BUILD_BRIEF.md 3.2 refined visual-family rule
PLP191,spiking,ASSUMPTION,7,spiking,0,BUILD_BRIEF.md 3.2 refined visual-family rule
PLP192,spiking,ASSUMPTION,10,spiking,0,BUILD_BRIEF.md 3.2 refined visual-family rule
PLP196,spiking,ASSUMPTION,2,spiking,0,BUILD_BRIEF.md 3.2 refined visual-family rule
PLP197,spiking,ASSUMPTION,2,spiking,0,BUILD_BRIEF.md 3.2 refined visual-family rule
"PLP198,SLP361",spiking,ASSUMPTION,4,spiking,0,BUILD_BRIEF.md 3.2 refined visual-family rule
PLP199,spiking,ASSUMPTION,4,spiking,0,BUILD_BRIEF.md 3.2 refined visual-family rule
PLP208,spiking,ASSUMPTION,2,spiking,0,BUILD_BRIEF.md 3.2 refined visual-family rule
PLP209,spiking,ASSUMPTION,2,spiking,0,BUILD_BRIEF.md 3.2 refined visual-family rule
PLP211,spiking,ASSUMPTION,2,spiking,0,BUILD_BRIEF.md 3.2 refined visual-family rule
PLP213,spiking,ASSUMPTION,2,spiking,0,BUILD_BRIEF.md 3.2 refined visual-family rule
PLP214,spiking,ASSUMPTION,2,spiking,0,BUILD_BRIEF.md 3.2 refined visual-family rule
PLP215,spiking,ASSUMPTION,2,spiking,0,BUILD_BRIEF.md 3.2 refined visual-family rule
PLP216,spiking,ASSUMPTION,2,spiking,0,BUILD_BRIEF.md 3.2 refined visual-family rule
PLP217,spiking,ASSUMPTION,2,spiking,0,BUILD_BRIEF.md 3.2 refined visual-family rule
PLP218,spiking,ASSUMPTION,4,spiking,0,BUILD_BRIEF.md 3.2 refined visual-family rule
PLP221,spiking,ASSUMPTION,2,spiking,0,BUILD_BRIEF.md 3.2 refined visual-family rule
PLP222,spiking,ASSUMPTION,2,spiking,0,BUILD_BRIEF.md 3.2 refined visual-family rule
PLP223,spiking,ASSUMPTION,2,spiking,0,BUILD_BRIEF.md 3.2 refined visual-family rule
PLP228,spiking,ASSUMPTION,2,spiking,0,BUILD_BRIEF.md 3.2 refined visual-family rule
PLP229,spiking,ASSUMPTION,2,spiking,0,BUILD_BRIEF.md 3.2 refined visual-family rule
PLP230,spiking,ASSUMPTION,2,spiking,0,BUILD_BRIEF.md 3.2 refined visual-family rule
PLP231,spiking,ASSUMPTION,4,spiking,0,BUILD_BRIEF.md 3.2 refined visual-family rule
PLP232,spiking,ASSUMPTION,2,spiking,0,BUILD_BRIEF.md 3.2 refined visual-family rule
PLP234,spiking,ASSUMPTION,2,spiking,0,BUILD_BRIEF.md 3.2 refined visual-family rule
PLP237,spiking,ASSUMPTION,6,spiking,0,BUILD_BRIEF.md 3.2 refined visual-family rule
PLP239,spiking,ASSUMPTION,2,spiking,0,BUILD_BRIEF.md 3.2 refined visual-family rule
PLP241,spiking,ASSUMPTION,8,spiking,0,BUILD_BRIEF.md 3.2 refined visual-family rule
PLP243,spiking,ASSUMPTION,1,spiking,0,BUILD_BRIEF.md 3.2 refined visual-family rule
PLP245,spiking,ASSUMPTION,2,spiking,0,BUILD_BRIEF.md 3.2 refined visual-family rule
PLP246,spiking,ASSUMPTION,2,spiking,0,BUILD_BRIEF.md 3.2 refined visual-family rule
PLP247,spiking,ASSUMPTION,2,spiking,0,BUILD_BRIEF.md 3.2 refined visual-family rule
PLP248,spiking,ASSUMPTION,2,spiking,0,BUILD_BRIEF.md 3.2 refined visual-family rule
PLP249,spiking,ASSUMPTION,2,spiking,0,BUILD_BRIEF.md 3.2 refined visual-family rule
PLP250,spiking,ASSUMPTION,2,spiking,0,BUILD_BRIEF.md 3.2 refined visual-family rule
PLP251,spiking,ASSUMPTION,2,spiking,0,BUILD_BRIEF.md 3.2 refined visual-family rule
PLP252,spiking,ASSUMPTION,2,spiking,0,BUILD_BRIEF.md 3.2 refined visual-family rule
PLP254,spiking,ASSUMPTION,4,spiking,0,BUILD_BRIEF.md 3.2 refined visual-family rule
PPL101,spiking,ASSUMPTION,2,spiking,0,BUILD_BRIEF.md 3.2 refined visual-family rule
PPL102,spiking,ASSUMPTION,2,spiking,0,BUILD_BRIEF.md 3.2 refined visual-family rule
PPL103,spiking,ASSUMPTION,2,spiking,0,BUILD_BRIEF.md 3.2 refined visual-family rule
PPL104,spiking,ASSUMPTION,2,spiking,0,BUILD_BRIEF.md 3.2 refined visual-family rule
PPL105,spiking,ASSUMPTION,2,spiking,0,BUILD_BRIEF.md 3.2 refined visual-family rule
PPL106,spiking,ASSUMPTION,2,spiking,0,BUILD_BRIEF.md 3.2 refined visual-family rule
PPL107,spiking,ASSUMPTION,2,spiking,0,BUILD_BRIEF.md 3.2 refined visual-family rule
PPL108,spiking,ASSUMPTION,2,spiking,0,BUILD_BRIEF.md 3.2 refined visual-family rule
PPL201,spiking,ASSUMPTION,2,spiking,0,BUILD_BRIEF.md 3.2 refined visual-family rule
PPL202,spiking,ASSUMPTION,2,spiking,0,BUILD_BRIEF.md 3.2 refined visual-family rule
PPL203,spiking,ASSUMPTION,2,spiking,0,BUILD_BRIEF.md 3.2 refined visual-family rule
PPL204,spiking,ASSUMPTION,2,spiking,0,BUILD_BRIEF.md 3.2 refined visual-family rule
PPM1201,spiking,ASSUMPTION,4,spiking,0,BUILD_BRIEF.md 3.2 refined visual-family rule
PPM1202,spiking,ASSUMPTION,4,spiking,0,BUILD_BRIEF.md 3.2 refined visual-family rule
PPM1203,spiking,ASSUMPTION,2,spiking,0,BUILD_BRIEF.md 3.2 refined visual-family rule
"PPM1204,PS139",spiking,ASSUMPTION,4,spiking,0,BUILD_BRIEF.md 3.2 refined visual-family rule
PPM1205,spiking,ASSUMPTION,2,spiking,0,BUILD_BRIEF.md 3.2 refined visual-family rule
PS001,spiking,ASSUMPTION,2,spiking,0,BUILD_BRIEF.md 3.2 refined visual-family rule
PS002,spiking,ASSUMPTION,6,spiking,0,BUILD_BRIEF.md 3.2 refined visual-family rule
"PS003,PS006",spiking,ASSUMPTION,4,spiking,0,BUILD_BRIEF.md 3.2 refined visual-family rule
PS004a,spiking,ASSUMPTION,4,spiking,0,BUILD_BRIEF.md 3.2 refined visual-family rule
PS004b,spiking,ASSUMPTION,4,spiking,0,BUILD_BRIEF.md 3.2 refined visual-family rule
PS005,spiking,ASSUMPTION,20,spiking,0,BUILD_BRIEF.md 3.2 refined visual-family rule
PS005_a,spiking,ASSUMPTION,9,spiking,0,BUILD_BRIEF.md 3.2 refined visual-family rule
PS005_f,spiking,ASSUMPTION,4,spiking,0,BUILD_BRIEF.md 3.2 refined visual-family rule
PS007,spiking,ASSUMPTION,4,spiking,0,BUILD_BRIEF.md 3.2 refined visual-family rule
PS008,spiking,ASSUMPTION,24,spiking,0,BUILD_BRIEF.md 3.2 refined visual-family rule
PS010,spiking,ASSUMPTION,2,spiking,0,BUILD_BRIEF.md 3.2 refined visual-family rule
PS011,spiking,ASSUMPTION,2,spiking,0,BUILD_BRIEF.md 3.2 refined visual-family rule
PS013,spiking,ASSUMPTION,2,spiking,0,BUILD_BRIEF.md 3.2 refined visual-family rule
PS018a,spiking,ASSUMPTION,2,spiking,0,BUILD_BRIEF.md 3.2 refined visual-family rule
PS018b,spiking,ASSUMPTION,2,spiking,0,BUILD_BRIEF.md 3.2 refined visual-family rule
PS019,spiking,ASSUMPTION,4,spiking,0,BUILD_BRIEF.md 3.2 refined visual-family rule
PS020,spiking,ASSUMPTION,2,spiking,0,BUILD_BRIEF.md 3.2 refined visual-family rule
PS021,spiking,ASSUMPTION,4,spiking,0,BUILD_BRIEF.md 3.2 refined visual-family rule
PS022,spiking,ASSUMPTION,4,spiking,0,BUILD_BRIEF.md 3.2 refined visual-family rule
PS023,spiking,ASSUMPTION,6,spiking,0,BUILD_BRIEF.md 3.2 refined visual-family rule
PS024,spiking,ASSUMPTION,3,spiking,0,BUILD_BRIEF.md 3.2 refined visual-family rule
PS025,spiking,ASSUMPTION,2,spiking,0,BUILD_BRIEF.md 3.2 refined visual-family rule
PS026,spiking,ASSUMPTION,4,spiking,0,BUILD_BRIEF.md 3.2 refined visual-family rule
PS027,spiking,ASSUMPTION,2,spiking,0,BUILD_BRIEF.md 3.2 refined visual-family rule
PS029,spiking,ASSUMPTION,2,spiking,0,BUILD_BRIEF.md 3.2 refined visual-family rule
PS030,spiking,ASSUMPTION,2,spiking,0,BUILD_BRIEF.md 3.2 refined visual-family rule
PS031,spiking,ASSUMPTION,2,spiking,0,BUILD_BRIEF.md 3.2 refined visual-family rule
PS034,spiking,ASSUMPTION,8,spiking,0,BUILD_BRIEF.md 3.2 refined visual-family rule
PS037,spiking,ASSUMPTION,6,spiking,0,BUILD_BRIEF.md 3.2 refined visual-family rule
PS038a,spiking,ASSUMPTION,6,spiking,0,BUILD_BRIEF.md 3.2 refined visual-family rule
PS038b,spiking,ASSUMPTION,4,spiking,0,BUILD_BRIEF.md 3.2 refined visual-family rule
PS041,spiking,ASSUMPTION,2,spiking,0,BUILD_BRIEF.md 3.2 refined visual-family rule
"PS043,PS044",spiking,ASSUMPTION,1,spiking,0,BUILD_BRIEF.md 3.2 refined visual-family rule
PS046,spiking,ASSUMPTION,2,spiking,0,BUILD_BRIEF.md 3.2 refined visual-family rule
PS047a,spiking,ASSUMPTION,2,spiking,0,BUILD_BRIEF.md 3.2 refined visual-family rule
PS047b,spiking,ASSUMPTION,2,spiking,0,BUILD_BRIEF.md 3.2 refined visual-family rule
PS048a,spiking,ASSUMPTION,2,spiking,0,BUILD_BRIEF.md 3.2 refined visual-family rule
PS048b,spiking,ASSUMPTION,2,spiking,0,BUILD_BRIEF.md 3.2 refined visual-family rule
PS049,spiking,ASSUMPTION,2,spiking,0,BUILD_BRIEF.md 3.2 refined visual-family rule
PS050,spiking,ASSUMPTION,2,spiking,0,BUILD_BRIEF.md 3.2 refined visual-family rule
PS051,spiking,ASSUMPTION,2,spiking,0,BUILD_BRIEF.md 3.2 refined visual-family rule
PS052,spiking,ASSUMPTION,4,spiking,0,BUILD_BRIEF.md 3.2 refined visual-family rule
PS053,spiking,ASSUMPTION,2,spiking,0,BUILD_BRIEF.md 3.2 refined visual-family rule
PS054,spiking,ASSUMPTION,6,spiking,0,BUILD_BRIEF.md 3.2 refined visual-family rule
PS055,spiking,ASSUMPTION,7,spiking,0,BUILD_BRIEF.md 3.2 refined visual-family rule
PS057,spiking,ASSUMPTION,2,spiking,0,BUILD_BRIEF.md 3.2 refined visual-family rule
PS058,spiking,ASSUMPTION,2,spiking,0,BUILD_BRIEF.md 3.2 refined visual-family rule
PS059,spiking,ASSUMPTION,4,spiking,0,BUILD_BRIEF.md 3.2 refined visual-family rule
PS061,spiking,ASSUMPTION,2,spiking,0,BUILD_BRIEF.md 3.2 refined visual-family rule
PS062,spiking,ASSUMPTION,2,spiking,0,BUILD_BRIEF.md 3.2 refined visual-family rule
PS063,spiking,ASSUMPTION,2,spiking,0,BUILD_BRIEF.md 3.2 refined visual-family rule
PS065,spiking,ASSUMPTION,2,spiking,0,BUILD_BRIEF.md 3.2 refined visual-family rule
PS068,spiking,ASSUMPTION,2,spiking,0,BUILD_BRIEF.md 3.2 refined visual-family rule
PS074,spiking,ASSUMPTION,2,spiking,0,BUILD_BRIEF.md 3.2 refined visual-family rule
PS076,spiking,ASSUMPTION,2,spiking,0,BUILD_BRIEF.md 3.2 refined visual-family rule
PS078,spiking,ASSUMPTION,6,spiking,0,BUILD_BRIEF.md 3.2 refined visual-family rule
PS080,spiking,ASSUMPTION,2,spiking,0,BUILD_BRIEF.md 3.2 refined visual-family rule
"PS081,PS085",spiking,ASSUMPTION,2,spiking,0,BUILD_BRIEF.md 3.2 refined visual-family rule
PS082,spiking,ASSUMPTION,4,spiking,0,BUILD_BRIEF.md 3.2 refined visual-family rule
PS083a,spiking,ASSUMPTION,4,spiking,0,BUILD_BRIEF.md 3.2 refined visual-family rule
PS083b,spiking,ASSUMPTION,4,spiking,0,BUILD_BRIEF.md 3.2 refined visual-family rule
PS084,spiking,ASSUMPTION,4,spiking,0,BUILD_BRIEF.md 3.2 refined visual-family rule
PS086,spiking,ASSUMPTION,2,spiking,0,BUILD_BRIEF.md 3.2 refined visual-family rule
PS087,spiking,ASSUMPTION,20,spiking,0,BUILD_BRIEF.md 3.2 refined visual-family rule
PS088,spiking,ASSUMPTION,2,spiking,0,BUILD_BRIEF.md 3.2 refined visual-family rule
PS089,spiking,ASSUMPTION,2,spiking,0,BUILD_BRIEF.md 3.2 refined visual-family rule
PS090a,spiking,ASSUMPTION,2,spiking,0,BUILD_BRIEF.md 3.2 refined visual-family rule
PS090b,spiking,ASSUMPTION,2,spiking,0,BUILD_BRIEF.md 3.2 refined visual-family rule
PS091,spiking,ASSUMPTION,2,spiking,0,BUILD_BRIEF.md 3.2 refined visual-family rule
PS092,spiking,ASSUMPTION,2,spiking,0,BUILD_BRIEF.md 3.2 refined visual-family rule
PS093,spiking,ASSUMPTION,2,spiking,0,BUILD_BRIEF.md 3.2 refined visual-family rule
PS094a,spiking,ASSUMPTION,2,spiking,0,BUILD_BRIEF.md 3.2 refined visual-family rule
PS094b,spiking,ASSUMPTION,2,spiking,0,BUILD_BRIEF.md 3.2 refined visual-family rule
PS095,spiking,ASSUMPTION,6,spiking,0,BUILD_BRIEF.md 3.2 refined visual-family rule
PS096,spiking,ASSUMPTION,12,spiking,0,BUILD_BRIEF.md 3.2 refined visual-family rule
PS097,spiking,ASSUMPTION,7,spiking,0,BUILD_BRIEF.md 3.2 refined visual-family rule
PS098,spiking,ASSUMPTION,2,spiking,0,BUILD_BRIEF.md 3.2 refined visual-family rule
PS099a,spiking,ASSUMPTION,2,spiking,0,BUILD_BRIEF.md 3.2 refined visual-family rule
PS099b,spiking,ASSUMPTION,2,spiking,0,BUILD_BRIEF.md 3.2 refined visual-family rule
PS100,spiking,ASSUMPTION,2,spiking,0,BUILD_BRIEF.md 3.2 refined visual-family rule
PS106,spiking,ASSUMPTION,4,spiking,0,BUILD_BRIEF.md 3.2 refined visual-family rule
PS107,spiking,ASSUMPTION,4,spiking,0,BUILD_BRIEF.md 3.2 refined visual-family rule
PS108,spiking,ASSUMPTION,2,spiking,0,BUILD_BRIEF.md 3.2 refined visual-family rule
PS109,spiking,ASSUMPTION,4,spiking,0,BUILD_BRIEF.md 3.2 refined visual-family rule
PS112,spiking,ASSUMPTION,2,spiking,0,BUILD_BRIEF.md 3.2 refined visual-family rule
PS114,spiking,ASSUMPTION,2,spiking,0,BUILD_BRIEF.md 3.2 refined visual-family rule
PS115,spiking,ASSUMPTION,2,spiking,0,BUILD_BRIEF.md 3.2 refined visual-family rule
PS116,spiking,ASSUMPTION,2,spiking,0,BUILD_BRIEF.md 3.2 refined visual-family rule
PS117a,spiking,ASSUMPTION,2,spiking,0,BUILD_BRIEF.md 3.2 refined visual-family rule
PS117b,spiking,ASSUMPTION,2,spiking,0,BUILD_BRIEF.md 3.2 refined visual-family rule
PS118,spiking,ASSUMPTION,7,spiking,0,BUILD_BRIEF.md 3.2 refined visual-family rule
PS124,spiking,ASSUMPTION,2,spiking,0,BUILD_BRIEF.md 3.2 refined visual-family rule
PS126,spiking,ASSUMPTION,2,spiking,0,BUILD_BRIEF.md 3.2 refined visual-family rule
PS127,spiking,ASSUMPTION,2,spiking,0,BUILD_BRIEF.md 3.2 refined visual-family rule
PS137,spiking,ASSUMPTION,4,spiking,0,BUILD_BRIEF.md 3.2 refined visual-family rule
PS138,spiking,ASSUMPTION,2,spiking,0,BUILD_BRIEF.md 3.2 refined visual-family rule
PS140,spiking,ASSUMPTION,4,spiking,0,BUILD_BRIEF.md 3.2 refined visual-family rule
"PS141,PS147",spiking,ASSUMPTION,4,spiking,0,BUILD_BRIEF.md 3.2 refined visual-family rule
"PS143,PS149",spiking,ASSUMPTION,3,spiking,0,BUILD_BRIEF.md 3.2 refined visual-family rule
PS146,spiking,ASSUMPTION,4,spiking,0,BUILD_BRIEF.md 3.2 refined visual-family rule
PS150,spiking,ASSUMPTION,2,spiking,0,BUILD_BRIEF.md 3.2 refined visual-family rule
PS150a,spiking,ASSUMPTION,3,spiking,0,BUILD_BRIEF.md 3.2 refined visual-family rule
PS150b,spiking,ASSUMPTION,1,spiking,0,BUILD_BRIEF.md 3.2 refined visual-family rule
PS153,spiking,ASSUMPTION,3,spiking,0,BUILD_BRIEF.md 3.2 refined visual-family rule
PS156,spiking,ASSUMPTION,2,spiking,0,BUILD_BRIEF.md 3.2 refined visual-family rule
PS157,spiking,ASSUMPTION,2,spiking,0,BUILD_BRIEF.md 3.2 refined visual-family rule
PS158,spiking,ASSUMPTION,2,spiking,0,BUILD_BRIEF.md 3.2 refined visual-family rule
PS159,spiking,ASSUMPTION,2,spiking,0,BUILD_BRIEF.md 3.2 refined visual-family rule
PS160,spiking,ASSUMPTION,2,spiking,0,BUILD_BRIEF.md 3.2 refined visual-family rule
PS161,spiking,ASSUMPTION,2,spiking,0,BUILD_BRIEF.md 3.2 refined visual-family rule
"PS164,PS165",spiking,ASSUMPTION,4,spiking,0,BUILD_BRIEF.md 3.2 refined visual-family rule
PS170,spiking,ASSUMPTION,2,spiking,0,BUILD_BRIEF.md 3.2 refined visual-family rule
PS171,spiking,ASSUMPTION,2,spiking,0,BUILD_BRIEF.md 3.2 refined visual-family rule
PS172,spiking,ASSUMPTION,2,spiking,0,BUILD_BRIEF.md 3.2 refined visual-family rule
PS173,spiking,ASSUMPTION,2,spiking,0,BUILD_BRIEF.md 3.2 refined visual-family rule
PS174,spiking,ASSUMPTION,2,spiking,0,BUILD_BRIEF.md 3.2 refined visual-family rule
PS175,spiking,ASSUMPTION,2,spiking,0,BUILD_BRIEF.md 3.2 refined visual-family rule
PS176,spiking,ASSUMPTION,2,spiking,0,BUILD_BRIEF.md 3.2 refined visual-family rule
PS177,spiking,ASSUMPTION,2,spiking,0,BUILD_BRIEF.md 3.2 refined visual-family rule
PS178,spiking,ASSUMPTION,2,spiking,0,BUILD_BRIEF.md 3.2 refined visual-family rule
PS180,spiking,ASSUMPTION,2,spiking,0,BUILD_BRIEF.md 3.2 refined visual-family rule
PS181,spiking,ASSUMPTION,2,spiking,0,BUILD_BRIEF.md 3.2 refined visual-family rule
PS182,spiking,ASSUMPTION,2,spiking,0,BUILD_BRIEF.md 3.2 refined visual-family rule
PS183,spiking,ASSUMPTION,2,spiking,0,BUILD_BRIEF.md 3.2 refined visual-family rule
"PS184,PS272",spiking,ASSUMPTION,4,spiking,0,BUILD_BRIEF.md 3.2 refined visual-family rule
PS185a,spiking,ASSUMPTION,2,spiking,0,BUILD_BRIEF.md 3.2 refined visual-family rule
PS185b,spiking,ASSUMPTION,2,spiking,0,BUILD_BRIEF.md 3.2 refined visual-family rule
PS186,spiking,ASSUMPTION,2,spiking,0,BUILD_BRIEF.md 3.2 refined visual-family rule
PS187,spiking,ASSUMPTION,2,spiking,0,BUILD_BRIEF.md 3.2 refined visual-family rule
PS188a,spiking,ASSUMPTION,2,spiking,0,BUILD_BRIEF.md 3.2 refined visual-family rule
PS188b,spiking,ASSUMPTION,2,spiking,0,BUILD_BRIEF.md 3.2 refined visual-family rule
PS188c,spiking,ASSUMPTION,2,spiking,0,BUILD_BRIEF.md 3.2 refined visual-family rule
PS191a,spiking,ASSUMPTION,2,spiking,0,BUILD_BRIEF.md 3.2 refined visual-family rule
PS191b,spiking,ASSUMPTION,2,spiking,0,BUILD_BRIEF.md 3.2 refined visual-family rule
PS192,spiking,ASSUMPTION,4,spiking,0,BUILD_BRIEF.md 3.2 refined visual-family rule
PS193a,spiking,ASSUMPTION,2,spiking,0,BUILD_BRIEF.md 3.2 refined visual-family rule
PS193b,spiking,ASSUMPTION,2,spiking,0,BUILD_BRIEF.md 3.2 refined visual-family rule
PS193c,spiking,ASSUMPTION,2,spiking,0,BUILD_BRIEF.md 3.2 refined visual-family rule
PS194,spiking,ASSUMPTION,7,spiking,0,BUILD_BRIEF.md 3.2 refined visual-family rule
PS196a,spiking,ASSUMPTION,2,spiking,0,BUILD_BRIEF.md 3.2 refined visual-family rule
PS196b,spiking,ASSUMPTION,2,spiking,0,BUILD_BRIEF.md 3.2 refined visual-family rule
"PS197,PS198",spiking,ASSUMPTION,4,spiking,0,BUILD_BRIEF.md 3.2 refined visual-family rule
PS199,spiking,ASSUMPTION,2,spiking,0,BUILD_BRIEF.md 3.2 refined visual-family rule
PS200,spiking,ASSUMPTION,2,spiking,0,BUILD_BRIEF.md 3.2 refined visual-family rule
PS202,spiking,ASSUMPTION,2,spiking,0,BUILD_BRIEF.md 3.2 refined visual-family rule
PS203a,spiking,ASSUMPTION,2,spiking,0,BUILD_BRIEF.md 3.2 refined visual-family rule
PS203b,spiking,ASSUMPTION,2,spiking,0,BUILD_BRIEF.md 3.2 refined visual-family rule
PS208a,spiking,ASSUMPTION,2,spiking,0,BUILD_BRIEF.md 3.2 refined visual-family rule
PS208b,spiking,ASSUMPTION,8,spiking,0,BUILD_BRIEF.md 3.2 refined visual-family rule
PS209,spiking,ASSUMPTION,10,spiking,0,BUILD_BRIEF.md 3.2 refined visual-family rule
PS210,spiking,ASSUMPTION,2,spiking,0,BUILD_BRIEF.md 3.2 refined visual-family rule
PS213,spiking,ASSUMPTION,2,spiking,0,BUILD_BRIEF.md 3.2 refined visual-family rule
PS214,spiking,ASSUMPTION,2,spiking,0,BUILD_BRIEF.md 3.2 refined visual-family rule
PS215,spiking,ASSUMPTION,2,spiking,0,BUILD_BRIEF.md 3.2 refined visual-family rule
PS217,spiking,ASSUMPTION,2,spiking,0,BUILD_BRIEF.md 3.2 refined visual-family rule
PS220,spiking,ASSUMPTION,4,spiking,0,BUILD_BRIEF.md 3.2 refined visual-family rule
PS221,spiking,ASSUMPTION,6,spiking,0,BUILD_BRIEF.md 3.2 refined visual-family rule
PS224,spiking,ASSUMPTION,2,spiking,0,BUILD_BRIEF.md 3.2 refined visual-family rule
"PS230,PLP242",spiking,ASSUMPTION,4,spiking,0,BUILD_BRIEF.md 3.2 refined visual-family rule
PS231,spiking,ASSUMPTION,2,spiking,0,BUILD_BRIEF.md 3.2 refined visual-family rule
PS232,spiking,ASSUMPTION,2,spiking,0,BUILD_BRIEF.md 3.2 refined visual-family rule
PS233,spiking,ASSUMPTION,4,spiking,0,BUILD_BRIEF.md 3.2 refined visual-family rule
PS234,spiking,ASSUMPTION,2,spiking,0,BUILD_BRIEF.md 3.2 refined visual-family rule
"PS235,PS261",spiking,ASSUMPTION,2,spiking,0,BUILD_BRIEF.md 3.2 refined visual-family rule
PS237,spiking,ASSUMPTION,4,spiking,0,BUILD_BRIEF.md 3.2 refined visual-family rule
PS238,spiking,ASSUMPTION,2,spiking,0,BUILD_BRIEF.md 3.2 refined visual-family rule
PS239,spiking,ASSUMPTION,4,spiking,0,BUILD_BRIEF.md 3.2 refined visual-family rule
"PS240,PS264",spiking,ASSUMPTION,6,spiking,0,BUILD_BRIEF.md 3.2 refined visual-family rule
PS241a,spiking,ASSUMPTION,2,spiking,0,BUILD_BRIEF.md 3.2 refined visual-family rule
PS241b,spiking,ASSUMPTION,6,spiking,0,BUILD_BRIEF.md 3.2 refined visual-family rule
PS242,spiking,ASSUMPTION,2,spiking,0,BUILD_BRIEF.md 3.2 refined visual-family rule
PS247,spiking,ASSUMPTION,2,spiking,0,BUILD_BRIEF.md 3.2 refined visual-family rule
PS248,spiking,ASSUMPTION,2,spiking,0,BUILD_BRIEF.md 3.2 refined visual-family rule
PS249,spiking,ASSUMPTION,2,spiking,0,BUILD_BRIEF.md 3.2 refined visual-family rule
PS251,spiking,ASSUMPTION,2,spiking,0,BUILD_BRIEF.md 3.2 refined visual-family rule
PS252,spiking,ASSUMPTION,5,spiking,0,BUILD_BRIEF.md 3.2 refined visual-family rule
PS253,spiking,ASSUMPTION,2,spiking,0,BUILD_BRIEF.md 3.2 refined visual-family rule
PS260,spiking,ASSUMPTION,4,spiking,0,BUILD_BRIEF.md 3.2 refined visual-family rule
PS262,spiking,ASSUMPTION,2,spiking,0,BUILD_BRIEF.md 3.2 refined visual-family rule
PS263,spiking,ASSUMPTION,4,spiking,0,BUILD_BRIEF.md 3.2 refined visual-family rule
PS265,spiking,ASSUMPTION,3,spiking,0,BUILD_BRIEF.md 3.2 refined visual-family rule
PS267,spiking,ASSUMPTION,5,spiking,0,BUILD_BRIEF.md 3.2 refined visual-family rule
PS268,spiking,ASSUMPTION,7,spiking,0,BUILD_BRIEF.md 3.2 refined visual-family rule
PS269,spiking,ASSUMPTION,3,spiking,0,BUILD_BRIEF.md 3.2 refined visual-family rule
PS274,spiking,ASSUMPTION,2,spiking,0,BUILD_BRIEF.md 3.2 refined visual-family rule
PS276,spiking,ASSUMPTION,2,spiking,0,BUILD_BRIEF.md 3.2 refined visual-family rule
PS279,spiking,ASSUMPTION,5,spiking,0,BUILD_BRIEF.md 3.2 refined visual-family rule
PS280,spiking,ASSUMPTION,2,spiking,0,BUILD_BRIEF.md 3.2 refined visual-family rule
PS289,spiking,ASSUMPTION,2,spiking,0,BUILD_BRIEF.md 3.2 refined visual-family rule
PS291,spiking,ASSUMPTION,4,spiking,0,BUILD_BRIEF.md 3.2 refined visual-family rule
PS292,spiking,ASSUMPTION,4,spiking,0,BUILD_BRIEF.md 3.2 refined visual-family rule
PS300,spiking,ASSUMPTION,2,spiking,0,BUILD_BRIEF.md 3.2 refined visual-family rule
PS303,spiking,ASSUMPTION,2,spiking,0,BUILD_BRIEF.md 3.2 refined visual-family rule
PV7c11,spiking,ASSUMPTION,2,spiking,0,BUILD_BRIEF.md 3.2 refined visual-family rule
PVLP001,spiking,ASSUMPTION,2,spiking,0,BUILD_BRIEF.md 3.2 refined visual-family rule
PVLP002,spiking,ASSUMPTION,2,spiking,0,BUILD_BRIEF.md 3.2 refined visual-family rule
PVLP003,spiking,ASSUMPTION,2,spiking,0,BUILD_BRIEF.md 3.2 refined visual-family rule
"PVLP004,PVLP005",spiking,ASSUMPTION,30,spiking,0,BUILD_BRIEF.md 3.2 refined visual-family rule
PVLP006,spiking,ASSUMPTION,7,spiking,0,BUILD_BRIEF.md 3.2 refined visual-family rule
PVLP007,spiking,ASSUMPTION,11,spiking,0,BUILD_BRIEF.md 3.2 refined visual-family rule
PVLP008,spiking,ASSUMPTION,29,spiking,0,BUILD_BRIEF.md 3.2 refined visual-family rule
PVLP009,spiking,ASSUMPTION,4,spiking,0,BUILD_BRIEF.md 3.2 refined visual-family rule
PVLP010,spiking,ASSUMPTION,2,spiking,0,BUILD_BRIEF.md 3.2 refined visual-family rule
PVLP011,spiking,ASSUMPTION,2,spiking,0,BUILD_BRIEF.md 3.2 refined visual-family rule
PVLP012,spiking,ASSUMPTION,4,spiking,0,BUILD_BRIEF.md 3.2 refined visual-family rule
PVLP013,spiking,ASSUMPTION,2,spiking,0,BUILD_BRIEF.md 3.2 refined visual-family rule
PVLP014,spiking,ASSUMPTION,2,spiking,0,BUILD_BRIEF.md 3.2 refined visual-family rule
PVLP015,spiking,ASSUMPTION,2,spiking,0,BUILD_BRIEF.md 3.2 refined visual-family rule
PVLP016,spiking,ASSUMPTION,2,spiking,0,BUILD_BRIEF.md 3.2 refined visual-family rule
PVLP017,spiking,ASSUMPTION,2,spiking,0,BUILD_BRIEF.md 3.2 refined visual-family rule
PVLP018,spiking,ASSUMPTION,2,spiking,0,BUILD_BRIEF.md 3.2 refined visual-family rule
PVLP019,spiking,ASSUMPTION,2,spiking,0,BUILD_BRIEF.md 3.2 refined visual-family rule
PVLP020,spiking,ASSUMPTION,2,spiking,0,BUILD_BRIEF.md 3.2 refined visual-family rule
PVLP021,spiking,ASSUMPTION,4,spiking,0,BUILD_BRIEF.md 3.2 refined visual-family rule
PVLP022,spiking,ASSUMPTION,2,spiking,0,BUILD_BRIEF.md 3.2 refined visual-family rule
PVLP024,spiking,ASSUMPTION,4,spiking,0,BUILD_BRIEF.md 3.2 refined visual-family rule
PVLP025,spiking,ASSUMPTION,4,spiking,0,BUILD_BRIEF.md 3.2 refined visual-family rule
PVLP026,spiking,ASSUMPTION,2,spiking,0,BUILD_BRIEF.md 3.2 refined visual-family rule
PVLP027,spiking,ASSUMPTION,2,spiking,0,BUILD_BRIEF.md 3.2 refined visual-family rule
PVLP028,spiking,ASSUMPTION,5,spiking,0,BUILD_BRIEF.md 3.2 refined visual-family rule
PVLP030,spiking,ASSUMPTION,2,spiking,0,BUILD_BRIEF.md 3.2 refined visual-family rule
PVLP033,spiking,ASSUMPTION,7,spiking,0,BUILD_BRIEF.md 3.2 refined visual-family rule
PVLP036,spiking,ASSUMPTION,6,spiking,0,BUILD_BRIEF.md 3.2 refined visual-family rule
PVLP037,spiking,ASSUMPTION,8,spiking,0,BUILD_BRIEF.md 3.2 refined visual-family rule
PVLP049,spiking,ASSUMPTION,4,spiking,0,BUILD_BRIEF.md 3.2 refined visual-family rule
PVLP060,spiking,ASSUMPTION,6,spiking,0,BUILD_BRIEF.md 3.2 refined visual-family rule
PVLP061,spiking,ASSUMPTION,2,spiking,0,BUILD_BRIEF.md 3.2 refined visual-family rule
PVLP062,spiking,ASSUMPTION,2,spiking,0,BUILD_BRIEF.md 3.2 refined visual-family rule
PVLP065,spiking,ASSUMPTION,2,spiking,0,BUILD_BRIEF.md 3.2 refined visual-family rule
PVLP069,spiking,ASSUMPTION,2,spiking,0,BUILD_BRIEF.md 3.2 refined visual-family rule
PVLP070,spiking,ASSUMPTION,5,spiking,0,BUILD_BRIEF.md 3.2 refined visual-family rule
PVLP074,spiking,ASSUMPTION,9,spiking,0,BUILD_BRIEF.md 3.2 refined visual-family rule
PVLP076,spiking,ASSUMPTION,2,spiking,0,BUILD_BRIEF.md 3.2 refined visual-family rule
PVLP080a,spiking,ASSUMPTION,3,spiking,0,BUILD_BRIEF.md 3.2 refined visual-family rule
PVLP080b,spiking,ASSUMPTION,6,spiking,0,BUILD_BRIEF.md 3.2 refined visual-family rule
PVLP081,spiking,ASSUMPTION,4,spiking,0,BUILD_BRIEF.md 3.2 refined visual-family rule
PVLP082a,spiking,ASSUMPTION,2,spiking,0,BUILD_BRIEF.md 3.2 refined visual-family rule
PVLP082b,spiking,ASSUMPTION,8,spiking,0,BUILD_BRIEF.md 3.2 refined visual-family rule
PVLP084,spiking,ASSUMPTION,2,spiking,0,BUILD_BRIEF.md 3.2 refined visual-family rule
PVLP086,spiking,ASSUMPTION,2,spiking,0,BUILD_BRIEF.md 3.2 refined visual-family rule
"PVLP086,PVLP087",spiking,ASSUMPTION,4,spiking,0,BUILD_BRIEF.md 3.2 refined visual-family rule
PVLP088,spiking,ASSUMPTION,6,spiking,0,BUILD_BRIEF.md 3.2 refined visual-family rule
PVLP089,spiking,ASSUMPTION,2,spiking,0,BUILD_BRIEF.md 3.2 refined visual-family rule
PVLP090,spiking,ASSUMPTION,2,spiking,0,BUILD_BRIEF.md 3.2 refined visual-family rule
PVLP092,spiking,ASSUMPTION,4,spiking,0,BUILD_BRIEF.md 3.2 refined visual-family rule
PVLP093,spiking,ASSUMPTION,2,spiking,0,BUILD_BRIEF.md 3.2 refined visual-family rule
PVLP094,spiking,ASSUMPTION,2,spiking,0,BUILD_BRIEF.md 3.2 refined visual-family rule
PVLP097,spiking,ASSUMPTION,14,spiking,0,BUILD_BRIEF.md 3.2 refined visual-family rule
PVLP099,spiking,ASSUMPTION,7,spiking,0,BUILD_BRIEF.md 3.2 refined visual-family rule
PVLP100,spiking,ASSUMPTION,3,spiking,0,BUILD_BRIEF.md 3.2 refined visual-family rule
PVLP101a,spiking,ASSUMPTION,2,spiking,0,BUILD_BRIEF.md 3.2 refined visual-family rule
PVLP101b,spiking,ASSUMPTION,4,spiking,0,BUILD_BRIEF.md 3.2 refined visual-family rule
PVLP101c,spiking,ASSUMPTION,4,spiking,0,BUILD_BRIEF.md 3.2 refined visual-family rule
PVLP102,spiking,ASSUMPTION,3,spiking,0,BUILD_BRIEF.md 3.2 refined visual-family rule
PVLP103,spiking,ASSUMPTION,4,spiking,0,BUILD_BRIEF.md 3.2 refined visual-family rule
PVLP104,spiking,ASSUMPTION,4,spiking,0,BUILD_BRIEF.md 3.2 refined visual-family rule
PVLP105,spiking,ASSUMPTION,4,spiking,0,BUILD_BRIEF.md 3.2 refined visual-family rule
PVLP106,spiking,ASSUMPTION,2,spiking,0,BUILD_BRIEF.md 3.2 refined visual-family rule
PVLP107,spiking,ASSUMPTION,2,spiking,0,BUILD_BRIEF.md 3.2 refined visual-family rule
PVLP108,spiking,ASSUMPTION,6,spiking,0,BUILD_BRIEF.md 3.2 refined visual-family rule
PVLP109,spiking,ASSUMPTION,4,spiking,0,BUILD_BRIEF.md 3.2 refined visual-family rule
PVLP111,spiking,ASSUMPTION,10,spiking,0,BUILD_BRIEF.md 3.2 refined visual-family rule
PVLP112a,spiking,ASSUMPTION,2,spiking,0,BUILD_BRIEF.md 3.2 refined visual-family rule
PVLP112b,spiking,ASSUMPTION,8,spiking,0,BUILD_BRIEF.md 3.2 refined visual-family rule
PVLP113,spiking,ASSUMPTION,6,spiking,0,BUILD_BRIEF.md 3.2 refined visual-family rule
PVLP114,spiking,ASSUMPTION,2,spiking,0,BUILD_BRIEF.md 3.2 refined visual-family rule
PVLP115,spiking,ASSUMPTION,2,spiking,0,BUILD_BRIEF.md 3.2 refined visual-family rule
PVLP118,spiking,ASSUMPTION,4,spiking,0,BUILD_BRIEF.md 3.2 refined visual-family rule
PVLP120,spiking,ASSUMPTION,2,spiking,0,BUILD_BRIEF.md 3.2 refined visual-family rule
PVLP121,spiking,ASSUMPTION,2,spiking,0,BUILD_BRIEF.md 3.2 refined visual-family rule
PVLP122a,spiking,ASSUMPTION,2,spiking,0,BUILD_BRIEF.md 3.2 refined visual-family rule
PVLP122b,spiking,ASSUMPTION,4,spiking,0,BUILD_BRIEF.md 3.2 refined visual-family rule
PVLP123a,spiking,ASSUMPTION,4,spiking,0,BUILD_BRIEF.md 3.2 refined visual-family rule
PVLP123b,spiking,ASSUMPTION,2,spiking,0,BUILD_BRIEF.md 3.2 refined visual-family rule
PVLP123c,spiking,ASSUMPTION,2,spiking,0,BUILD_BRIEF.md 3.2 refined visual-family rule
PVLP124,spiking,ASSUMPTION,4,spiking,0,BUILD_BRIEF.md 3.2 refined visual-family rule
PVLP128,spiking,ASSUMPTION,6,spiking,0,BUILD_BRIEF.md 3.2 refined visual-family rule
PVLP130,spiking,ASSUMPTION,2,spiking,0,BUILD_BRIEF.md 3.2 refined visual-family rule
PVLP133,spiking,ASSUMPTION,25,spiking,0,BUILD_BRIEF.md 3.2 refined visual-family rule
PVLP134,spiking,ASSUMPTION,4,spiking,0,BUILD_BRIEF.md 3.2 refined visual-family rule
PVLP135,spiking,ASSUMPTION,4,spiking,0,BUILD_BRIEF.md 3.2 refined visual-family rule
PVLP137,spiking,ASSUMPTION,2,spiking,0,BUILD_BRIEF.md 3.2 refined visual-family rule
PVLP138,spiking,ASSUMPTION,2,spiking,0,BUILD_BRIEF.md 3.2 refined visual-family rule
PVLP139,spiking,ASSUMPTION,4,spiking,0,BUILD_BRIEF.md 3.2 refined visual-family rule
PVLP140,spiking,ASSUMPTION,2,spiking,0,BUILD_BRIEF.md 3.2 refined visual-family rule
PVLP141,spiking,ASSUMPTION,2,spiking,0,BUILD_BRIEF.md 3.2 refined visual-family rule
PVLP143,spiking,ASSUMPTION,2,spiking,0,BUILD_BRIEF.md 3.2 refined visual-family rule
PVLP144,spiking,ASSUMPTION,6,spiking,0,BUILD_BRIEF.md 3.2 refined visual-family rule
PVLP148,spiking,ASSUMPTION,4,spiking,0,BUILD_BRIEF.md 3.2 refined visual-family rule
PVLP149,spiking,ASSUMPTION,4,spiking,0,BUILD_BRIEF.md 3.2 refined visual-family rule
PVLP150,spiking,ASSUMPTION,2,spiking,0,BUILD_BRIEF.md 3.2 refined visual-family rule
PVLP151,spiking,ASSUMPTION,4,spiking,0,BUILD_BRIEF.md 3.2 refined visual-family rule
PhG10,spiking,ASSUMPTION,2,spiking,0,BUILD_BRIEF.md 3.2 refined visual-family rule
PhG11,spiking,ASSUMPTION,2,spiking,0,BUILD_BRIEF.md 3.2 refined visual-family rule
PhG12,spiking,ASSUMPTION,2,spiking,0,BUILD_BRIEF.md 3.2 refined visual-family rule
PhG13,spiking,ASSUMPTION,2,spiking,0,BUILD_BRIEF.md 3.2 refined visual-family rule
PhG14,spiking,ASSUMPTION,2,spiking,0,BUILD_BRIEF.md 3.2 refined visual-family rule
PhG15,spiking,ASSUMPTION,2,spiking,0,BUILD_BRIEF.md 3.2 refined visual-family rule
PhG16,spiking,ASSUMPTION,2,spiking,0,BUILD_BRIEF.md 3.2 refined visual-family rule
PhG1a,spiking,ASSUMPTION,2,spiking,0,BUILD_BRIEF.md 3.2 refined visual-family rule
PhG1b,spiking,ASSUMPTION,2,spiking,0,BUILD_BRIEF.md 3.2 refined visual-family rule
PhG1c,spiking,ASSUMPTION,4,spiking,0,BUILD_BRIEF.md 3.2 refined visual-family rule
PhG2,spiking,ASSUMPTION,5,spiking,0,BUILD_BRIEF.md 3.2 refined visual-family rule
PhG3,spiking,ASSUMPTION,2,spiking,0,BUILD_BRIEF.md 3.2 refined visual-family rule
PhG4,spiking,ASSUMPTION,4,spiking,0,BUILD_BRIEF.md 3.2 refined visual-family rule
PhG5,spiking,ASSUMPTION,2,spiking,0,BUILD_BRIEF.md 3.2 refined visual-family rule
PhG6,spiking,ASSUMPTION,2,spiking,0,BUILD_BRIEF.md 3.2 refined visual-family rule
PhG7,spiking,ASSUMPTION,5,spiking,0,BUILD_BRIEF.md 3.2 refined visual-family rule
PhG8,spiking,ASSUMPTION,4,spiking,0,BUILD_BRIEF.md 3.2 refined visual-family rule
PhG9,spiking,ASSUMPTION,4,spiking,0,BUILD_BRIEF.md 3.2 refined visual-family rule
Pm01,graded,ASSUMPTION,244,graded,244,BUILD_BRIEF.md 3.2 refined visual-family rule
Pm02,graded,ASSUMPTION,181,graded,181,BUILD_BRIEF.md 3.2 refined visual-family rule
Pm03,graded,ASSUMPTION,191,graded,191,BUILD_BRIEF.md 3.2 refined visual-family rule
Pm04,graded,ASSUMPTION,82,graded,82,BUILD_BRIEF.md 3.2 refined visual-family rule
Pm05,graded,ASSUMPTION,148,graded,148,BUILD_BRIEF.md 3.2 refined visual-family rule
Pm06,graded,ASSUMPTION,51,graded,51,BUILD_BRIEF.md 3.2 refined visual-family rule
Pm07,graded,ASSUMPTION,41,graded,41,BUILD_BRIEF.md 3.2 refined visual-family rule
Pm08,graded,ASSUMPTION,117,graded,117,BUILD_BRIEF.md 3.2 refined visual-family rule
Pm09,graded,ASSUMPTION,73,graded,73,BUILD_BRIEF.md 3.2 refined visual-family rule
Pm10,graded,ASSUMPTION,46,graded,46,BUILD_BRIEF.md 3.2 refined visual-family rule
Pm11,graded,ASSUMPTION,33,graded,33,BUILD_BRIEF.md 3.2 refined visual-family rule
Pm12,graded,ASSUMPTION,4,graded,4,BUILD_BRIEF.md 3.2 refined visual-family rule
Pm13,graded,ASSUMPTION,3,graded,3,BUILD_BRIEF.md 3.2 refined visual-family rule
Pm14,graded,ASSUMPTION,4,graded,4,BUILD_BRIEF.md 3.2 refined visual-family rule
R1-6,graded,ASSUMPTION,7932,graded,7932,BUILD_BRIEF.md 3.2 refined visual-family rule
R7,graded,ASSUMPTION,1336,graded,1336,BUILD_BRIEF.md 3.2 refined visual-family rule
R8,graded,ASSUMPTION,1314,graded,1314,BUILD_BRIEF.md 3.2 refined visual-family rule
SA1,spiking,ASSUMPTION,12,spiking,0,BUILD_BRIEF.md 3.2 refined visual-family rule
SA2,spiking,ASSUMPTION,9,spiking,0,BUILD_BRIEF.md 3.2 refined visual-family rule
SA3,spiking,ASSUMPTION,7,spiking,0,BUILD_BRIEF.md 3.2 refined visual-family rule
SAD003,spiking,ASSUMPTION,6,spiking,0,BUILD_BRIEF.md 3.2 refined visual-family rule
"SAD005,SAD006",spiking,ASSUMPTION,10,spiking,0,BUILD_BRIEF.md 3.2 refined visual-family rule
SAD007,spiking,ASSUMPTION,10,spiking,0,BUILD_BRIEF.md 3.2 refined visual-family rule
SAD008,spiking,ASSUMPTION,6,spiking,0,BUILD_BRIEF.md 3.2 refined visual-family rule
SAD009,spiking,ASSUMPTION,4,spiking,0,BUILD_BRIEF.md 3.2 refined visual-family rule
SAD010,spiking,ASSUMPTION,2,spiking,0,BUILD_BRIEF.md 3.2 refined visual-family rule
"SAD011,SAD019",spiking,ASSUMPTION,9,spiking,0,BUILD_BRIEF.md 3.2 refined visual-family rule
SAD012,spiking,ASSUMPTION,4,spiking,0,BUILD_BRIEF.md 3.2 refined visual-family rule
SAD013,spiking,ASSUMPTION,2,spiking,0,BUILD_BRIEF.md 3.2 refined visual-family rule
SAD014,spiking,ASSUMPTION,6,spiking,0,BUILD_BRIEF.md 3.2 refined visual-family rule
SAD017,spiking,ASSUMPTION,2,spiking,0,BUILD_BRIEF.md 3.2 refined visual-family rule
SAD021_a,spiking,ASSUMPTION,6,spiking,0,BUILD_BRIEF.md 3.2 refined visual-family rule
SAD021_c,spiking,ASSUMPTION,4,spiking,0,BUILD_BRIEF.md 3.2 refined visual-family rule
SAD023,spiking,ASSUMPTION,2,spiking,0,BUILD_BRIEF.md 3.2 refined visual-family rule
SAD030,spiking,ASSUMPTION,3,spiking,0,BUILD_BRIEF.md 3.2 refined visual-family rule
SAD034,spiking,ASSUMPTION,2,spiking,0,BUILD_BRIEF.md 3.2 refined visual-family rule
SAD035,spiking,ASSUMPTION,2,spiking,0,BUILD_BRIEF.md 3.2 refined visual-family rule
SAD036,spiking,ASSUMPTION,2,spiking,0,BUILD_BRIEF.md 3.2 refined visual-family rule
SAD040,spiking,ASSUMPTION,4,spiking,0,BUILD_BRIEF.md 3.2 refined visual-family rule
SAD043,spiking,ASSUMPTION,2,spiking,0,BUILD_BRIEF.md 3.2 refined visual-family rule
SAD044,spiking,ASSUMPTION,4,spiking,0,BUILD_BRIEF.md 3.2 refined visual-family rule
"SAD045,SAD046",spiking,ASSUMPTION,11,spiking,0,BUILD_BRIEF.md 3.2 refined visual-family rule
SAD047,spiking,ASSUMPTION,10,spiking,0,BUILD_BRIEF.md 3.2 refined visual-family rule
SAD049,spiking,ASSUMPTION,4,spiking,0,BUILD_BRIEF.md 3.2 refined visual-family rule
SAD052,spiking,ASSUMPTION,4,spiking,0,BUILD_BRIEF.md 3.2 refined visual-family rule
SAD053,spiking,ASSUMPTION,2,spiking,0,BUILD_BRIEF.md 3.2 refined visual-family rule
SAD064,spiking,ASSUMPTION,4,spiking,0,BUILD_BRIEF.md 3.2 refined visual-family rule
SAD070,spiking,ASSUMPTION,2,spiking,0,BUILD_BRIEF.md 3.2 refined visual-family rule
SAD072,spiking,ASSUMPTION,2,spiking,0,BUILD_BRIEF.md 3.2 refined visual-family rule
SAD074,spiking,ASSUMPTION,2,spiking,0,BUILD_BRIEF.md 3.2 refined visual-family rule
SAD075,spiking,ASSUMPTION,2,spiking,0,BUILD_BRIEF.md 3.2 refined visual-family rule
SAD076,spiking,ASSUMPTION,2,spiking,0,BUILD_BRIEF.md 3.2 refined visual-family rule
SAD077,spiking,ASSUMPTION,8,spiking,0,BUILD_BRIEF.md 3.2 refined visual-family rule
SAD080,spiking,ASSUMPTION,2,spiking,0,BUILD_BRIEF.md 3.2 refined visual-family rule
SAD082,spiking,ASSUMPTION,2,spiking,0,BUILD_BRIEF.md 3.2 refined visual-family rule
SAD084,spiking,ASSUMPTION,2,spiking,0,BUILD_BRIEF.md 3.2 refined visual-family rule
SAD085,spiking,ASSUMPTION,2,spiking,0,BUILD_BRIEF.md 3.2 refined visual-family rule
SAD093,spiking,ASSUMPTION,2,spiking,0,BUILD_BRIEF.md 3.2 refined visual-family rule
SAD094,spiking,ASSUMPTION,2,spiking,0,BUILD_BRIEF.md 3.2 refined visual-family rule
SAD301f,spiking,ASSUMPTION,2,spiking,0,BUILD_BRIEF.md 3.2 refined visual-family rule
SAF,spiking,ASSUMPTION,8,spiking,0,BUILD_BRIEF.md 3.2 refined visual-family rule
SA_DLV,spiking,ASSUMPTION,25,spiking,0,BUILD_BRIEF.md 3.2 refined visual-family rule
SA_DMT_ADMN_1,spiking,ASSUMPTION,10,spiking,0,BUILD_BRIEF.md 3.2 refined visual-family rule
SA_DMT_ADMN_10,spiking,ASSUMPTION,5,spiking,0,BUILD_BRIEF.md 3.2 refined visual-family rule
SA_DMT_ADMN_11,spiking,ASSUMPTION,21,spiking,0,BUILD_BRIEF.md 3.2 refined visual-family rule
SA_DMT_ADMN_2,spiking,ASSUMPTION,4,spiking,0,BUILD_BRIEF.md 3.2 refined visual-family rule
SA_DMT_ADMN_3,spiking,ASSUMPTION,5,spiking,0,BUILD_BRIEF.md 3.2 refined visual-family rule
SA_DMT_ADMN_4,spiking,ASSUMPTION,3,spiking,0,BUILD_BRIEF.md 3.2 refined visual-family rule
SA_DMT_ADMN_5,spiking,ASSUMPTION,7,spiking,0,BUILD_BRIEF.md 3.2 refined visual-family rule
SA_DMT_ADMN_6,spiking,ASSUMPTION,4,spiking,0,BUILD_BRIEF.md 3.2 refined visual-family rule
SA_DMT_ADMN_7,spiking,ASSUMPTION,10,spiking,0,BUILD_BRIEF.md 3.2 refined visual-family rule
SA_DMT_ADMN_8,spiking,ASSUMPTION,4,spiking,0,BUILD_BRIEF.md 3.2 refined visual-family rule
SA_DMT_ADMN_9,spiking,ASSUMPTION,7,spiking,0,BUILD_BRIEF.md 3.2 refined visual-family rule
SA_DMT_DMetaN_1,spiking,ASSUMPTION,2,spiking,0,BUILD_BRIEF.md 3.2 refined visual-family rule
SA_DMT_DMetaN_10,spiking,ASSUMPTION,2,spiking,0,BUILD_BRIEF.md 3.2 refined visual-family rule
SA_DMT_DMetaN_11,spiking,ASSUMPTION,2,spiking,0,BUILD_BRIEF.md 3.2 refined visual-family rule
SA_DMT_DMetaN_12,spiking,ASSUMPTION,62,spiking,0,BUILD_BRIEF.md 3.2 refined visual-family rule
SA_DMT_DMetaN_2,spiking,ASSUMPTION,2,spiking,0,BUILD_BRIEF.md 3.2 refined visual-family rule
SA_DMT_DMetaN_3,spiking,ASSUMPTION,3,spiking,0,BUILD_BRIEF.md 3.2 refined visual-family rule
SA_DMT_DMetaN_4,spiking,ASSUMPTION,5,spiking,0,BUILD_BRIEF.md 3.2 refined visual-family rule
SA_DMT_DMetaN_5,spiking,ASSUMPTION,4,spiking,0,BUILD_BRIEF.md 3.2 refined visual-family rule
SA_DMT_DMetaN_6,spiking,ASSUMPTION,10,spiking,0,BUILD_BRIEF.md 3.2 refined visual-family rule
SA_DMT_DMetaN_7,spiking,ASSUMPTION,2,spiking,0,BUILD_BRIEF.md 3.2 refined visual-family rule
SA_DMT_DMetaN_8,spiking,ASSUMPTION,12,spiking,0,BUILD_BRIEF.md 3.2 refined visual-family rule
SA_DMT_DMetaN_9,spiking,ASSUMPTION,7,spiking,0,BUILD_BRIEF.md 3.2 refined visual-family rule
SA_MDA_1,spiking,ASSUMPTION,4,spiking,0,BUILD_BRIEF.md 3.2 refined visual-family rule
SA_MDA_2,spiking,ASSUMPTION,5,spiking,0,BUILD_BRIEF.md 3.2 refined visual-family rule
SA_MDA_3,spiking,ASSUMPTION,2,spiking,0,BUILD_BRIEF.md 3.2 refined visual-family rule
SA_MDA_4,spiking,ASSUMPTION,6,spiking,0,BUILD_BRIEF.md 3.2 refined visual-family rule
SA_VTV_1,spiking,ASSUMPTION,4,spiking,0,BUILD_BRIEF.md 3.2 refined visual-family rule
SA_VTV_10,spiking,ASSUMPTION,9,spiking,0,BUILD_BRIEF.md 3.2 refined visual-family rule
SA_VTV_2,spiking,ASSUMPTION,12,spiking,0,BUILD_BRIEF.md 3.2 refined visual-family rule
SA_VTV_3,spiking,ASSUMPTION,7,spiking,0,BUILD_BRIEF.md 3.2 refined visual-family rule
SA_VTV_4,spiking,ASSUMPTION,18,spiking,0,BUILD_BRIEF.md 3.2 refined visual-family rule
SA_VTV_5,spiking,ASSUMPTION,14,spiking,0,BUILD_BRIEF.md 3.2 refined visual-family rule
SA_VTV_6,spiking,ASSUMPTION,12,spiking,0,BUILD_BRIEF.md 3.2 refined visual-family rule
SA_VTV_7,spiking,ASSUMPTION,2,spiking,0,BUILD_BRIEF.md 3.2 refined visual-family rule
SA_VTV_8,spiking,ASSUMPTION,2,spiking,0,BUILD_BRIEF.md 3.2 refined visual-family rule
SA_VTV_9,spiking,ASSUMPTION,6,spiking,0,BUILD_BRIEF.md 3.2 refined visual-family rule
SA_VTV_DProN_1,spiking,ASSUMPTION,2,spiking,0,BUILD_BRIEF.md 3.2 refined visual-family rule
SA_VTV_PDMN_1,spiking,ASSUMPTION,4,spiking,0,BUILD_BRIEF.md 3.2 refined visual-family rule
SIP003_a,spiking,ASSUMPTION,9,spiking,0,BUILD_BRIEF.md 3.2 refined visual-family rule
SIP003_b,spiking,ASSUMPTION,8,spiking,0,BUILD_BRIEF.md 3.2 refined visual-family rule
SIP005,spiking,ASSUMPTION,3,spiking,0,BUILD_BRIEF.md 3.2 refined visual-family rule
SIP006,spiking,ASSUMPTION,3,spiking,0,BUILD_BRIEF.md 3.2 refined visual-family rule
SIP013a,spiking,ASSUMPTION,3,spiking,0,BUILD_BRIEF.md 3.2 refined visual-family rule
SIP013b,spiking,ASSUMPTION,4,spiking,0,BUILD_BRIEF.md 3.2 refined visual-family rule
"SIP014,SIP016",spiking,ASSUMPTION,10,spiking,0,BUILD_BRIEF.md 3.2 refined visual-family rule
SIP015,spiking,ASSUMPTION,11,spiking,0,BUILD_BRIEF.md 3.2 refined visual-family rule
SIP017,spiking,ASSUMPTION,2,spiking,0,BUILD_BRIEF.md 3.2 refined visual-family rule
SIP018,spiking,ASSUMPTION,2,spiking,0,BUILD_BRIEF.md 3.2 refined visual-family rule
SIP019,spiking,ASSUMPTION,2,spiking,0,BUILD_BRIEF.md 3.2 refined visual-family rule
SIP020,spiking,ASSUMPTION,9,spiking,0,BUILD_BRIEF.md 3.2 refined visual-family rule
SIP022,spiking,ASSUMPTION,2,spiking,0,BUILD_BRIEF.md 3.2 refined visual-family rule
SIP024,spiking,ASSUMPTION,7,spiking,0,BUILD_BRIEF.md 3.2 refined visual-family rule
SIP025,spiking,ASSUMPTION,2,spiking,0,BUILD_BRIEF.md 3.2 refined visual-family rule
SIP027,spiking,ASSUMPTION,8,spiking,0,BUILD_BRIEF.md 3.2 refined visual-family rule
SIP028,spiking,ASSUMPTION,1,spiking,0,BUILD_BRIEF.md 3.2 refined visual-family rule
SIP028a,spiking,ASSUMPTION,3,spiking,0,BUILD_BRIEF.md 3.2 refined visual-family rule
SIP028b,spiking,ASSUMPTION,2,spiking,0,BUILD_BRIEF.md 3.2 refined visual-family rule
SIP029,spiking,ASSUMPTION,2,spiking,0,BUILD_BRIEF.md 3.2 refined visual-family rule
SIP031,spiking,ASSUMPTION,2,spiking,0,BUILD_BRIEF.md 3.2 refined visual-family rule
"SIP032,SIP059",spiking,ASSUMPTION,6,spiking,0,BUILD_BRIEF.md 3.2 refined visual-family rule
SIP033,spiking,ASSUMPTION,4,spiking,0,BUILD_BRIEF.md 3.2 refined visual-family rule
SIP034,spiking,ASSUMPTION,6,spiking,0,BUILD_BRIEF.md 3.2 refined visual-family rule
SIP041,spiking,ASSUMPTION,2,spiking,0,BUILD_BRIEF.md 3.2 refined visual-family rule
SIP045,spiking,ASSUMPTION,6,spiking,0,BUILD_BRIEF.md 3.2 refined visual-family rule
SIP046,spiking,ASSUMPTION,2,spiking,0,BUILD_BRIEF.md 3.2 refined visual-family rule
SIP047a,spiking,ASSUMPTION,3,spiking,0,BUILD_BRIEF.md 3.2 refined visual-family rule
SIP047b,spiking,ASSUMPTION,10,spiking,0,BUILD_BRIEF.md 3.2 refined visual-family rule
SIP048,spiking,ASSUMPTION,4,spiking,0,BUILD_BRIEF.md 3.2 refined visual-family rule
SIP052,spiking,ASSUMPTION,2,spiking,0,BUILD_BRIEF.md 3.2 refined visual-family rule
SIP053a,spiking,ASSUMPTION,3,spiking,0,BUILD_BRIEF.md 3.2 refined visual-family rule
SIP053b,spiking,ASSUMPTION,7,spiking,0,BUILD_BRIEF.md 3.2 refined visual-family rule
"SIP055,SLP245",spiking,ASSUMPTION,10,spiking,0,BUILD_BRIEF.md 3.2 refined visual-family rule
SIP057,spiking,ASSUMPTION,2,spiking,0,BUILD_BRIEF.md 3.2 refined visual-family rule
SIP061,spiking,ASSUMPTION,2,spiking,0,BUILD_BRIEF.md 3.2 refined visual-family rule
SIP064,spiking,ASSUMPTION,2,spiking,0,BUILD_BRIEF.md 3.2 refined visual-family rule
SIP065,spiking,ASSUMPTION,2,spiking,0,BUILD_BRIEF.md 3.2 refined visual-family rule
SIP066,spiking,ASSUMPTION,4,spiking,0,BUILD_BRIEF.md 3.2 refined visual-family rule
SIP067,spiking,ASSUMPTION,2,spiking,0,BUILD_BRIEF.md 3.2 refined visual-family rule
SIP069,spiking,ASSUMPTION,4,spiking,0,BUILD_BRIEF.md 3.2 refined visual-family rule
SIP073,spiking,ASSUMPTION,6,spiking,0,BUILD_BRIEF.md 3.2 refined visual-family rule
SIP076,spiking,ASSUMPTION,19,spiking,0,BUILD_BRIEF.md 3.2 refined visual-family rule
"SIP078,SIP080",spiking,ASSUMPTION,16,spiking,0,BUILD_BRIEF.md 3.2 refined visual-family rule
SIP081,spiking,ASSUMPTION,4,spiking,0,BUILD_BRIEF.md 3.2 refined visual-family rule
SIP086,spiking,ASSUMPTION,2,spiking,0,BUILD_BRIEF.md 3.2 refined visual-family rule
SIP087,spiking,ASSUMPTION,2,spiking,0,BUILD_BRIEF.md 3.2 refined visual-family rule
SIP088,spiking,ASSUMPTION,2,spiking,0,BUILD_BRIEF.md 3.2 refined visual-family rule
SIP089,spiking,ASSUMPTION,6,spiking,0,BUILD_BRIEF.md 3.2 refined visual-family rule
SIP090,spiking,ASSUMPTION,2,spiking,0,BUILD_BRIEF.md 3.2 refined visual-family rule
SIP200f,spiking,ASSUMPTION,4,spiking,0,BUILD_BRIEF.md 3.2 refined visual-family rule
SIP201f,spiking,ASSUMPTION,10,spiking,0,BUILD_BRIEF.md 3.2 refined visual-family rule
SLP001,spiking,ASSUMPTION,2,spiking,0,BUILD_BRIEF.md 3.2 refined visual-family rule
SLP003,spiking,ASSUMPTION,2,spiking,0,BUILD_BRIEF.md 3.2 refined visual-family rule
SLP004,spiking,ASSUMPTION,2,spiking,0,BUILD_BRIEF.md 3.2 refined visual-family rule
SLP005,spiking,ASSUMPTION,2,spiking,0,BUILD_BRIEF.md 3.2 refined visual-family rule
SLP006,spiking,ASSUMPTION,2,spiking,0,BUILD_BRIEF.md 3.2 refined visual-family rule
SLP007a,spiking,ASSUMPTION,2,spiking,0,BUILD_BRIEF.md 3.2 refined visual-family rule
SLP007b,spiking,ASSUMPTION,2,spiking,0,BUILD_BRIEF.md 3.2 refined visual-family rule
SLP008,spiking,ASSUMPTION,6,spiking,0,BUILD_BRIEF.md 3.2 refined visual-family rule
SLP011,spiking,ASSUMPTION,2,spiking,0,BUILD_BRIEF.md 3.2 refined visual-family rule
SLP012,spiking,ASSUMPTION,7,spiking,0,BUILD_BRIEF.md 3.2 refined visual-family rule
SLP012b,spiking,ASSUMPTION,1,spiking,0,BUILD_BRIEF.md 3.2 refined visual-family rule
SLP016,spiking,ASSUMPTION,2,spiking,0,BUILD_BRIEF.md 3.2 refined visual-family rule
SLP017,spiking,ASSUMPTION,2,spiking,0,BUILD_BRIEF.md 3.2 refined visual-family rule
SLP019,spiking,ASSUMPTION,6,spiking,0,BUILD_BRIEF.md 3.2 refined visual-family rule
SLP024a,spiking,ASSUMPTION,5,spiking,0,BUILD_BRIEF.md 3.2 refined visual-family rule
SLP024b,spiking,ASSUMPTION,6,spiking,0,BUILD_BRIEF.md 3.2 refined visual-family rule
SLP024c,spiking,ASSUMPTION,3,spiking,0,BUILD_BRIEF.md 3.2 refined visual-family rule
SLP024d,spiking,ASSUMPTION,5,spiking,0,BUILD_BRIEF.md 3.2 refined visual-family rule
SLP025a,spiking,ASSUMPTION,2,spiking,0,BUILD_BRIEF.md 3.2 refined visual-family rule
SLP025b,spiking,ASSUMPTION,3,spiking,0,BUILD_BRIEF.md 3.2 refined visual-family rule
SLP026,spiking,ASSUMPTION,5,spiking,0,BUILD_BRIEF.md 3.2 refined visual-family rule
SLP027,spiking,ASSUMPTION,5,spiking,0,BUILD_BRIEF.md 3.2 refined visual-family rule
SLP028a,spiking,ASSUMPTION,2,spiking,0,BUILD_BRIEF.md 3.2 refined visual-family rule
SLP028b,spiking,ASSUMPTION,2,spiking,0,BUILD_BRIEF.md 3.2 refined visual-family rule
SLP028c,spiking,ASSUMPTION,5,spiking,0,BUILD_BRIEF.md 3.2 refined visual-family rule
SLP030,spiking,ASSUMPTION,2,spiking,0,BUILD_BRIEF.md 3.2 refined visual-family rule
SLP031,spiking,ASSUMPTION,2,spiking,0,BUILD_BRIEF.md 3.2 refined visual-family rule
SLP032,spiking,ASSUMPTION,2,spiking,0,BUILD_BRIEF.md 3.2 refined visual-family rule
SLP033,spiking,ASSUMPTION,2,spiking,0,BUILD_BRIEF.md 3.2 refined visual-family rule
SLP034,spiking,ASSUMPTION,2,spiking,0,BUILD_BRIEF.md 3.2 refined visual-family rule
SLP035,spiking,ASSUMPTION,3,spiking,0,BUILD_BRIEF.md 3.2 refined visual-family rule
SLP036,spiking,ASSUMPTION,8,spiking,0,BUILD_BRIEF.md 3.2 refined visual-family rule
SLP041,spiking,ASSUMPTION,6,spiking,0,BUILD_BRIEF.md 3.2 refined visual-family rule
SLP044_d,spiking,ASSUMPTION,5,spiking,0,BUILD_BRIEF.md 3.2 refined visual-family rule
SLP047,spiking,ASSUMPTION,2,spiking,0,BUILD_BRIEF.md 3.2 refined visual-family rule
SLP048,spiking,ASSUMPTION,2,spiking,0,BUILD_BRIEF.md 3.2 refined visual-family rule
SLP056,spiking,ASSUMPTION,2,spiking,0,BUILD_BRIEF.md 3.2 refined visual-family rule
SLP057,spiking,ASSUMPTION,2,spiking,0,BUILD_BRIEF.md 3.2 refined visual-family rule
SLP059,spiking,ASSUMPTION,2,spiking,0,BUILD_BRIEF.md 3.2 refined visual-family rule
SLP060,spiking,ASSUMPTION,2,spiking,0,BUILD_BRIEF.md 3.2 refined visual-family rule
SLP061,spiking,ASSUMPTION,2,spiking,0,BUILD_BRIEF.md 3.2 refined visual-family rule
SLP062,spiking,ASSUMPTION,4,spiking,0,BUILD_BRIEF.md 3.2 refined visual-family rule
SLP064,spiking,ASSUMPTION,2,spiking,0,BUILD_BRIEF.md 3.2 refined visual-family rule
SLP065,spiking,ASSUMPTION,5,spiking,0,BUILD_BRIEF.md 3.2 refined visual-family rule
SLP066,spiking,ASSUMPTION,2,spiking,0,BUILD_BRIEF.md 3.2 refined visual-family rule
SLP067,spiking,ASSUMPTION,2,spiking,0,BUILD_BRIEF.md 3.2 refined visual-family rule
SLP068,spiking,ASSUMPTION,2,spiking,0,BUILD_BRIEF.md 3.2 refined visual-family rule
SLP069,spiking,ASSUMPTION,2,spiking,0,BUILD_BRIEF.md 3.2 refined visual-family rule
SLP070,spiking,ASSUMPTION,2,spiking,0,BUILD_BRIEF.md 3.2 refined visual-family rule
SLP071,spiking,ASSUMPTION,2,spiking,0,BUILD_BRIEF.md 3.2 refined visual-family rule
SLP072,spiking,ASSUMPTION,2,spiking,0,BUILD_BRIEF.md 3.2 refined visual-family rule
SLP073,spiking,ASSUMPTION,2,spiking,0,BUILD_BRIEF.md 3.2 refined visual-family rule
SLP074,spiking,ASSUMPTION,2,spiking,0,BUILD_BRIEF.md 3.2 refined visual-family rule
SLP075,spiking,ASSUMPTION,2,spiking,0,BUILD_BRIEF.md 3.2 refined visual-family rule
SLP076,spiking,ASSUMPTION,4,spiking,0,BUILD_BRIEF.md 3.2 refined visual-family rule
SLP077,spiking,ASSUMPTION,2,spiking,0,BUILD_BRIEF.md 3.2 refined visual-family rule
SLP079,spiking,ASSUMPTION,2,spiking,0,BUILD_BRIEF.md 3.2 refined visual-family rule
SLP080,spiking,ASSUMPTION,2,spiking,0,BUILD_BRIEF.md 3.2 refined visual-family rule
SLP082,spiking,ASSUMPTION,7,spiking,0,BUILD_BRIEF.md 3.2 refined visual-family rule
SLP083,spiking,ASSUMPTION,2,spiking,0,BUILD_BRIEF.md 3.2 refined visual-family rule
"SLP088,SLP095",spiking,ASSUMPTION,1,spiking,0,BUILD_BRIEF.md 3.2 refined visual-family rule
"SLP098,SLP133",spiking,ASSUMPTION,4,spiking,0,BUILD_BRIEF.md 3.2 refined visual-family rule
SLP101,spiking,ASSUMPTION,4,spiking,0,BUILD_BRIEF.md 3.2 refined visual-family rule
SLP102,spiking,ASSUMPTION,9,spiking,0,BUILD_BRIEF.md 3.2 refined visual-family rule
SLP103,spiking,ASSUMPTION,6,spiking,0,BUILD_BRIEF.md 3.2 refined visual-family rule
"SLP104,SLP205",spiking,ASSUMPTION,6,spiking,0,BUILD_BRIEF.md 3.2 refined visual-family rule
SLP106,spiking,ASSUMPTION,4,spiking,0,BUILD_BRIEF.md 3.2 refined visual-family rule
"SLP109,SLP143",spiking,ASSUMPTION,5,spiking,0,BUILD_BRIEF.md 3.2 refined visual-family rule
"SLP114,SLP115",spiking,ASSUMPTION,10,spiking,0,BUILD_BRIEF.md 3.2 refined visual-family rule
SLP118,spiking,ASSUMPTION,2,spiking,0,BUILD_BRIEF.md 3.2 refined visual-family rule
SLP119,spiking,ASSUMPTION,2,spiking,0,BUILD_BRIEF.md 3.2 refined visual-family rule
SLP120,spiking,ASSUMPTION,2,spiking,0,BUILD_BRIEF.md 3.2 refined visual-family rule
SLP122,spiking,ASSUMPTION,4,spiking,0,BUILD_BRIEF.md 3.2 refined visual-family rule
SLP126,spiking,ASSUMPTION,2,spiking,0,BUILD_BRIEF.md 3.2 refined visual-family rule
SLP128,spiking,ASSUMPTION,7,spiking,0,BUILD_BRIEF.md 3.2 refined visual-family rule
SLP129_c,spiking,ASSUMPTION,6,spiking,0,BUILD_BRIEF.md 3.2 refined visual-family rule
SLP130,spiking,ASSUMPTION,2,spiking,0,BUILD_BRIEF.md 3.2 refined visual-family rule
SLP131,spiking,ASSUMPTION,2,spiking,0,BUILD_BRIEF.md 3.2 refined visual-family rule
SLP132,spiking,ASSUMPTION,2,spiking,0,BUILD_BRIEF.md 3.2 refined visual-family rule
SLP134,spiking,ASSUMPTION,2,spiking,0,BUILD_BRIEF.md 3.2 refined visual-family rule
SLP136,spiking,ASSUMPTION,2,spiking,0,BUILD_BRIEF.md 3.2 refined visual-family rule
SLP137,spiking,ASSUMPTION,4,spiking,0,BUILD_BRIEF.md 3.2 refined visual-family rule
"SLP141,SLP142",spiking,ASSUMPTION,14,spiking,0,BUILD_BRIEF.md 3.2 refined visual-family rule
SLP149,spiking,ASSUMPTION,2,spiking,0,BUILD_BRIEF.md 3.2 refined visual-family rule
SLP150,spiking,ASSUMPTION,2,spiking,0,BUILD_BRIEF.md 3.2 refined visual-family rule
SLP151,spiking,ASSUMPTION,4,spiking,0,BUILD_BRIEF.md 3.2 refined visual-family rule
SLP152,spiking,ASSUMPTION,8,spiking,0,BUILD_BRIEF.md 3.2 refined visual-family rule
SLP153,spiking,ASSUMPTION,2,spiking,0,BUILD_BRIEF.md 3.2 refined visual-family rule
SLP155,spiking,ASSUMPTION,2,spiking,0,BUILD_BRIEF.md 3.2 refined visual-family rule
SLP157,spiking,ASSUMPTION,4,spiking,0,BUILD_BRIEF.md 3.2 refined visual-family rule
SLP158,spiking,ASSUMPTION,6,spiking,0,BUILD_BRIEF.md 3.2 refined visual-family rule
SLP160,spiking,ASSUMPTION,6,spiking,0,BUILD_BRIEF.md 3.2 refined visual-family rule
SLP162a,spiking,ASSUMPTION,3,spiking,0,BUILD_BRIEF.md 3.2 refined visual-family rule
SLP162b,spiking,ASSUMPTION,5,spiking,0,BUILD_BRIEF.md 3.2 refined visual-family rule
SLP162c,spiking,ASSUMPTION,3,spiking,0,BUILD_BRIEF.md 3.2 refined visual-family rule
SLP170,spiking,ASSUMPTION,2,spiking,0,BUILD_BRIEF.md 3.2 refined visual-family rule
SLP184,spiking,ASSUMPTION,2,spiking,0,BUILD_BRIEF.md 3.2 refined visual-family rule
SLP188,spiking,ASSUMPTION,14,spiking,0,BUILD_BRIEF.md 3.2 refined visual-family rule
SLP189,spiking,ASSUMPTION,11,spiking,0,BUILD_BRIEF.md 3.2 refined visual-family rule
SLP202,spiking,ASSUMPTION,2,spiking,0,BUILD_BRIEF.md 3.2 refined visual-family rule
SLP204,spiking,ASSUMPTION,4,spiking,0,BUILD_BRIEF.md 3.2 refined visual-family rule
SLP206,spiking,ASSUMPTION,2,spiking,0,BUILD_BRIEF.md 3.2 refined visual-family rule
SLP207,spiking,ASSUMPTION,2,spiking,0,BUILD_BRIEF.md 3.2 refined visual-family rule
SLP208,spiking,ASSUMPTION,2,spiking,0,BUILD_BRIEF.md 3.2 refined visual-family rule
SLP209,spiking,ASSUMPTION,2,spiking,0,BUILD_BRIEF.md 3.2 refined visual-family rule
SLP210,spiking,ASSUMPTION,2,spiking,0,BUILD_BRIEF.md 3.2 refined visual-family rule
SLP211,spiking,ASSUMPTION,2,spiking,0,BUILD_BRIEF.md 3.2 refined visual-family rule
SLP212a,spiking,ASSUMPTION,2,spiking,0,BUILD_BRIEF.md 3.2 refined visual-family rule
SLP212b,spiking,ASSUMPTION,2,spiking,0,BUILD_BRIEF.md 3.2 refined visual-family rule
SLP212c,spiking,ASSUMPTION,2,spiking,0,BUILD_BRIEF.md 3.2 refined visual-family rule
SLP213,spiking,ASSUMPTION,2,spiking,0,BUILD_BRIEF.md 3.2 refined visual-family rule
SLP214,spiking,ASSUMPTION,2,spiking,0,BUILD_BRIEF.md 3.2 refined visual-family rule
SLP215,spiking,ASSUMPTION,2,spiking,0,BUILD_BRIEF.md 3.2 refined visual-family rule
SLP216,spiking,ASSUMPTION,2,spiking,0,BUILD_BRIEF.md 3.2 refined visual-family rule
SLP221,spiking,ASSUMPTION,2,spiking,0,BUILD_BRIEF.md 3.2 refined visual-family rule
SLP222,spiking,ASSUMPTION,4,spiking,0,BUILD_BRIEF.md 3.2 refined visual-family rule
SLP223,spiking,ASSUMPTION,10,spiking,0,BUILD_BRIEF.md 3.2 refined visual-family rule
SLP224,spiking,ASSUMPTION,4,spiking,0,BUILD_BRIEF.md 3.2 refined visual-family rule
SLP226,spiking,ASSUMPTION,4,spiking,0,BUILD_BRIEF.md 3.2 refined visual-family rule
SLP227,spiking,ASSUMPTION,8,spiking,0,BUILD_BRIEF.md 3.2 refined visual-family rule
SLP228,spiking,ASSUMPTION,2,spiking,0,BUILD_BRIEF.md 3.2 refined visual-family rule
SLP230,spiking,ASSUMPTION,2,spiking,0,BUILD_BRIEF.md 3.2 refined visual-family rule
SLP231,spiking,ASSUMPTION,2,spiking,0,BUILD_BRIEF.md 3.2 refined visual-family rule
SLP234,spiking,ASSUMPTION,2,spiking,0,BUILD_BRIEF.md 3.2 refined visual-family rule
SLP235,spiking,ASSUMPTION,2,spiking,0,BUILD_BRIEF.md 3.2 refined visual-family rule
SLP236,spiking,ASSUMPTION,2,spiking,0,BUILD_BRIEF.md 3.2 refined visual-family rule
SLP237,spiking,ASSUMPTION,4,spiking,0,BUILD_BRIEF.md 3.2 refined visual-family rule
SLP238,spiking,ASSUMPTION,2,spiking,0,BUILD_BRIEF.md 3.2 refined visual-family rule
SLP239,spiking,ASSUMPTION,2,spiking,0,BUILD_BRIEF.md 3.2 refined visual-family rule
SLP240_a,spiking,ASSUMPTION,6,spiking,0,BUILD_BRIEF.md 3.2 refined visual-family rule
SLP240_b,spiking,ASSUMPTION,6,spiking,0,BUILD_BRIEF.md 3.2 refined visual-family rule
SLP241,spiking,ASSUMPTION,8,spiking,0,BUILD_BRIEF.md 3.2 refined visual-family rule
SLP242,spiking,ASSUMPTION,5,spiking,0,BUILD_BRIEF.md 3.2 refined visual-family rule
SLP244,spiking,ASSUMPTION,4,spiking,0,BUILD_BRIEF.md 3.2 refined visual-family rule
SLP246,spiking,ASSUMPTION,3,spiking,0,BUILD_BRIEF.md 3.2 refined visual-family rule
SLP247,spiking,ASSUMPTION,2,spiking,0,BUILD_BRIEF.md 3.2 refined visual-family rule
SLP248,spiking,ASSUMPTION,2,spiking,0,BUILD_BRIEF.md 3.2 refined visual-family rule
SLP255,spiking,ASSUMPTION,2,spiking,0,BUILD_BRIEF.md 3.2 refined visual-family rule
SLP256,spiking,ASSUMPTION,2,spiking,0,BUILD_BRIEF.md 3.2 refined visual-family rule
SLP257,spiking,ASSUMPTION,2,spiking,0,BUILD_BRIEF.md 3.2 refined visual-family rule
SLP258,spiking,ASSUMPTION,2,spiking,0,BUILD_BRIEF.md 3.2 refined visual-family rule
"SLP261,SLP262",spiking,ASSUMPTION,1,spiking,0,BUILD_BRIEF.md 3.2 refined visual-family rule
SLP265a,spiking,ASSUMPTION,2,spiking,0,BUILD_BRIEF.md 3.2 refined visual-family rule
SLP265b,spiking,ASSUMPTION,2,spiking,0,BUILD_BRIEF.md 3.2 refined visual-family rule
SLP269,spiking,ASSUMPTION,2,spiking,0,BUILD_BRIEF.md 3.2 refined visual-family rule
SLP270,spiking,ASSUMPTION,2,spiking,0,BUILD_BRIEF.md 3.2 refined visual-family rule
SLP273,spiking,ASSUMPTION,2,spiking,0,BUILD_BRIEF.md 3.2 refined visual-family rule
SLP274,spiking,ASSUMPTION,4,spiking,0,BUILD_BRIEF.md 3.2 refined visual-family rule
SLP275,spiking,ASSUMPTION,12,spiking,0,BUILD_BRIEF.md 3.2 refined visual-family rule
SLP278,spiking,ASSUMPTION,2,spiking,0,BUILD_BRIEF.md 3.2 refined visual-family rule
SLP279,spiking,ASSUMPTION,2,spiking,0,BUILD_BRIEF.md 3.2 refined visual-family rule
SLP281,spiking,ASSUMPTION,2,spiking,0,BUILD_BRIEF.md 3.2 refined visual-family rule
SLP285,spiking,ASSUMPTION,11,spiking,0,BUILD_BRIEF.md 3.2 refined visual-family rule
SLP286,spiking,ASSUMPTION,8,spiking,0,BUILD_BRIEF.md 3.2 refined visual-family rule
SLP287,spiking,ASSUMPTION,3,spiking,0,BUILD_BRIEF.md 3.2 refined visual-family rule
SLP288a,spiking,ASSUMPTION,5,spiking,0,BUILD_BRIEF.md 3.2 refined visual-family rule
SLP288b,spiking,ASSUMPTION,3,spiking,0,BUILD_BRIEF.md 3.2 refined visual-family rule
SLP288c,spiking,ASSUMPTION,3,spiking,0,BUILD_BRIEF.md 3.2 refined visual-family rule
SLP289,spiking,ASSUMPTION,10,spiking,0,BUILD_BRIEF.md 3.2 refined visual-family rule
SLP290,spiking,ASSUMPTION,5,spiking,0,BUILD_BRIEF.md 3.2 refined visual-family rule
SLP291,spiking,ASSUMPTION,3,spiking,0,BUILD_BRIEF.md 3.2 refined visual-family rule
SLP295a,spiking,ASSUMPTION,4,spiking,0,BUILD_BRIEF.md 3.2 refined visual-family rule
SLP295b,spiking,ASSUMPTION,6,spiking,0,BUILD_BRIEF.md 3.2 refined visual-family rule
SLP298,spiking,ASSUMPTION,3,spiking,0,BUILD_BRIEF.md 3.2 refined visual-family rule
SLP300a,spiking,ASSUMPTION,9,spiking,0,BUILD_BRIEF.md 3.2 refined visual-family rule
SLP300b,spiking,ASSUMPTION,3,spiking,0,BUILD_BRIEF.md 3.2 refined visual-family rule
SLP302a,spiking,ASSUMPTION,4,spiking,0,BUILD_BRIEF.md 3.2 refined visual-family rule
SLP302b,spiking,ASSUMPTION,2,spiking,0,BUILD_BRIEF.md 3.2 refined visual-family rule
SLP304a,spiking,ASSUMPTION,2,spiking,0,BUILD_BRIEF.md 3.2 refined visual-family rule
SLP304b,spiking,ASSUMPTION,2,spiking,0,BUILD_BRIEF.md 3.2 refined visual-family rule
SLP305,spiking,ASSUMPTION,2,spiking,0,BUILD_BRIEF.md 3.2 refined visual-family rule
SLP307,spiking,ASSUMPTION,2,spiking,0,BUILD_BRIEF.md 3.2 refined visual-family rule
SLP308a,spiking,ASSUMPTION,2,spiking,0,BUILD_BRIEF.md 3.2 refined visual-family rule
SLP308b,spiking,ASSUMPTION,2,spiking,0,BUILD_BRIEF.md 3.2 refined visual-family rule
SLP312,spiking,ASSUMPTION,6,spiking,0,BUILD_BRIEF.md 3.2 refined visual-family rule
SLP313,spiking,ASSUMPTION,2,spiking,0,BUILD_BRIEF.md 3.2 refined visual-family rule
SLP314,spiking,ASSUMPTION,8,spiking,0,BUILD_BRIEF.md 3.2 refined visual-family rule
"SLP317,SLP318",spiking,ASSUMPTION,1,spiking,0,BUILD_BRIEF.md 3.2 refined visual-family rule
SLP319,spiking,ASSUMPTION,2,spiking,0,BUILD_BRIEF.md 3.2 refined visual-family rule
SLP321,spiking,ASSUMPTION,4,spiking,0,BUILD_BRIEF.md 3.2 refined visual-family rule
SLP327,spiking,ASSUMPTION,4,spiking,0,BUILD_BRIEF.md 3.2 refined visual-family rule
SLP340,spiking,ASSUMPTION,2,spiking,0,BUILD_BRIEF.md 3.2 refined visual-family rule
SLP344,spiking,ASSUMPTION,3,spiking,0,BUILD_BRIEF.md 3.2 refined visual-family rule
SLP345,spiking,ASSUMPTION,5,spiking,0,BUILD_BRIEF.md 3.2 refined visual-family rule
SLP345b,spiking,ASSUMPTION,1,spiking,0,BUILD_BRIEF.md 3.2 refined visual-family rule
SLP355,spiking,ASSUMPTION,2,spiking,0,BUILD_BRIEF.md 3.2 refined visual-family rule
SLP356a,spiking,ASSUMPTION,2,spiking,0,BUILD_BRIEF.md 3.2 refined visual-family rule
SLP356b,spiking,ASSUMPTION,3,spiking,0,BUILD_BRIEF.md 3.2 refined visual-family rule
SLP358,spiking,ASSUMPTION,2,spiking,0,BUILD_BRIEF.md 3.2 refined visual-family rule
SLP359,spiking,ASSUMPTION,4,spiking,0,BUILD_BRIEF.md 3.2 refined visual-family rule
SLP363,spiking,ASSUMPTION,2,spiking,0,BUILD_BRIEF.md 3.2 refined visual-family rule
SLP364,spiking,ASSUMPTION,4,spiking,0,BUILD_BRIEF.md 3.2 refined visual-family rule
SLP365,spiking,ASSUMPTION,2,spiking,0,BUILD_BRIEF.md 3.2 refined visual-family rule
SLP366,spiking,ASSUMPTION,2,spiking,0,BUILD_BRIEF.md 3.2 refined visual-family rule
SLP368,spiking,ASSUMPTION,2,spiking,0,BUILD_BRIEF.md 3.2 refined visual-family rule
"SLP369,SLP370",spiking,ASSUMPTION,11,spiking,0,BUILD_BRIEF.md 3.2 refined visual-family rule
SLP373,spiking,ASSUMPTION,2,spiking,0,BUILD_BRIEF.md 3.2 refined visual-family rule
SLP374,spiking,ASSUMPTION,2,spiking,0,BUILD_BRIEF.md 3.2 refined visual-family rule
SLP375,spiking,ASSUMPTION,4,spiking,0,BUILD_BRIEF.md 3.2 refined visual-family rule
SLP376,spiking,ASSUMPTION,2,spiking,0,BUILD_BRIEF.md 3.2 refined visual-family rule
SLP377,spiking,ASSUMPTION,2,spiking,0,BUILD_BRIEF.md 3.2 refined visual-family rule
SLP378,spiking,ASSUMPTION,2,spiking,0,BUILD_BRIEF.md 3.2 refined visual-family rule
SLP379,spiking,ASSUMPTION,2,spiking,0,BUILD_BRIEF.md 3.2 refined visual-family rule
SLP380,spiking,ASSUMPTION,2,spiking,0,BUILD_BRIEF.md 3.2 refined visual-family rule
SLP381,spiking,ASSUMPTION,2,spiking,0,BUILD_BRIEF.md 3.2 refined visual-family rule
SLP382,spiking,ASSUMPTION,2,spiking,0,BUILD_BRIEF.md 3.2 refined visual-family rule
SLP383,spiking,ASSUMPTION,2,spiking,0,BUILD_BRIEF.md 3.2 refined visual-family rule
SLP384,spiking,ASSUMPTION,2,spiking,0,BUILD_BRIEF.md 3.2 refined visual-family rule
SLP385,spiking,ASSUMPTION,2,spiking,0,BUILD_BRIEF.md 3.2 refined visual-family rule
SLP386,spiking,ASSUMPTION,2,spiking,0,BUILD_BRIEF.md 3.2 refined visual-family rule
SLP387,spiking,ASSUMPTION,2,spiking,0,BUILD_BRIEF.md 3.2 refined visual-family rule
SLP388,spiking,ASSUMPTION,2,spiking,0,BUILD_BRIEF.md 3.2 refined visual-family rule
SLP389,spiking,ASSUMPTION,2,spiking,0,BUILD_BRIEF.md 3.2 refined visual-family rule
SLP390,spiking,ASSUMPTION,2,spiking,0,BUILD_BRIEF.md 3.2 refined visual-family rule
SLP391,spiking,ASSUMPTION,2,spiking,0,BUILD_BRIEF.md 3.2 refined visual-family rule
SLP392,spiking,ASSUMPTION,2,spiking,0,BUILD_BRIEF.md 3.2 refined visual-family rule
SLP393,spiking,ASSUMPTION,2,spiking,0,BUILD_BRIEF.md 3.2 refined visual-family rule
SLP395,spiking,ASSUMPTION,2,spiking,0,BUILD_BRIEF.md 3.2 refined visual-family rule
SLP396,spiking,ASSUMPTION,4,spiking,0,BUILD_BRIEF.md 3.2 refined visual-family rule
SLP397,spiking,ASSUMPTION,2,spiking,0,BUILD_BRIEF.md 3.2 refined visual-family rule
SLP398a,spiking,ASSUMPTION,1,spiking,0,BUILD_BRIEF.md 3.2 refined visual-family rule
SLP398b,spiking,ASSUMPTION,3,spiking,0,BUILD_BRIEF.md 3.2 refined visual-family rule
SLP400a,spiking,ASSUMPTION,2,spiking,0,BUILD_BRIEF.md 3.2 refined visual-family rule
SLP400b,spiking,ASSUMPTION,2,spiking,0,BUILD_BRIEF.md 3.2 refined visual-family rule
SLP402_a,spiking,ASSUMPTION,4,spiking,0,BUILD_BRIEF.md 3.2 refined visual-family rule
SLP402_b,spiking,ASSUMPTION,2,spiking,0,BUILD_BRIEF.md 3.2 refined visual-family rule
SLP403,spiking,ASSUMPTION,4,spiking,0,BUILD_BRIEF.md 3.2 refined visual-family rule
SLP404,spiking,ASSUMPTION,2,spiking,0,BUILD_BRIEF.md 3.2 refined visual-family rule
SLP405,spiking,ASSUMPTION,37,spiking,0,BUILD_BRIEF.md 3.2 refined visual-family rule
SLP406,spiking,ASSUMPTION,2,spiking,0,BUILD_BRIEF.md 3.2 refined visual-family rule
SLP411,spiking,ASSUMPTION,2,spiking,0,BUILD_BRIEF.md 3.2 refined visual-family rule
SLP412_a,spiking,ASSUMPTION,2,spiking,0,BUILD_BRIEF.md 3.2 refined visual-family rule
SLP412_b,spiking,ASSUMPTION,2,spiking,0,BUILD_BRIEF.md 3.2 refined visual-family rule
SLP421,spiking,ASSUMPTION,7,spiking,0,BUILD_BRIEF.md 3.2 refined visual-family rule
SLP433,spiking,ASSUMPTION,3,spiking,0,BUILD_BRIEF.md 3.2 refined visual-family rule
SLP435,spiking,ASSUMPTION,2,spiking,0,BUILD_BRIEF.md 3.2 refined visual-family rule
SLP437,spiking,ASSUMPTION,2,spiking,0,BUILD_BRIEF.md 3.2 refined visual-family rule
SLP438,spiking,ASSUMPTION,4,spiking,0,BUILD_BRIEF.md 3.2 refined visual-family rule
SLP443,spiking,ASSUMPTION,2,spiking,0,BUILD_BRIEF.md 3.2 refined visual-family rule
SLP444,spiking,ASSUMPTION,4,spiking,0,BUILD_BRIEF.md 3.2 refined visual-family rule
SLP447,spiking,ASSUMPTION,2,spiking,0,BUILD_BRIEF.md 3.2 refined visual-family rule
SLP450,spiking,ASSUMPTION,8,spiking,0,BUILD_BRIEF.md 3.2 refined visual-family rule
SLP451a,spiking,ASSUMPTION,2,spiking,0,BUILD_BRIEF.md 3.2 refined visual-family rule
SLP451b,spiking,ASSUMPTION,2,spiking,0,BUILD_BRIEF.md 3.2 refined visual-family rule
SLP455,spiking,ASSUMPTION,2,spiking,0,BUILD_BRIEF.md 3.2 refined visual-family rule
SLP456,spiking,ASSUMPTION,2,spiking,0,BUILD_BRIEF.md 3.2 refined visual-family rule
SLP457,spiking,ASSUMPTION,4,spiking,0,BUILD_BRIEF.md 3.2 refined visual-family rule
SLP458,spiking,ASSUMPTION,2,spiking,0,BUILD_BRIEF.md 3.2 refined visual-family rule
SLP459,spiking,ASSUMPTION,2,spiking,0,BUILD_BRIEF.md 3.2 refined visual-family rule
SLP462,spiking,ASSUMPTION,2,spiking,0,BUILD_BRIEF.md 3.2 refined visual-family rule
SLP463,spiking,ASSUMPTION,3,spiking,0,BUILD_BRIEF.md 3.2 refined visual-family rule
SLP464,spiking,ASSUMPTION,4,spiking,0,BUILD_BRIEF.md 3.2 refined visual-family rule
SLP465a,spiking,ASSUMPTION,2,spiking,0,BUILD_BRIEF.md 3.2 refined visual-family rule
SLP465b,spiking,ASSUMPTION,2,spiking,0,BUILD_BRIEF.md 3.2 refined visual-family rule
SLP467a,spiking,ASSUMPTION,2,spiking,0,BUILD_BRIEF.md 3.2 refined visual-family rule
SLP467b,spiking,ASSUMPTION,4,spiking,0,BUILD_BRIEF.md 3.2 refined visual-family rule
SLPpm3_H01,spiking,ASSUMPTION,2,spiking,0,BUILD_BRIEF.md 3.2 refined visual-family rule
SLPpm3_H02,spiking,ASSUMPTION,2,spiking,0,BUILD_BRIEF.md 3.2 refined visual-family rule
SLPpm3_P01,spiking,ASSUMPTION,2,spiking,0,BUILD_BRIEF.md 3.2 refined visual-family rule
SLPpm3_P02,spiking,ASSUMPTION,2,spiking,0,BUILD_BRIEF.md 3.2 refined visual-family rule
SLPpm3_P03,spiking,ASSUMPTION,2,spiking,0,BUILD_BRIEF.md 3.2 refined visual-family rule
SLPpm3_P04,spiking,ASSUMPTION,2,spiking,0,BUILD_BRIEF.md 3.2 refined visual-family rule
SLPpm3_S01,spiking,ASSUMPTION,2,spiking,0,BUILD_BRIEF.md 3.2 refined visual-family rule
SMP001,spiking,ASSUMPTION,2,spiking,0,BUILD_BRIEF.md 3.2 refined visual-family rule
"SMP003,SMP005",spiking,ASSUMPTION,7,spiking,0,BUILD_BRIEF.md 3.2 refined visual-family rule
SMP006,spiking,ASSUMPTION,5,spiking,0,BUILD_BRIEF.md 3.2 refined visual-family rule
SMP008,spiking,ASSUMPTION,7,spiking,0,BUILD_BRIEF.md 3.2 refined visual-family rule
SMP010,spiking,ASSUMPTION,2,spiking,0,BUILD_BRIEF.md 3.2 refined visual-family rule
SMP011a,spiking,ASSUMPTION,2,spiking,0,BUILD_BRIEF.md 3.2 refined visual-family rule
SMP011b,spiking,ASSUMPTION,2,spiking,0,BUILD_BRIEF.md 3.2 refined visual-family rule
SMP012,spiking,ASSUMPTION,4,spiking,0,BUILD_BRIEF.md 3.2 refined visual-family rule
SMP014,spiking,ASSUMPTION,2,spiking,0,BUILD_BRIEF.md 3.2 refined visual-family rule
SMP015,spiking,ASSUMPTION,2,spiking,0,BUILD_BRIEF.md 3.2 refined visual-family rule
SMP016_a,spiking,ASSUMPTION,4,spiking,0,BUILD_BRIEF.md 3.2 refined visual-family rule
SMP016_b,spiking,ASSUMPTION,10,spiking,0,BUILD_BRIEF.md 3.2 refined visual-family rule
SMP017,spiking,ASSUMPTION,4,spiking,0,BUILD_BRIEF.md 3.2 refined visual-family rule
SMP018,spiking,ASSUMPTION,21,spiking,0,BUILD_BRIEF.md 3.2 refined visual-family rule
SMP019,spiking,ASSUMPTION,9,spiking,0,BUILD_BRIEF.md 3.2 refined visual-family rule
SMP020,spiking,ASSUMPTION,5,spiking,0,BUILD_BRIEF.md 3.2 refined visual-family rule
SMP021,spiking,ASSUMPTION,4,spiking,0,BUILD_BRIEF.md 3.2 refined visual-family rule
SMP022a,spiking,ASSUMPTION,3,spiking,0,BUILD_BRIEF.md 3.2 refined visual-family rule
SMP022b,spiking,ASSUMPTION,4,spiking,0,BUILD_BRIEF.md 3.2 refined visual-family rule
SMP025a,spiking,ASSUMPTION,8,spiking,0,BUILD_BRIEF.md 3.2 refined visual-family rule
SMP025b,spiking,ASSUMPTION,3,spiking,0,BUILD_BRIEF.md 3.2 refined visual-family rule
SMP025c,spiking,ASSUMPTION,2,spiking,0,BUILD_BRIEF.md 3.2 refined visual-family rule
SMP026,spiking,ASSUMPTION,2,spiking,0,BUILD_BRIEF.md 3.2 refined visual-family rule
SMP027,spiking,ASSUMPTION,2,spiking,0,BUILD_BRIEF.md 3.2 refined visual-family rule
SMP028,spiking,ASSUMPTION,2,spiking,0,BUILD_BRIEF.md 3.2 refined visual-family rule
SMP029,spiking,ASSUMPTION,4,spiking,0,BUILD_BRIEF.md 3.2 refined visual-family rule
SMP030,spiking,ASSUMPTION,2,spiking,0,BUILD_BRIEF.md 3.2 refined visual-family rule
SMP031,spiking,ASSUMPTION,2,spiking,0,BUILD_BRIEF.md 3.2 refined visual-family rule
SMP033,spiking,ASSUMPTION,2,spiking,0,BUILD_BRIEF.md 3.2 refined visual-family rule
SMP034,spiking,ASSUMPTION,3,spiking,0,BUILD_BRIEF.md 3.2 refined visual-family rule
SMP035,spiking,ASSUMPTION,2,spiking,0,BUILD_BRIEF.md 3.2 refined visual-family rule
SMP036,spiking,ASSUMPTION,2,spiking,0,BUILD_BRIEF.md 3.2 refined visual-family rule
SMP037,spiking,ASSUMPTION,2,spiking,0,BUILD_BRIEF.md 3.2 refined visual-family rule
SMP038,spiking,ASSUMPTION,2,spiking,0,BUILD_BRIEF.md 3.2 refined visual-family rule
SMP039,spiking,ASSUMPTION,4,spiking,0,BUILD_BRIEF.md 3.2 refined visual-family rule
SMP040,spiking,ASSUMPTION,2,spiking,0,BUILD_BRIEF.md 3.2 refined visual-family rule
SMP041,spiking,ASSUMPTION,2,spiking,0,BUILD_BRIEF.md 3.2 refined visual-family rule
SMP042,spiking,ASSUMPTION,2,spiking,0,BUILD_BRIEF.md 3.2 refined visual-family rule
SMP043,spiking,ASSUMPTION,4,spiking,0,BUILD_BRIEF.md 3.2 refined visual-family rule
SMP044,spiking,ASSUMPTION,2,spiking,0,BUILD_BRIEF.md 3.2 refined visual-family rule
SMP045,spiking,ASSUMPTION,2,spiking,0,BUILD_BRIEF.md 3.2 refined visual-family rule
SMP046,spiking,ASSUMPTION,2,spiking,0,BUILD_BRIEF.md 3.2 refined visual-family rule
SMP047,spiking,ASSUMPTION,2,spiking,0,BUILD_BRIEF.md 3.2 refined visual-family rule
SMP048,spiking,ASSUMPTION,2,spiking,0,BUILD_BRIEF.md 3.2 refined visual-family rule
"SMP049,SMP076",spiking,ASSUMPTION,4,spiking,0,BUILD_BRIEF.md 3.2 refined visual-family rule
SMP050,spiking,ASSUMPTION,2,spiking,0,BUILD_BRIEF.md 3.2 refined visual-family rule
SMP051,spiking,ASSUMPTION,2,spiking,0,BUILD_BRIEF.md 3.2 refined visual-family rule
SMP054,spiking,ASSUMPTION,2,spiking,0,BUILD_BRIEF.md 3.2 refined visual-family rule
SMP055,spiking,ASSUMPTION,4,spiking,0,BUILD_BRIEF.md 3.2 refined visual-family rule
SMP056,spiking,ASSUMPTION,2,spiking,0,BUILD_BRIEF.md 3.2 refined visual-family rule
SMP057,spiking,ASSUMPTION,4,spiking,0,BUILD_BRIEF.md 3.2 refined visual-family rule
SMP058,spiking,ASSUMPTION,2,spiking,0,BUILD_BRIEF.md 3.2 refined visual-family rule
SMP059,spiking,ASSUMPTION,2,spiking,0,BUILD_BRIEF.md 3.2 refined visual-family rule
"SMP060,SMP374",spiking,ASSUMPTION,4,spiking,0,BUILD_BRIEF.md 3.2 refined visual-family rule
"SMP061,SMP062",spiking,ASSUMPTION,4,spiking,0,BUILD_BRIEF.md 3.2 refined visual-family rule
"SMP063,SMP064",spiking,ASSUMPTION,4,spiking,0,BUILD_BRIEF.md 3.2 refined visual-family rule
SMP065,spiking,ASSUMPTION,4,spiking,0,BUILD_BRIEF.md 3.2 refined visual-family rule
SMP066,spiking,ASSUMPTION,4,spiking,0,BUILD_BRIEF.md 3.2 refined visual-family rule
SMP067,spiking,ASSUMPTION,4,spiking,0,BUILD_BRIEF.md 3.2 refined visual-family rule
SMP068,spiking,ASSUMPTION,4,spiking,0,BUILD_BRIEF.md 3.2 refined visual-family rule
SMP069,spiking,ASSUMPTION,4,spiking,0,BUILD_BRIEF.md 3.2 refined visual-family rule
"SMP074,CL040",spiking,ASSUMPTION,4,spiking,0,BUILD_BRIEF.md 3.2 refined visual-family rule
SMP075a,spiking,ASSUMPTION,2,spiking,0,BUILD_BRIEF.md 3.2 refined visual-family rule
SMP075b,spiking,ASSUMPTION,2,spiking,0,BUILD_BRIEF.md 3.2 refined visual-family rule
SMP077,spiking,ASSUMPTION,2,spiking,0,BUILD_BRIEF.md 3.2 refined visual-family rule
SMP079,spiking,ASSUMPTION,4,spiking,0,BUILD_BRIEF.md 3.2 refined visual-family rule
SMP080,spiking,ASSUMPTION,2,spiking,0,BUILD_BRIEF.md 3.2 refined visual-family rule
SMP081,spiking,ASSUMPTION,4,spiking,0,BUILD_BRIEF.md 3.2 refined visual-family rule
SMP083,spiking,ASSUMPTION,4,spiking,0,BUILD_BRIEF.md 3.2 refined visual-family rule
SMP084,spiking,ASSUMPTION,4,spiking,0,BUILD_BRIEF.md 3.2 refined visual-family rule
SMP085,spiking,ASSUMPTION,4,spiking,0,BUILD_BRIEF.md 3.2 refined visual-family rule
SMP087,spiking,ASSUMPTION,4,spiking,0,BUILD_BRIEF.md 3.2 refined visual-family rule
SMP089,spiking,ASSUMPTION,4,spiking,0,BUILD_BRIEF.md 3.2 refined visual-family rule
SMP090,spiking,ASSUMPTION,4,spiking,0,BUILD_BRIEF.md 3.2 refined visual-family rule
SMP091,spiking,ASSUMPTION,6,spiking,0,BUILD_BRIEF.md 3.2 refined visual-family rule
SMP092,spiking,ASSUMPTION,4,spiking,0,BUILD_BRIEF.md 3.2 refined visual-family rule
SMP093,spiking,ASSUMPTION,4,spiking,0,BUILD_BRIEF.md 3.2 refined visual-family rule
SMP095,spiking,ASSUMPTION,4,spiking,0,BUILD_BRIEF.md 3.2 refined visual-family rule
SMP096,spiking,ASSUMPTION,4,spiking,0,BUILD_BRIEF.md 3.2 refined visual-family rule
SMP098_a,spiking,ASSUMPTION,6,spiking,0,BUILD_BRIEF.md 3.2 refined visual-family rule
SMP102,spiking,ASSUMPTION,4,spiking,0,BUILD_BRIEF.md 3.2 refined visual-family rule
SMP103,spiking,ASSUMPTION,9,spiking,0,BUILD_BRIEF.md 3.2 refined visual-family rule
SMP105_a,spiking,ASSUMPTION,8,spiking,0,BUILD_BRIEF.md 3.2 refined visual-family rule
SMP105_b,spiking,ASSUMPTION,13,spiking,0,BUILD_BRIEF.md 3.2 refined visual-family rule
SMP106,spiking,ASSUMPTION,19,spiking,0,BUILD_BRIEF.md 3.2 refined visual-family rule
SMP107,spiking,ASSUMPTION,12,spiking,0,BUILD_BRIEF.md 3.2 refined visual-family rule
SMP108,spiking,ASSUMPTION,2,spiking,0,BUILD_BRIEF.md 3.2 refined visual-family rule
SMP109,spiking,ASSUMPTION,2,spiking,0,BUILD_BRIEF.md 3.2 refined visual-family rule
SMP111,spiking,ASSUMPTION,3,spiking,0,BUILD_BRIEF.md 3.2 refined visual-family rule
SMP112,spiking,ASSUMPTION,6,spiking,0,BUILD_BRIEF.md 3.2 refined visual-family rule
SMP114,spiking,ASSUMPTION,2,spiking,0,BUILD_BRIEF.md 3.2 refined visual-family rule
SMP115,spiking,ASSUMPTION,2,spiking,0,BUILD_BRIEF.md 3.2 refined visual-family rule
SMP116,spiking,ASSUMPTION,2,spiking,0,BUILD_BRIEF.md 3.2 refined visual-family rule
SMP119,spiking,ASSUMPTION,2,spiking,0,BUILD_BRIEF.md 3.2 refined visual-family rule
SMP120a,spiking,ASSUMPTION,3,spiking,0,BUILD_BRIEF.md 3.2 refined visual-family rule
SMP120b,spiking,ASSUMPTION,2,spiking,0,BUILD_BRIEF.md 3.2 refined visual-family rule
SMP121,spiking,ASSUMPTION,2,spiking,0,BUILD_BRIEF.md 3.2 refined visual-family rule
SMP122,spiking,ASSUMPTION,2,spiking,0,BUILD_BRIEF.md 3.2 refined visual-family rule
SMP123a,spiking,ASSUMPTION,2,spiking,0,BUILD_BRIEF.md 3.2 refined visual-family rule
SMP123b,spiking,ASSUMPTION,2,spiking,0,BUILD_BRIEF.md 3.2 refined visual-family rule
SMP124,spiking,ASSUMPTION,3,spiking,0,BUILD_BRIEF.md 3.2 refined visual-family rule
SMP128,spiking,ASSUMPTION,2,spiking,0,BUILD_BRIEF.md 3.2 refined visual-family rule
SMP138,spiking,ASSUMPTION,2,spiking,0,BUILD_BRIEF.md 3.2 refined visual-family rule
"SMP142,SMP145",spiking,ASSUMPTION,4,spiking,0,BUILD_BRIEF.md 3.2 refined visual-family rule
"SMP143,SMP149",spiking,ASSUMPTION,4,spiking,0,BUILD_BRIEF.md 3.2 refined visual-family rule
"SMP144,SMP150",spiking,ASSUMPTION,4,spiking,0,BUILD_BRIEF.md 3.2 refined visual-family rule
SMP146,spiking,ASSUMPTION,2,spiking,0,BUILD_BRIEF.md 3.2 refined visual-family rule
SMP147,spiking,ASSUMPTION,2,spiking,0,BUILD_BRIEF.md 3.2 refined visual-family rule
SMP151,spiking,ASSUMPTION,4,spiking,0,BUILD_BRIEF.md 3.2 refined visual-family rule
SMP152,spiking,ASSUMPTION,2,spiking,0,BUILD_BRIEF.md 3.2 refined visual-family rule
SMP153a,spiking,ASSUMPTION,2,spiking,0,BUILD_BRIEF.md 3.2 refined visual-family rule
SMP153b,spiking,ASSUMPTION,2,spiking,0,BUILD_BRIEF.md 3.2 refined visual-family rule
SMP154,spiking,ASSUMPTION,2,spiking,0,BUILD_BRIEF.md 3.2 refined visual-family rule
SMP155,spiking,ASSUMPTION,4,spiking,0,BUILD_BRIEF.md 3.2 refined visual-family rule
SMP156,spiking,ASSUMPTION,2,spiking,0,BUILD_BRIEF.md 3.2 refined visual-family rule
SMP157,spiking,ASSUMPTION,2,spiking,0,BUILD_BRIEF.md 3.2 refined visual-family rule
SMP158,spiking,ASSUMPTION,2,spiking,0,BUILD_BRIEF.md 3.2 refined visual-family rule
SMP159,spiking,ASSUMPTION,2,spiking,0,BUILD_BRIEF.md 3.2 refined visual-family rule
SMP160,spiking,ASSUMPTION,4,spiking,0,BUILD_BRIEF.md 3.2 refined visual-family rule
SMP161,spiking,ASSUMPTION,2,spiking,0,BUILD_BRIEF.md 3.2 refined visual-family rule
SMP162a,spiking,ASSUMPTION,4,spiking,0,BUILD_BRIEF.md 3.2 refined visual-family rule
SMP162b,spiking,ASSUMPTION,4,spiking,0,BUILD_BRIEF.md 3.2 refined visual-family rule
SMP162c,spiking,ASSUMPTION,2,spiking,0,BUILD_BRIEF.md 3.2 refined visual-family rule
SMP163,spiking,ASSUMPTION,2,spiking,0,BUILD_BRIEF.md 3.2 refined visual-family rule
SMP164,spiking,ASSUMPTION,2,spiking,0,BUILD_BRIEF.md 3.2 refined visual-family rule
SMP165,spiking,ASSUMPTION,2,spiking,0,BUILD_BRIEF.md 3.2 refined visual-family rule
SMP166,spiking,ASSUMPTION,1,spiking,0,BUILD_BRIEF.md 3.2 refined visual-family rule
SMP167,spiking,ASSUMPTION,3,spiking,0,BUILD_BRIEF.md 3.2 refined visual-family rule
SMP168,spiking,ASSUMPTION,2,spiking,0,BUILD_BRIEF.md 3.2 refined visual-family rule
SMP169,spiking,ASSUMPTION,2,spiking,0,BUILD_BRIEF.md 3.2 refined visual-family rule
SMP170,spiking,ASSUMPTION,4,spiking,0,BUILD_BRIEF.md 3.2 refined visual-family rule
SMP171,spiking,ASSUMPTION,7,spiking,0,BUILD_BRIEF.md 3.2 refined visual-family rule
SMP172,spiking,ASSUMPTION,6,spiking,0,BUILD_BRIEF.md 3.2 refined visual-family rule
SMP173,spiking,ASSUMPTION,8,spiking,0,BUILD_BRIEF.md 3.2 refined visual-family rule
SMP174,spiking,ASSUMPTION,1,spiking,0,BUILD_BRIEF.md 3.2 refined visual-family rule
SMP175,spiking,ASSUMPTION,2,spiking,0,BUILD_BRIEF.md 3.2 refined visual-family rule
SMP176,spiking,ASSUMPTION,2,spiking,0,BUILD_BRIEF.md 3.2 refined visual-family rule
SMP177,spiking,ASSUMPTION,2,spiking,0,BUILD_BRIEF.md 3.2 refined visual-family rule
SMP178,spiking,ASSUMPTION,2,spiking,0,BUILD_BRIEF.md 3.2 refined visual-family rule
SMP179,spiking,ASSUMPTION,2,spiking,0,BUILD_BRIEF.md 3.2 refined visual-family rule
SMP180,spiking,ASSUMPTION,2,spiking,0,BUILD_BRIEF.md 3.2 refined visual-family rule
SMP181,spiking,ASSUMPTION,2,spiking,0,BUILD_BRIEF.md 3.2 refined visual-family rule
SMP182,spiking,ASSUMPTION,2,spiking,0,BUILD_BRIEF.md 3.2 refined visual-family rule
SMP183,spiking,ASSUMPTION,2,spiking,0,BUILD_BRIEF.md 3.2 refined visual-family rule
SMP184,spiking,ASSUMPTION,2,spiking,0,BUILD_BRIEF.md 3.2 refined visual-family rule
SMP185,spiking,ASSUMPTION,2,spiking,0,BUILD_BRIEF.md 3.2 refined visual-family rule
SMP186,spiking,ASSUMPTION,2,spiking,0,BUILD_BRIEF.md 3.2 refined visual-family rule
SMP187,spiking,ASSUMPTION,2,spiking,0,BUILD_BRIEF.md 3.2 refined visual-family rule
SMP188,spiking,ASSUMPTION,2,spiking,0,BUILD_BRIEF.md 3.2 refined visual-family rule
SMP189,spiking,ASSUMPTION,2,spiking,0,BUILD_BRIEF.md 3.2 refined visual-family rule
SMP190,spiking,ASSUMPTION,2,spiking,0,BUILD_BRIEF.md 3.2 refined visual-family rule
SMP191,spiking,ASSUMPTION,2,spiking,0,BUILD_BRIEF.md 3.2 refined visual-family rule
SMP192,spiking,ASSUMPTION,2,spiking,0,BUILD_BRIEF.md 3.2 refined visual-family rule
SMP193a,spiking,ASSUMPTION,2,spiking,0,BUILD_BRIEF.md 3.2 refined visual-family rule
SMP193b,spiking,ASSUMPTION,4,spiking,0,BUILD_BRIEF.md 3.2 refined visual-family rule
SMP194,spiking,ASSUMPTION,4,spiking,0,BUILD_BRIEF.md 3.2 refined visual-family rule
SMP198,spiking,ASSUMPTION,2,spiking,0,BUILD_BRIEF.md 3.2 refined visual-family rule
SMP199,spiking,ASSUMPTION,2,spiking,0,BUILD_BRIEF.md 3.2 refined visual-family rule
SMP200,spiking,ASSUMPTION,2,spiking,0,BUILD_BRIEF.md 3.2 refined visual-family rule
SMP201,spiking,ASSUMPTION,2,spiking,0,BUILD_BRIEF.md 3.2 refined visual-family rule
SMP202,spiking,ASSUMPTION,2,spiking,0,BUILD_BRIEF.md 3.2 refined visual-family rule
SMP203,spiking,ASSUMPTION,2,spiking,0,BUILD_BRIEF.md 3.2 refined visual-family rule
SMP204,spiking,ASSUMPTION,2,spiking,0,BUILD_BRIEF.md 3.2 refined visual-family rule
SMP206,spiking,ASSUMPTION,2,spiking,0,BUILD_BRIEF.md 3.2 refined visual-family rule
SMP207,spiking,ASSUMPTION,4,spiking,0,BUILD_BRIEF.md 3.2 refined visual-family rule
SMP208,spiking,ASSUMPTION,7,spiking,0,BUILD_BRIEF.md 3.2 refined visual-family rule
SMP210,spiking,ASSUMPTION,6,spiking,0,BUILD_BRIEF.md 3.2 refined visual-family rule
"SMP213,SMP214",spiking,ASSUMPTION,10,spiking,0,BUILD_BRIEF.md 3.2 refined visual-family rule
SMP215a,spiking,ASSUMPTION,2,spiking,0,BUILD_BRIEF.md 3.2 refined visual-family rule
SMP215b,spiking,ASSUMPTION,2,spiking,0,BUILD_BRIEF.md 3.2 refined visual-family rule
SMP215c,spiking,ASSUMPTION,2,spiking,0,BUILD_BRIEF.md 3.2 refined visual-family rule
SMP217,spiking,ASSUMPTION,6,spiking,0,BUILD_BRIEF.md 3.2 refined visual-family rule
SMP229,spiking,ASSUMPTION,10,spiking,0,BUILD_BRIEF.md 3.2 refined visual-family rule
SMP234,spiking,ASSUMPTION,2,spiking,0,BUILD_BRIEF.md 3.2 refined visual-family rule
SMP235,spiking,ASSUMPTION,2,spiking,0,BUILD_BRIEF.md 3.2 refined visual-family rule
SMP237,spiking,ASSUMPTION,2,spiking,0,BUILD_BRIEF.md 3.2 refined visual-family rule
SMP238,spiking,ASSUMPTION,2,spiking,0,BUILD_BRIEF.md 3.2 refined visual-family rule
SMP239,spiking,ASSUMPTION,2,spiking,0,BUILD_BRIEF.md 3.2 refined visual-family rule
SMP240,spiking,ASSUMPTION,2,spiking,0,BUILD_BRIEF.md 3.2 refined visual-family rule
SMP245,spiking,ASSUMPTION,2,spiking,0,BUILD_BRIEF.md 3.2 refined visual-family rule
SMP246,spiking,ASSUMPTION,5,spiking,0,BUILD_BRIEF.md 3.2 refined visual-family rule
SMP248a,spiking,ASSUMPTION,4,spiking,0,BUILD_BRIEF.md 3.2 refined visual-family rule
SMP248b,spiking,ASSUMPTION,6,spiking,0,BUILD_BRIEF.md 3.2 refined visual-family rule
SMP248c,spiking,ASSUMPTION,2,spiking,0,BUILD_BRIEF.md 3.2 refined visual-family rule
SMP249,spiking,ASSUMPTION,2,spiking,0,BUILD_BRIEF.md 3.2 refined visual-family rule
SMP250,spiking,ASSUMPTION,2,spiking,0,BUILD_BRIEF.md 3.2 refined visual-family rule
SMP251,spiking,ASSUMPTION,2,spiking,0,BUILD_BRIEF.md 3.2 refined visual-family rule
SMP252,spiking,ASSUMPTION,2,spiking,0,BUILD_BRIEF.md 3.2 refined visual-family rule
SMP253,spiking,ASSUMPTION,2,spiking,0,BUILD_BRIEF.md 3.2 refined visual-family rule
SMP254,spiking,ASSUMPTION,2,spiking,0,BUILD_BRIEF.md 3.2 refined visual-family rule
SMP255,spiking,ASSUMPTION,2,spiking,0,BUILD_BRIEF.md 3.2 refined visual-family rule
SMP256,spiking,ASSUMPTION,2,spiking,0,BUILD_BRIEF.md 3.2 refined visual-family rule
SMP257,spiking,ASSUMPTION,2,spiking,0,BUILD_BRIEF.md 3.2 refined visual-family rule
SMP258,spiking,ASSUMPTION,3,spiking,0,BUILD_BRIEF.md 3.2 refined visual-family rule
SMP261,spiking,ASSUMPTION,13,spiking,0,BUILD_BRIEF.md 3.2 refined visual-family rule
SMP262,spiking,ASSUMPTION,9,spiking,0,BUILD_BRIEF.md 3.2 refined visual-family rule
SMP266,spiking,ASSUMPTION,2,spiking,0,BUILD_BRIEF.md 3.2 refined visual-family rule
SMP269,spiking,ASSUMPTION,2,spiking,0,BUILD_BRIEF.md 3.2 refined visual-family rule
SMP271,spiking,ASSUMPTION,4,spiking,0,BUILD_BRIEF.md 3.2 refined visual-family rule
SMP272,spiking,ASSUMPTION,2,spiking,0,BUILD_BRIEF.md 3.2 refined visual-family rule
SMP273,spiking,ASSUMPTION,2,spiking,0,BUILD_BRIEF.md 3.2 refined visual-family rule
SMP276,spiking,ASSUMPTION,2,spiking,0,BUILD_BRIEF.md 3.2 refined visual-family rule
SMP277,spiking,ASSUMPTION,6,spiking,0,BUILD_BRIEF.md 3.2 refined visual-family rule
SMP278a,spiking,ASSUMPTION,3,spiking,0,BUILD_BRIEF.md 3.2 refined visual-family rule
SMP278b,spiking,ASSUMPTION,2,spiking,0,BUILD_BRIEF.md 3.2 refined visual-family rule
SMP279_b,spiking,ASSUMPTION,4,spiking,0,BUILD_BRIEF.md 3.2 refined visual-family rule
SMP279_c,spiking,ASSUMPTION,5,spiking,0,BUILD_BRIEF.md 3.2 refined visual-family rule
SMP280,spiking,ASSUMPTION,4,spiking,0,BUILD_BRIEF.md 3.2 refined visual-family rule
SMP281,spiking,ASSUMPTION,12,spiking,0,BUILD_BRIEF.md 3.2 refined visual-family rule
SMP282,spiking,ASSUMPTION,10,spiking,0,BUILD_BRIEF.md 3.2 refined visual-family rule
SMP283,spiking,ASSUMPTION,3,spiking,0,BUILD_BRIEF.md 3.2 refined visual-family rule
SMP284a,spiking,ASSUMPTION,2,spiking,0,BUILD_BRIEF.md 3.2 refined visual-family rule
SMP284b,spiking,ASSUMPTION,2,spiking,0,BUILD_BRIEF.md 3.2 refined visual-family rule
SMP285,spiking,ASSUMPTION,2,spiking,0,BUILD_BRIEF.md 3.2 refined visual-family rule
SMP286,spiking,ASSUMPTION,2,spiking,0,BUILD_BRIEF.md 3.2 refined visual-family rule
SMP291,spiking,ASSUMPTION,2,spiking,0,BUILD_BRIEF.md 3.2 refined visual-family rule
"SMP292,SMP293,SMP584",spiking,ASSUMPTION,6,spiking,0,BUILD_BRIEF.md 3.2 refined visual-family rule
SMP298,spiking,ASSUMPTION,2,spiking,0,BUILD_BRIEF.md 3.2 refined visual-family rule
SMP307,spiking,ASSUMPTION,9,spiking,0,BUILD_BRIEF.md 3.2 refined visual-family rule
SMP311,spiking,ASSUMPTION,2,spiking,0,BUILD_BRIEF.md 3.2 refined visual-family rule
SMP312,spiking,ASSUMPTION,5,spiking,0,BUILD_BRIEF.md 3.2 refined visual-family rule
SMP313,spiking,ASSUMPTION,2,spiking,0,BUILD_BRIEF.md 3.2 refined visual-family rule
SMP314a,spiking,ASSUMPTION,2,spiking,0,BUILD_BRIEF.md 3.2 refined visual-family rule
SMP314b,spiking,ASSUMPTION,2,spiking,0,BUILD_BRIEF.md 3.2 refined visual-family rule
SMP315,spiking,ASSUMPTION,5,spiking,0,BUILD_BRIEF.md 3.2 refined visual-family rule
SMP317a,spiking,ASSUMPTION,2,spiking,0,BUILD_BRIEF.md 3.2 refined visual-family rule
SMP317b,spiking,ASSUMPTION,4,spiking,0,BUILD_BRIEF.md 3.2 refined visual-family rule
SMP317c,spiking,ASSUMPTION,2,spiking,0,BUILD_BRIEF.md 3.2 refined visual-family rule
SMP318,spiking,ASSUMPTION,2,spiking,0,BUILD_BRIEF.md 3.2 refined visual-family rule
SMP319,spiking,ASSUMPTION,8,spiking,0,BUILD_BRIEF.md 3.2 refined visual-family rule
SMP320a,spiking,ASSUMPTION,4,spiking,0,BUILD_BRIEF.md 3.2 refined visual-family rule
SMP320b,spiking,ASSUMPTION,6,spiking,0,BUILD_BRIEF.md 3.2 refined visual-family rule
SMP321_b,spiking,ASSUMPTION,2,spiking,0,BUILD_BRIEF.md 3.2 refined visual-family rule
SMP323,spiking,ASSUMPTION,4,spiking,0,BUILD_BRIEF.md 3.2 refined visual-family rule
SMP326a,spiking,ASSUMPTION,4,spiking,0,BUILD_BRIEF.md 3.2 refined visual-family rule
SMP326b,spiking,ASSUMPTION,6,spiking,0,BUILD_BRIEF.md 3.2 refined visual-family rule
SMP328a,spiking,ASSUMPTION,2,spiking,0,BUILD_BRIEF.md 3.2 refined visual-family rule
SMP328b,spiking,ASSUMPTION,4,spiking,0,BUILD_BRIEF.md 3.2 refined visual-family rule
SMP329,spiking,ASSUMPTION,4,spiking,0,BUILD_BRIEF.md 3.2 refined visual-family rule
SMP330a,spiking,ASSUMPTION,2,spiking,0,BUILD_BRIEF.md 3.2 refined visual-family rule
SMP330b,spiking,ASSUMPTION,3,spiking,0,BUILD_BRIEF.md 3.2 refined visual-family rule
SMP331a,spiking,ASSUMPTION,4,spiking,0,BUILD_BRIEF.md 3.2 refined visual-family rule
SMP331b,spiking,ASSUMPTION,6,spiking,0,BUILD_BRIEF.md 3.2 refined visual-family rule
SMP331c,spiking,ASSUMPTION,2,spiking,0,BUILD_BRIEF.md 3.2 refined visual-family rule
SMP332a,spiking,ASSUMPTION,2,spiking,0,BUILD_BRIEF.md 3.2 refined visual-family rule
SMP332b,spiking,ASSUMPTION,4,spiking,0,BUILD_BRIEF.md 3.2 refined visual-family rule
SMP333,spiking,ASSUMPTION,2,spiking,0,BUILD_BRIEF.md 3.2 refined visual-family rule
SMP334,spiking,ASSUMPTION,2,spiking,0,BUILD_BRIEF.md 3.2 refined visual-family rule
SMP335,spiking,ASSUMPTION,2,spiking,0,BUILD_BRIEF.md 3.2 refined visual-family rule
SMP337,spiking,ASSUMPTION,2,spiking,0,BUILD_BRIEF.md 3.2 refined visual-family rule
"SMP338,SMP534",spiking,ASSUMPTION,4,spiking,0,BUILD_BRIEF.md 3.2 refined visual-family rule
SMP339,spiking,ASSUMPTION,2,spiking,0,BUILD_BRIEF.md 3.2 refined visual-family rule
SMP340,spiking,ASSUMPTION,2,spiking,0,BUILD_BRIEF.md 3.2 refined visual-family rule
SMP341,spiking,ASSUMPTION,2,spiking,0,BUILD_BRIEF.md 3.2 refined visual-family rule
SMP342,spiking,ASSUMPTION,2,spiking,0,BUILD_BRIEF.md 3.2 refined visual-family rule
SMP344a,spiking,ASSUMPTION,2,spiking,0,BUILD_BRIEF.md 3.2 refined visual-family rule
SMP344b,spiking,ASSUMPTION,2,spiking,0,BUILD_BRIEF.md 3.2 refined visual-family rule
SMP345,spiking,ASSUMPTION,4,spiking,0,BUILD_BRIEF.md 3.2 refined visual-family rule
SMP346,spiking,ASSUMPTION,4,spiking,0,BUILD_BRIEF.md 3.2 refined visual-family rule
SMP348a,spiking,ASSUMPTION,2,spiking,0,BUILD_BRIEF.md 3.2 refined visual-family rule
SMP348b,spiking,ASSUMPTION,2,spiking,0,BUILD_BRIEF.md 3.2 refined visual-family rule
SMP353,spiking,ASSUMPTION,2,spiking,0,BUILD_BRIEF.md 3.2 refined visual-family rule
SMP356,spiking,ASSUMPTION,2,spiking,0,BUILD_BRIEF.md 3.2 refined visual-family rule
SMP357,spiking,ASSUMPTION,4,spiking,0,BUILD_BRIEF.md 3.2 refined visual-family rule
SMP359,spiking,ASSUMPTION,2,spiking,0,BUILD_BRIEF.md 3.2 refined visual-family rule
SMP360,spiking,ASSUMPTION,4,spiking,0,BUILD_BRIEF.md 3.2 refined visual-family rule
SMP361a,spiking,ASSUMPTION,2,spiking,0,BUILD_BRIEF.md 3.2 refined visual-family rule
SMP361b,spiking,ASSUMPTION,2,spiking,0,BUILD_BRIEF.md 3.2 refined visual-family rule
SMP362,spiking,ASSUMPTION,4,spiking,0,BUILD_BRIEF.md 3.2 refined visual-family rule
SMP368,spiking,ASSUMPTION,2,spiking,0,BUILD_BRIEF.md 3.2 refined visual-family rule
SMP369,spiking,ASSUMPTION,2,spiking,0,BUILD_BRIEF.md 3.2 refined visual-family rule
SMP370,spiking,ASSUMPTION,2,spiking,0,BUILD_BRIEF.md 3.2 refined visual-family rule
SMP371,spiking,ASSUMPTION,4,spiking,0,BUILD_BRIEF.md 3.2 refined visual-family rule
SMP372,spiking,ASSUMPTION,2,spiking,0,BUILD_BRIEF.md 3.2 refined visual-family rule
SMP373,spiking,ASSUMPTION,2,spiking,0,BUILD_BRIEF.md 3.2 refined visual-family rule
SMP375,spiking,ASSUMPTION,2,spiking,0,BUILD_BRIEF.md 3.2 refined visual-family rule
SMP376,spiking,ASSUMPTION,2,spiking,0,BUILD_BRIEF.md 3.2 refined visual-family rule
SMP379,spiking,ASSUMPTION,2,spiking,0,BUILD_BRIEF.md 3.2 refined visual-family rule
SMP381,spiking,ASSUMPTION,14,spiking,0,BUILD_BRIEF.md 3.2 refined visual-family rule
SMP383,spiking,ASSUMPTION,2,spiking,0,BUILD_BRIEF.md 3.2 refined visual-family rule
SMP384,spiking,ASSUMPTION,2,spiking,0,BUILD_BRIEF.md 3.2 refined visual-family rule
SMP385,spiking,ASSUMPTION,2,spiking,0,BUILD_BRIEF.md 3.2 refined visual-family rule
SMP386,spiking,ASSUMPTION,2,spiking,0,BUILD_BRIEF.md 3.2 refined visual-family rule
SMP387,spiking,ASSUMPTION,2,spiking,0,BUILD_BRIEF.md 3.2 refined visual-family rule
SMP388,spiking,ASSUMPTION,2,spiking,0,BUILD_BRIEF.md 3.2 refined visual-family rule
SMP389a,spiking,ASSUMPTION,2,spiking,0,BUILD_BRIEF.md 3.2 refined visual-family rule
SMP389b,spiking,ASSUMPTION,2,spiking,0,BUILD_BRIEF.md 3.2 refined visual-family rule
SMP389c,spiking,ASSUMPTION,2,spiking,0,BUILD_BRIEF.md 3.2 refined visual-family rule
SMP390,spiking,ASSUMPTION,2,spiking,0,BUILD_BRIEF.md 3.2 refined visual-family rule
SMP392,spiking,ASSUMPTION,2,spiking,0,BUILD_BRIEF.md 3.2 refined visual-family rule
SMP393a,spiking,ASSUMPTION,2,spiking,0,BUILD_BRIEF.md 3.2 refined visual-family rule
SMP393b,spiking,ASSUMPTION,2,spiking,0,BUILD_BRIEF.md 3.2 refined visual-family rule
SMP397,spiking,ASSUMPTION,3,spiking,0,BUILD_BRIEF.md 3.2 refined visual-family rule
SMP398,spiking,ASSUMPTION,4,spiking,0,BUILD_BRIEF.md 3.2 refined visual-family rule
SMP399a,spiking,ASSUMPTION,3,spiking,0,BUILD_BRIEF.md 3.2 refined visual-family rule
SMP399b,spiking,ASSUMPTION,3,spiking,0,BUILD_BRIEF.md 3.2 refined visual-family rule
SMP404a,spiking,ASSUMPTION,2,spiking,0,BUILD_BRIEF.md 3.2 refined visual-family rule
SMP404b,spiking,ASSUMPTION,2,spiking,0,BUILD_BRIEF.md 3.2 refined visual-family rule
SMP405,spiking,ASSUMPTION,5,spiking,0,BUILD_BRIEF.md 3.2 refined visual-family rule
SMP406,spiking,ASSUMPTION,11,spiking,0,BUILD_BRIEF.md 3.2 refined visual-family rule
SMP407,spiking,ASSUMPTION,2,spiking,0,BUILD_BRIEF.md 3.2 refined visual-family rule
SMP408_a,spiking,ASSUMPTION,4,spiking,0,BUILD_BRIEF.md 3.2 refined visual-family rule
SMP408_b,spiking,ASSUMPTION,6,spiking,0,BUILD_BRIEF.md 3.2 refined visual-family rule
SMP408_c,spiking,ASSUMPTION,8,spiking,0,BUILD_BRIEF.md 3.2 refined visual-family rule
SMP408_d,spiking,ASSUMPTION,10,spiking,0,BUILD_BRIEF.md 3.2 refined visual-family rule
SMP409,spiking,ASSUMPTION,10,spiking,0,BUILD_BRIEF.md 3.2 refined visual-family rule
SMP410,spiking,ASSUMPTION,5,spiking,0,BUILD_BRIEF.md 3.2 refined visual-family rule
SMP411a,spiking,ASSUMPTION,2,spiking,0,BUILD_BRIEF.md 3.2 refined visual-family rule
SMP411b,spiking,ASSUMPTION,2,spiking,0,BUILD_BRIEF.md 3.2 refined visual-family rule
SMP413,spiking,ASSUMPTION,4,spiking,0,BUILD_BRIEF.md 3.2 refined visual-family rule
"SMP416,SMP417",spiking,ASSUMPTION,3,spiking,0,BUILD_BRIEF.md 3.2 refined visual-family rule
SMP418,spiking,ASSUMPTION,2,spiking,0,BUILD_BRIEF.md 3.2 refined visual-family rule
SMP419,spiking,ASSUMPTION,2,spiking,0,BUILD_BRIEF.md 3.2 refined visual-family rule
SMP420,spiking,ASSUMPTION,2,spiking,0,BUILD_BRIEF.md 3.2 refined visual-family rule
SMP421,spiking,ASSUMPTION,3,spiking,0,BUILD_BRIEF.md 3.2 refined visual-family rule
SMP422,spiking,ASSUMPTION,2,spiking,0,BUILD_BRIEF.md 3.2 refined visual-family rule
SMP423,spiking,ASSUMPTION,2,spiking,0,BUILD_BRIEF.md 3.2 refined visual-family rule
SMP424,spiking,ASSUMPTION,4,spiking,0,BUILD_BRIEF.md 3.2 refined visual-family rule
SMP425,spiking,ASSUMPTION,2,spiking,0,BUILD_BRIEF.md 3.2 refined visual-family rule
SMP426,spiking,ASSUMPTION,4,spiking,0,BUILD_BRIEF.md 3.2 refined visual-family rule
SMP427,spiking,ASSUMPTION,9,spiking,0,BUILD_BRIEF.md 3.2 refined visual-family rule
SMP428,spiking,ASSUMPTION,4,spiking,0,BUILD_BRIEF.md 3.2 refined visual-family rule
SMP429,spiking,ASSUMPTION,7,spiking,0,BUILD_BRIEF.md 3.2 refined visual-family rule
SMP441,spiking,ASSUMPTION,2,spiking,0,BUILD_BRIEF.md 3.2 refined visual-family rule
SMP442,spiking,ASSUMPTION,2,spiking,0,BUILD_BRIEF.md 3.2 refined visual-family rule
SMP444,spiking,ASSUMPTION,2,spiking,0,BUILD_BRIEF.md 3.2 refined visual-family rule
SMP445,spiking,ASSUMPTION,2,spiking,0,BUILD_BRIEF.md 3.2 refined visual-family rule
SMP446a,spiking,ASSUMPTION,2,spiking,0,BUILD_BRIEF.md 3.2 refined visual-family rule
SMP446b,spiking,ASSUMPTION,2,spiking,0,BUILD_BRIEF.md 3.2 refined visual-family rule
SMP447,spiking,ASSUMPTION,3,spiking,0,BUILD_BRIEF.md 3.2 refined visual-family rule
SMP448,spiking,ASSUMPTION,5,spiking,0,BUILD_BRIEF.md 3.2 refined visual-family rule
SMP450,spiking,ASSUMPTION,1,spiking,0,BUILD_BRIEF.md 3.2 refined visual-family rule
SMP451a,spiking,ASSUMPTION,2,spiking,0,BUILD_BRIEF.md 3.2 refined visual-family rule
SMP451b,spiking,ASSUMPTION,2,spiking,0,BUILD_BRIEF.md 3.2 refined visual-family rule
SMP452,spiking,ASSUMPTION,9,spiking,0,BUILD_BRIEF.md 3.2 refined visual-family rule
SMP453,spiking,ASSUMPTION,2,spiking,0,BUILD_BRIEF.md 3.2 refined visual-family rule
SMP455,spiking,ASSUMPTION,2,spiking,0,BUILD_BRIEF.md 3.2 refined visual-family rule
SMP456,spiking,ASSUMPTION,2,spiking,0,BUILD_BRIEF.md 3.2 refined visual-family rule
SMP457,spiking,ASSUMPTION,2,spiking,0,BUILD_BRIEF.md 3.2 refined visual-family rule
SMP458,spiking,ASSUMPTION,2,spiking,0,BUILD_BRIEF.md 3.2 refined visual-family rule
SMP459,spiking,ASSUMPTION,5,spiking,0,BUILD_BRIEF.md 3.2 refined visual-family rule
SMP460,spiking,ASSUMPTION,3,spiking,0,BUILD_BRIEF.md 3.2 refined visual-family rule
SMP461,spiking,ASSUMPTION,9,spiking,0,BUILD_BRIEF.md 3.2 refined visual-family rule
SMP469a,spiking,ASSUMPTION,2,spiking,0,BUILD_BRIEF.md 3.2 refined visual-family rule
SMP469b,spiking,ASSUMPTION,2,spiking,0,BUILD_BRIEF.md 3.2 refined visual-family rule
SMP469c,spiking,ASSUMPTION,2,spiking,0,BUILD_BRIEF.md 3.2 refined visual-family rule
SMP470,spiking,ASSUMPTION,2,spiking,0,BUILD_BRIEF.md 3.2 refined visual-family rule
SMP471,spiking,ASSUMPTION,2,spiking,0,BUILD_BRIEF.md 3.2 refined visual-family rule
"SMP472,SMP473",spiking,ASSUMPTION,4,spiking,0,BUILD_BRIEF.md 3.2 refined visual-family rule
SMP476,spiking,ASSUMPTION,2,spiking,0,BUILD_BRIEF.md 3.2 refined visual-family rule
SMP477,spiking,ASSUMPTION,3,spiking,0,BUILD_BRIEF.md 3.2 refined visual-family rule
SMP482,spiking,ASSUMPTION,4,spiking,0,BUILD_BRIEF.md 3.2 refined visual-family rule
SMP490,spiking,ASSUMPTION,2,spiking,0,BUILD_BRIEF.md 3.2 refined visual-family rule
SMP492,spiking,ASSUMPTION,2,spiking,0,BUILD_BRIEF.md 3.2 refined visual-family rule
SMP493,spiking,ASSUMPTION,2,spiking,0,BUILD_BRIEF.md 3.2 refined visual-family rule
SMP494,spiking,ASSUMPTION,2,spiking,0,BUILD_BRIEF.md 3.2 refined visual-family rule
SMP495a,spiking,ASSUMPTION,2,spiking,0,BUILD_BRIEF.md 3.2 refined visual-family rule
SMP495b,spiking,ASSUMPTION,2,spiking,0,BUILD_BRIEF.md 3.2 refined visual-family rule
SMP495c,spiking,ASSUMPTION,2,spiking,0,BUILD_BRIEF.md 3.2 refined visual-family rule
SMP496,spiking,ASSUMPTION,2,spiking,0,BUILD_BRIEF.md 3.2 refined visual-family rule
"SMP501,SMP502",spiking,ASSUMPTION,4,spiking,0,BUILD_BRIEF.md 3.2 refined visual-family rule
SMP503,spiking,ASSUMPTION,2,spiking,0,BUILD_BRIEF.md 3.2 refined visual-family rule
SMP504,spiking,ASSUMPTION,2,spiking,0,BUILD_BRIEF.md 3.2 refined visual-family rule
SMP505,spiking,ASSUMPTION,2,spiking,0,BUILD_BRIEF.md 3.2 refined visual-family rule
SMP506,spiking,ASSUMPTION,2,spiking,0,BUILD_BRIEF.md 3.2 refined visual-family rule
SMP507,spiking,ASSUMPTION,2,spiking,0,BUILD_BRIEF.md 3.2 refined visual-family rule
SMP509a,spiking,ASSUMPTION,2,spiking,0,BUILD_BRIEF.md 3.2 refined visual-family rule
SMP509b,spiking,ASSUMPTION,2,spiking,0,BUILD_BRIEF.md 3.2 refined visual-family rule
SMP510a,spiking,ASSUMPTION,2,spiking,0,BUILD_BRIEF.md 3.2 refined visual-family rule
SMP510b,spiking,ASSUMPTION,2,spiking,0,BUILD_BRIEF.md 3.2 refined visual-family rule
SMP511,spiking,ASSUMPTION,2,spiking,0,BUILD_BRIEF.md 3.2 refined visual-family rule
SMP512,spiking,ASSUMPTION,2,spiking,0,BUILD_BRIEF.md 3.2 refined visual-family rule
SMP513,spiking,ASSUMPTION,2,spiking,0,BUILD_BRIEF.md 3.2 refined visual-family rule
SMP514,spiking,ASSUMPTION,2,spiking,0,BUILD_BRIEF.md 3.2 refined visual-family rule
SMP515,spiking,ASSUMPTION,2,spiking,0,BUILD_BRIEF.md 3.2 refined visual-family rule
SMP516a,spiking,ASSUMPTION,2,spiking,0,BUILD_BRIEF.md 3.2 refined visual-family rule
SMP516b,spiking,ASSUMPTION,2,spiking,0,BUILD_BRIEF.md 3.2 refined visual-family rule
SMP517,spiking,ASSUMPTION,4,spiking,0,BUILD_BRIEF.md 3.2 refined visual-family rule
SMP518,spiking,ASSUMPTION,4,spiking,0,BUILD_BRIEF.md 3.2 refined visual-family rule
SMP519,spiking,ASSUMPTION,3,spiking,0,BUILD_BRIEF.md 3.2 refined visual-family rule
SMP520a,spiking,ASSUMPTION,2,spiking,0,BUILD_BRIEF.md 3.2 refined visual-family rule
SMP520b,spiking,ASSUMPTION,2,spiking,0,BUILD_BRIEF.md 3.2 refined visual-family rule
SMP521,spiking,ASSUMPTION,2,spiking,0,BUILD_BRIEF.md 3.2 refined visual-family rule
SMP522,spiking,ASSUMPTION,2,spiking,0,BUILD_BRIEF.md 3.2 refined visual-family rule
"SMP523,SMP524",spiking,ASSUMPTION,8,spiking,0,BUILD_BRIEF.md 3.2 refined visual-family rule
SMP525,spiking,ASSUMPTION,2,spiking,0,BUILD_BRIEF.md 3.2 refined visual-family rule
SMP526,spiking,ASSUMPTION,2,spiking,0,BUILD_BRIEF.md 3.2 refined visual-family rule
SMP527,spiking,ASSUMPTION,2,spiking,0,BUILD_BRIEF.md 3.2 refined visual-family rule
SMP528,spiking,ASSUMPTION,2,spiking,0,BUILD_BRIEF.md 3.2 refined visual-family rule
SMP529,spiking,ASSUMPTION,2,spiking,0,BUILD_BRIEF.md 3.2 refined visual-family rule
SMP530,spiking,ASSUMPTION,4,spiking,0,BUILD_BRIEF.md 3.2 refined visual-family rule
SMP531,spiking,ASSUMPTION,2,spiking,0,BUILD_BRIEF.md 3.2 refined visual-family rule
SMP532a,spiking,ASSUMPTION,2,spiking,0,BUILD_BRIEF.md 3.2 refined visual-family rule
SMP532b,spiking,ASSUMPTION,2,spiking,0,BUILD_BRIEF.md 3.2 refined visual-family rule
SMP533,spiking,ASSUMPTION,2,spiking,0,BUILD_BRIEF.md 3.2 refined visual-family rule
SMP535,spiking,ASSUMPTION,4,spiking,0,BUILD_BRIEF.md 3.2 refined visual-family rule
SMP537,spiking,ASSUMPTION,4,spiking,0,BUILD_BRIEF.md 3.2 refined visual-family rule
"SMP538,SMP599",spiking,ASSUMPTION,4,spiking,0,BUILD_BRIEF.md 3.2 refined visual-family rule
SMP539,spiking,ASSUMPTION,4,spiking,0,BUILD_BRIEF.md 3.2 refined visual-family rule
SMP540,spiking,ASSUMPTION,4,spiking,0,BUILD_BRIEF.md 3.2 refined visual-family rule
SMP541,spiking,ASSUMPTION,2,spiking,0,BUILD_BRIEF.md 3.2 refined visual-family rule
SMP542,spiking,ASSUMPTION,2,spiking,0,BUILD_BRIEF.md 3.2 refined visual-family rule
SMP543,spiking,ASSUMPTION,2,spiking,0,BUILD_BRIEF.md 3.2 refined visual-family rule
"SMP544,LAL134",spiking,ASSUMPTION,4,spiking,0,BUILD_BRIEF.md 3.2 refined visual-family rule
SMP545,spiking,ASSUMPTION,2,spiking,0,BUILD_BRIEF.md 3.2 refined visual-family rule
"SMP546,SMP547",spiking,ASSUMPTION,4,spiking,0,BUILD_BRIEF.md 3.2 refined visual-family rule
SMP549,spiking,ASSUMPTION,2,spiking,0,BUILD_BRIEF.md 3.2 refined visual-family rule
SMP550,spiking,ASSUMPTION,2,spiking,0,BUILD_BRIEF.md 3.2 refined visual-family rule
SMP552,spiking,ASSUMPTION,2,spiking,0,BUILD_BRIEF.md 3.2 refined visual-family rule
SMP553,spiking,ASSUMPTION,2,spiking,0,BUILD_BRIEF.md 3.2 refined visual-family rule
SMP554,spiking,ASSUMPTION,2,spiking,0,BUILD_BRIEF.md 3.2 refined visual-family rule
"SMP555,SMP556",spiking,ASSUMPTION,6,spiking,0,BUILD_BRIEF.md 3.2 refined visual-family rule
SMP558,spiking,ASSUMPTION,4,spiking,0,BUILD_BRIEF.md 3.2 refined visual-family rule
SMP561,spiking,ASSUMPTION,2,spiking,0,BUILD_BRIEF.md 3.2 refined visual-family rule
SMP562,spiking,ASSUMPTION,2,spiking,0,BUILD_BRIEF.md 3.2 refined visual-family rule
SMP565,spiking,ASSUMPTION,3,spiking,0,BUILD_BRIEF.md 3.2 refined visual-family rule
SMP566a,spiking,ASSUMPTION,4,spiking,0,BUILD_BRIEF.md 3.2 refined visual-family rule
SMP566b,spiking,ASSUMPTION,4,spiking,0,BUILD_BRIEF.md 3.2 refined visual-family rule
SMP567,spiking,ASSUMPTION,4,spiking,0,BUILD_BRIEF.md 3.2 refined visual-family rule
SMP568,spiking,ASSUMPTION,20,spiking,0,BUILD_BRIEF.md 3.2 refined visual-family rule
SMP569a,spiking,ASSUMPTION,2,spiking,0,BUILD_BRIEF.md 3.2 refined visual-family rule
SMP569b,spiking,ASSUMPTION,2,spiking,0,BUILD_BRIEF.md 3.2 refined visual-family rule
SMP570a,spiking,ASSUMPTION,2,spiking,0,BUILD_BRIEF.md 3.2 refined visual-family rule
SMP570b,spiking,ASSUMPTION,2,spiking,0,BUILD_BRIEF.md 3.2 refined visual-family rule
SMP571,spiking,ASSUMPTION,2,spiking,0,BUILD_BRIEF.md 3.2 refined visual-family rule
SMP572,spiking,ASSUMPTION,4,spiking,0,BUILD_BRIEF.md 3.2 refined visual-family rule
SMP573,spiking,ASSUMPTION,2,spiking,0,BUILD_BRIEF.md 3.2 refined visual-family rule
SMP577,spiking,ASSUMPTION,2,spiking,0,BUILD_BRIEF.md 3.2 refined visual-family rule
SMP578,spiking,ASSUMPTION,8,spiking,0,BUILD_BRIEF.md 3.2 refined visual-family rule
"SMP579,SMP583",spiking,ASSUMPTION,4,spiking,0,BUILD_BRIEF.md 3.2 refined visual-family rule
SMP580,spiking,ASSUMPTION,2,spiking,0,BUILD_BRIEF.md 3.2 refined visual-family rule
SMP582,spiking,ASSUMPTION,2,spiking,0,BUILD_BRIEF.md 3.2 refined visual-family rule
SMP586,spiking,ASSUMPTION,2,spiking,0,BUILD_BRIEF.md 3.2 refined visual-family rule
SMP588,spiking,ASSUMPTION,4,spiking,0,BUILD_BRIEF.md 3.2 refined visual-family rule
SMP589,spiking,ASSUMPTION,2,spiking,0,BUILD_BRIEF.md 3.2 refined visual-family rule
SMP590,spiking,ASSUMPTION,5,spiking,0,BUILD_BRIEF.md 3.2 refined visual-family rule
SMP591,spiking,ASSUMPTION,7,spiking,0,BUILD_BRIEF.md 3.2 refined visual-family rule
SMP592,spiking,ASSUMPTION,8,spiking,0,BUILD_BRIEF.md 3.2 refined visual-family rule
SMP593,spiking,ASSUMPTION,2,spiking,0,BUILD_BRIEF.md 3.2 refined visual-family rule
SMP594,spiking,ASSUMPTION,2,spiking,0,BUILD_BRIEF.md 3.2 refined visual-family rule
SMP595,spiking,ASSUMPTION,2,spiking,0,BUILD_BRIEF.md 3.2 refined visual-family rule
SMP596,spiking,ASSUMPTION,2,spiking,0,BUILD_BRIEF.md 3.2 refined visual-family rule
SMP597,spiking,ASSUMPTION,2,spiking,0,BUILD_BRIEF.md 3.2 refined visual-family rule
SMP598,spiking,ASSUMPTION,2,spiking,0,BUILD_BRIEF.md 3.2 refined visual-family rule
SMP600,spiking,ASSUMPTION,2,spiking,0,BUILD_BRIEF.md 3.2 refined visual-family rule
"SMP602,SMP094",spiking,ASSUMPTION,4,spiking,0,BUILD_BRIEF.md 3.2 refined visual-family rule
SMP603,spiking,ASSUMPTION,2,spiking,0,BUILD_BRIEF.md 3.2 refined visual-family rule
SMP604,spiking,ASSUMPTION,2,spiking,0,BUILD_BRIEF.md 3.2 refined visual-family rule
SMP746,spiking,ASSUMPTION,4,spiking,0,BUILD_BRIEF.md 3.2 refined visual-family rule
SMPp&v1A_H01,spiking,ASSUMPTION,2,spiking,0,BUILD_BRIEF.md 3.2 refined visual-family rule
SMPp&v1A_P03,spiking,ASSUMPTION,2,spiking,0,BUILD_BRIEF.md 3.2 refined visual-family rule
SMPp&v1A_S02,spiking,ASSUMPTION,2,spiking,0,BUILD_BRIEF.md 3.2 refined visual-family rule
SMPp&v1A_S03,spiking,ASSUMPTION,2,spiking,0,BUILD_BRIEF.md 3.2 refined visual-family rule
SMPp&v1B_H01,spiking,ASSUMPTION,2,spiking,0,BUILD_BRIEF.md 3.2 refined visual-family rule
SMPp&v1B_M01,spiking,ASSUMPTION,2,spiking,0,BUILD_BRIEF.md 3.2 refined visual-family rule
SMPp&v1B_M02,spiking,ASSUMPTION,2,spiking,0,BUILD_BRIEF.md 3.2 refined visual-family rule
SPS100f,spiking,ASSUMPTION,2,spiking,0,BUILD_BRIEF.md 3.2 refined visual-family rule
SPm101_78-78,spiking,ASSUMPTION,1,spiking,0,BUILD_BRIEF.md 3.2 refined visual-family rule
Sm01,graded,ASSUMPTION,272,graded,272,BUILD_BRIEF.md 3.2 refined visual-family rule
Sm02,graded,ASSUMPTION,389,graded,389,BUILD_BRIEF.md 3.2 refined visual-family rule
Sm03,graded,ASSUMPTION,174,graded,174,BUILD_BRIEF.md 3.2 refined visual-family rule
Sm04,graded,ASSUMPTION,152,graded,152,BUILD_BRIEF.md 3.2 refined visual-family rule
Sm05,graded,ASSUMPTION,145,graded,145,BUILD_BRIEF.md 3.2 refined visual-family rule
Sm06,graded,ASSUMPTION,157,graded,157,BUILD_BRIEF.md 3.2 refined visual-family rule
Sm07,graded,ASSUMPTION,318,graded,318,BUILD_BRIEF.md 3.2 refined visual-family rule
Sm08,graded,ASSUMPTION,166,graded,166,BUILD_BRIEF.md 3.2 refined visual-family rule
Sm09,graded,ASSUMPTION,162,graded,162,BUILD_BRIEF.md 3.2 refined visual-family rule
Sm10,graded,ASSUMPTION,80,graded,80,BUILD_BRIEF.md 3.2 refined visual-family rule
Sm11,graded,ASSUMPTION,8,graded,8,BUILD_BRIEF.md 3.2 refined visual-family rule
Sm12,graded,ASSUMPTION,148,graded,148,BUILD_BRIEF.md 3.2 refined visual-family rule
Sm13,graded,ASSUMPTION,39,graded,39,BUILD_BRIEF.md 3.2 refined visual-family rule
Sm14,graded,ASSUMPTION,36,graded,36,BUILD_BRIEF.md 3.2 refined visual-family rule
Sm15,graded,ASSUMPTION,116,graded,116,BUILD_BRIEF.md 3.2 refined visual-family rule
Sm16,graded,ASSUMPTION,68,graded,68,BUILD_BRIEF.md 3.2 refined visual-family rule
Sm17,graded,ASSUMPTION,13,graded,13,BUILD_BRIEF.md 3.2 refined visual-family rule
Sm18,graded,ASSUMPTION,39,graded,39,BUILD_BRIEF.md 3.2 refined visual-family rule
Sm19,graded,ASSUMPTION,55,graded,55,BUILD_BRIEF.md 3.2 refined visual-family rule
Sm20,graded,ASSUMPTION,59,graded,59,BUILD_BRIEF.md 3.2 refined visual-family rule
Sm21,graded,ASSUMPTION,41,graded,41,BUILD_BRIEF.md 3.2 refined visual-family rule
Sm22,graded,ASSUMPTION,48,graded,48,BUILD_BRIEF.md 3.2 refined visual-family rule
Sm23,graded,ASSUMPTION,41,graded,41,BUILD_BRIEF.md 3.2 refined visual-family rule
Sm24,graded,ASSUMPTION,8,graded,8,BUILD_BRIEF.md 3.2 refined visual-family rule
Sm25,graded,ASSUMPTION,17,graded,17,BUILD_BRIEF.md 3.2 refined visual-family rule
Sm26,graded,ASSUMPTION,20,graded,20,BUILD_BRIEF.md 3.2 refined visual-family rule
Sm27,graded,ASSUMPTION,14,graded,14,BUILD_BRIEF.md 3.2 refined visual-family rule
Sm28,graded,ASSUMPTION,6,graded,6,BUILD_BRIEF.md 3.2 refined visual-family rule
Sm29,graded,ASSUMPTION,10,graded,10,BUILD_BRIEF.md 3.2 refined visual-family rule
Sm30,graded,ASSUMPTION,26,graded,26,BUILD_BRIEF.md 3.2 refined visual-family rule
Sm31,graded,ASSUMPTION,23,graded,23,BUILD_BRIEF.md 3.2 refined visual-family rule
Sm32,graded,ASSUMPTION,60,graded,60,BUILD_BRIEF.md 3.2 refined visual-family rule
Sm33,graded,ASSUMPTION,5,graded,5,BUILD_BRIEF.md 3.2 refined visual-family rule
Sm34,graded,ASSUMPTION,11,graded,11,BUILD_BRIEF.md 3.2 refined visual-family rule
Sm35,graded,ASSUMPTION,6,graded,6,BUILD_BRIEF.md 3.2 refined visual-family rule
Sm36,graded,ASSUMPTION,6,graded,6,BUILD_BRIEF.md 3.2 refined visual-family rule
Sm37,graded,ASSUMPTION,2,graded,2,BUILD_BRIEF.md 3.2 refined visual-family rule
Sm38,graded,ASSUMPTION,4,graded,4,BUILD_BRIEF.md 3.2 refined visual-family rule
Sm39,graded,ASSUMPTION,2,graded,2,BUILD_BRIEF.md 3.2 refined visual-family rule
Sm40,graded,ASSUMPTION,4,graded,4,BUILD_BRIEF.md 3.2 refined visual-family rule
Sm41,graded,ASSUMPTION,2,graded,2,BUILD_BRIEF.md 3.2 refined visual-family rule
Sm42,graded,ASSUMPTION,2,graded,2,BUILD_BRIEF.md 3.2 refined visual-family rule
Sm43,graded,ASSUMPTION,11,graded,11,BUILD_BRIEF.md 3.2 refined visual-family rule
SpsP,spiking,ASSUMPTION,7,spiking,0,BUILD_BRIEF.md 3.2 refined visual-family rule
T1,graded,ASSUMPTION,1397,graded,1397,BUILD_BRIEF.md 3.2 refined visual-family rule
T2,graded,ASSUMPTION,1466,graded,1466,BUILD_BRIEF.md 3.2 refined visual-family rule
T2a,graded,ASSUMPTION,1772,graded,1772,BUILD_BRIEF.md 3.2 refined visual-family rule
T3,graded,ASSUMPTION,1675,graded,1675,BUILD_BRIEF.md 3.2 refined visual-family rule
T4a,graded,ASSUMPTION,1462,graded,1462,BUILD_BRIEF.md 3.2 refined visual-family rule
T4b,graded,ASSUMPTION,1500,graded,1500,BUILD_BRIEF.md 3.2 refined visual-family rule
T4c,graded,ASSUMPTION,1706,graded,1706,BUILD_BRIEF.md 3.2 refined visual-family rule
T4d,graded,ASSUMPTION,1573,graded,1573,BUILD_BRIEF.md 3.2 refined visual-family rule
T5a,graded,ASSUMPTION,1484,graded,1484,BUILD_BRIEF.md 3.2 refined visual-family rule
T5b,graded,ASSUMPTION,1513,graded,1513,BUILD_BRIEF.md 3.2 refined visual-family rule
T5c,graded,ASSUMPTION,1541,graded,1541,BUILD_BRIEF.md 3.2 refined visual-family rule
T5d,graded,ASSUMPTION,1467,graded,1467,BUILD_BRIEF.md 3.2 refined visual-family rule
TPMN1,spiking,ASSUMPTION,63,spiking,0,BUILD_BRIEF.md 3.2 refined visual-family rule
TPMN2,spiking,ASSUMPTION,12,spiking,0,BUILD_BRIEF.md 3.2 refined visual-family rule
TRN_VP1m,spiking,ASSUMPTION,13,spiking,0,BUILD_BRIEF.md 3.2 refined visual-family rule
TRN_VP2,spiking,ASSUMPTION,7,spiking,0,BUILD_BRIEF.md 3.2 refined visual-family rule
TRN_VP3a,spiking,ASSUMPTION,7,spiking,0,BUILD_BRIEF.md 3.2 refined visual-family rule
TRN_VP3b,spiking,ASSUMPTION,2,spiking,0,BUILD_BRIEF.md 3.2 refined visual-family rule
Tlp1,spiking,ASSUMPTION,139,spiking,0,BUILD_BRIEF.md 3.2 refined visual-family rule
Tlp14,spiking,ASSUMPTION,56,spiking,0,BUILD_BRIEF.md 3.2 refined visual-family rule
Tlp4,spiking,ASSUMPTION,94,spiking,0,BUILD_BRIEF.md 3.2 refined visual-family rule
Tlp5,spiking,ASSUMPTION,55,spiking,0,BUILD_BRIEF.md 3.2 refined visual-family rule
Tm1,graded,ASSUMPTION,1555,graded,1555,BUILD_BRIEF.md 3.2 refined visual-family rule
Tm12,graded,ASSUMPTION,1,graded,1,BUILD_BRIEF.md 3.2 refined visual-family rule
Tm16,graded,ASSUMPTION,344,graded,344,BUILD_BRIEF.md 3.2 refined visual-family rule
Tm2,graded,ASSUMPTION,1551,graded,1551,BUILD_BRIEF.md 3.2 refined visual-family rule
Tm20,graded,ASSUMPTION,1496,graded,1496,BUILD_BRIEF.md 3.2 refined visual-family rule
Tm21,graded,ASSUMPTION,1296,graded,1296,BUILD_BRIEF.md 3.2 refined visual-family rule
Tm25,graded,ASSUMPTION,723,graded,723,BUILD_BRIEF.md 3.2 refined visual-family rule
Tm27,graded,ASSUMPTION,1135,graded,1135,BUILD_BRIEF.md 3.2 refined visual-family rule
Tm3,graded,ASSUMPTION,1756,graded,1756,BUILD_BRIEF.md 3.2 refined visual-family rule
Tm31,graded,ASSUMPTION,106,graded,106,BUILD_BRIEF.md 3.2 refined visual-family rule
Tm32,graded,ASSUMPTION,166,graded,166,BUILD_BRIEF.md 3.2 refined visual-family rule
Tm33,graded,ASSUMPTION,116,graded,116,BUILD_BRIEF.md 3.2 refined visual-family rule
Tm34,graded,ASSUMPTION,71,graded,71,BUILD_BRIEF.md 3.2 refined visual-family rule
Tm35,graded,ASSUMPTION,118,graded,118,BUILD_BRIEF.md 3.2 refined visual-family rule
Tm36,graded,ASSUMPTION,281,graded,281,BUILD_BRIEF.md 3.2 refined visual-family rule
Tm37,graded,ASSUMPTION,237,graded,237,BUILD_BRIEF.md 3.2 refined visual-family rule
Tm4,graded,ASSUMPTION,1491,graded,1491,BUILD_BRIEF.md 3.2 refined visual-family rule
Tm40,graded,ASSUMPTION,41,graded,41,BUILD_BRIEF.md 3.2 refined visual-family rule
Tm5a,graded,ASSUMPTION,451,graded,451,BUILD_BRIEF.md 3.2 refined visual-family rule
Tm5b,graded,ASSUMPTION,447,graded,447,BUILD_BRIEF.md 3.2 refined visual-family rule
Tm5c,graded,ASSUMPTION,618,graded,618,BUILD_BRIEF.md 3.2 refined visual-family rule
Tm5d,graded,ASSUMPTION,339,graded,339,BUILD_BRIEF.md 3.2 refined visual-family rule
Tm5e,graded,ASSUMPTION,506,graded,506,BUILD_BRIEF.md 3.2 refined visual-family rule
Tm5f,graded,ASSUMPTION,803,graded,803,BUILD_BRIEF.md 3.2 refined visual-family rule
Tm6,graded,ASSUMPTION,1,graded,1,BUILD_BRIEF.md 3.2 refined visual-family rule
Tm7,graded,ASSUMPTION,485,graded,485,BUILD_BRIEF.md 3.2 refined visual-family rule
Tm8a,graded,ASSUMPTION,234,graded,234,BUILD_BRIEF.md 3.2 refined visual-family rule
Tm8b,graded,ASSUMPTION,126,graded,126,BUILD_BRIEF.md 3.2 refined visual-family rule
Tm9,graded,ASSUMPTION,1522,graded,1522,BUILD_BRIEF.md 3.2 refined visual-family rule
TmY10,graded,ASSUMPTION,449,graded,449,BUILD_BRIEF.md 3.2 refined visual-family rule
TmY11,graded,ASSUMPTION,375,graded,375,BUILD_BRIEF.md 3.2 refined visual-family rule
TmY14,graded,ASSUMPTION,370,graded,370,BUILD_BRIEF.md 3.2 refined visual-family rule
TmY15,graded,ASSUMPTION,257,graded,257,BUILD_BRIEF.md 3.2 refined visual-family rule
TmY16,graded,ASSUMPTION,150,graded,150,BUILD_BRIEF.md 3.2 refined visual-family rule
TmY18,graded,ASSUMPTION,1,graded,1,BUILD_BRIEF.md 3.2 refined visual-family rule
TmY20,graded,ASSUMPTION,283,graded,283,BUILD_BRIEF.md 3.2 refined visual-family rule
TmY3,graded,ASSUMPTION,736,graded,736,BUILD_BRIEF.md 3.2 refined visual-family rule
TmY31,graded,ASSUMPTION,317,graded,317,BUILD_BRIEF.md 3.2 refined visual-family rule
TmY4,graded,ASSUMPTION,432,graded,432,BUILD_BRIEF.md 3.2 refined visual-family rule
TmY5a,graded,ASSUMPTION,1175,graded,1175,BUILD_BRIEF.md 3.2 refined visual-family rule
TmY9,graded,ASSUMPTION,1,graded,1,BUILD_BRIEF.md 3.2 refined visual-family rule
TmY9q,graded,ASSUMPTION,358,graded,358,BUILD_BRIEF.md 3.2 refined visual-family rule
TmY9q__perp,graded,ASSUMPTION,376,graded,376,BUILD_BRIEF.md 3.2 refined visual-family rule
TuBu01a,spiking,ASSUMPTION,4,spiking,0,BUILD_BRIEF.md 3.2 refined visual-family rule
TuBu01b,spiking,ASSUMPTION,7,spiking,0,BUILD_BRIEF.md 3.2 refined visual-family rule
TuBu02,spiking,ASSUMPTION,11,spiking,0,BUILD_BRIEF.md 3.2 refined visual-family rule
TuBu03,spiking,ASSUMPTION,26,spiking,0,BUILD_BRIEF.md 3.2 refined visual-family rule
TuBu04,spiking,ASSUMPTION,9,spiking,0,BUILD_BRIEF.md 3.2 refined visual-family rule
TuBu05,spiking,ASSUMPTION,10,spiking,0,BUILD_BRIEF.md 3.2 refined visual-family rule
TuBu06a,spiking,ASSUMPTION,2,spiking,0,BUILD_BRIEF.md 3.2 refined visual-family rule
TuBu06b,spiking,ASSUMPTION,5,spiking,0,BUILD_BRIEF.md 3.2 refined visual-family rule
TuBu07,spiking,ASSUMPTION,17,spiking,0,BUILD_BRIEF.md 3.2 refined visual-family rule
TuBu08,spiking,ASSUMPTION,22,spiking,0,BUILD_BRIEF.md 3.2 refined visual-family rule
"TuBu09,TuBu10",spiking,ASSUMPTION,37,spiking,0,BUILD_BRIEF.md 3.2 refined visual-family rule
TuTuAa,spiking,ASSUMPTION,2,spiking,0,BUILD_BRIEF.md 3.2 refined visual-family rule
TuTuAb,spiking,ASSUMPTION,2,spiking,0,BUILD_BRIEF.md 3.2 refined visual-family rule
TuTuB_a,spiking,ASSUMPTION,2,spiking,0,BUILD_BRIEF.md 3.2 refined visual-family rule
TuTuB_b,spiking,ASSUMPTION,2,spiking,0,BUILD_BRIEF.md 3.2 refined visual-family rule
VA1d_adPN,spiking,ASSUMPTION,6,spiking,0,BUILD_BRIEF.md 3.2 refined visual-family rule
VA1d_vPN,spiking,ASSUMPTION,2,spiking,0,BUILD_BRIEF.md 3.2 refined visual-family rule
VA1v_adPN,spiking,ASSUMPTION,9,spiking,0,BUILD_BRIEF.md 3.2 refined visual-family rule
VA1v_vPN,spiking,ASSUMPTION,4,spiking,0,BUILD_BRIEF.md 3.2 refined visual-family rule
VA2_adPN,spiking,ASSUMPTION,2,spiking,0,BUILD_BRIEF.md 3.2 refined visual-family rule
VA3_adPN,spiking,ASSUMPTION,4,spiking,0,BUILD_BRIEF.md 3.2 refined visual-family rule
VA4_lPN,spiking,ASSUMPTION,2,spiking,0,BUILD_BRIEF.md 3.2 refined visual-family rule
VA5_lPN,spiking,ASSUMPTION,6,spiking,0,BUILD_BRIEF.md 3.2 refined visual-family rule
VA6_adPN,spiking,ASSUMPTION,2,spiking,0,BUILD_BRIEF.md 3.2 refined visual-family rule
VA7l_adPN,spiking,ASSUMPTION,2,spiking,0,BUILD_BRIEF.md 3.2 refined visual-family rule
VA7m_lPN,spiking,ASSUMPTION,6,spiking,0,BUILD_BRIEF.md 3.2 refined visual-family rule
VC1_lPN,spiking,ASSUMPTION,2,spiking,0,BUILD_BRIEF.md 3.2 refined visual-family rule
VC2_lPN,spiking,ASSUMPTION,2,spiking,0,BUILD_BRIEF.md 3.2 refined visual-family rule
VC3_adPN,spiking,ASSUMPTION,8,spiking,0,BUILD_BRIEF.md 3.2 refined visual-family rule
VC4_adPN,spiking,ASSUMPTION,5,spiking,0,BUILD_BRIEF.md 3.2 refined visual-family rule
VC5_lvPN,spiking,ASSUMPTION,5,spiking,0,BUILD_BRIEF.md 3.2 refined visual-family rule
VCH,spiking,ASSUMPTION,2,spiking,0,BUILD_BRIEF.md 3.2 refined visual-family rule
VES001,spiking,ASSUMPTION,2,spiking,0,BUILD_BRIEF.md 3.2 refined visual-family rule
VES002,spiking,ASSUMPTION,2,spiking,0,BUILD_BRIEF.md 3.2 refined visual-family rule
VES003,spiking,ASSUMPTION,2,spiking,0,BUILD_BRIEF.md 3.2 refined visual-family rule
VES004,spiking,ASSUMPTION,2,spiking,0,BUILD_BRIEF.md 3.2 refined visual-family rule
VES005,spiking,ASSUMPTION,2,spiking,0,BUILD_BRIEF.md 3.2 refined visual-family rule
VES007,spiking,ASSUMPTION,2,spiking,0,BUILD_BRIEF.md 3.2 refined visual-family rule
VES010,spiking,ASSUMPTION,2,spiking,0,BUILD_BRIEF.md 3.2 refined visual-family rule
VES011,spiking,ASSUMPTION,2,spiking,0,BUILD_BRIEF.md 3.2 refined visual-family rule
VES012,spiking,ASSUMPTION,2,spiking,0,BUILD_BRIEF.md 3.2 refined visual-family rule
VES013,spiking,ASSUMPTION,2,spiking,0,BUILD_BRIEF.md 3.2 refined visual-family rule
VES014,spiking,ASSUMPTION,2,spiking,0,BUILD_BRIEF.md 3.2 refined visual-family rule
VES016,spiking,ASSUMPTION,2,spiking,0,BUILD_BRIEF.md 3.2 refined visual-family rule
VES017,spiking,ASSUMPTION,2,spiking,0,BUILD_BRIEF.md 3.2 refined visual-family rule
VES018,spiking,ASSUMPTION,2,spiking,0,BUILD_BRIEF.md 3.2 refined visual-family rule
VES019,spiking,ASSUMPTION,4,spiking,0,BUILD_BRIEF.md 3.2 refined visual-family rule
VES020,spiking,ASSUMPTION,6,spiking,0,BUILD_BRIEF.md 3.2 refined visual-family rule
VES021,spiking,ASSUMPTION,4,spiking,0,BUILD_BRIEF.md 3.2 refined visual-family rule
VES022a,spiking,ASSUMPTION,6,spiking,0,BUILD_BRIEF.md 3.2 refined visual-family rule
VES022b,spiking,ASSUMPTION,4,spiking,0,BUILD_BRIEF.md 3.2 refined visual-family rule
VES023,spiking,ASSUMPTION,6,spiking,0,BUILD_BRIEF.md 3.2 refined visual-family rule
VES024a,spiking,ASSUMPTION,4,spiking,0,BUILD_BRIEF.md 3.2 refined visual-family rule
VES024b,spiking,ASSUMPTION,2,spiking,0,BUILD_BRIEF.md 3.2 refined visual-family rule
VES025,spiking,ASSUMPTION,2,spiking,0,BUILD_BRIEF.md 3.2 refined visual-family rule
VES027,spiking,ASSUMPTION,2,spiking,0,BUILD_BRIEF.md 3.2 refined visual-family rule
VES030,spiking,ASSUMPTION,2,spiking,0,BUILD_BRIEF.md 3.2 refined visual-family rule
VES039,spiking,ASSUMPTION,2,spiking,0,BUILD_BRIEF.md 3.2 refined visual-family rule
VES040,spiking,ASSUMPTION,2,spiking,0,BUILD_BRIEF.md 3.2 refined visual-family rule
VES041,spiking,ASSUMPTION,2,spiking,0,BUILD_BRIEF.md 3.2 refined visual-family rule
VES043,spiking,ASSUMPTION,2,spiking,0,BUILD_BRIEF.md 3.2 refined visual-family rule
VES045,spiking,ASSUMPTION,2,spiking,0,BUILD_BRIEF.md 3.2 refined visual-family rule
VES046,spiking,ASSUMPTION,2,spiking,0,BUILD_BRIEF.md 3.2 refined visual-family rule
VES047,spiking,ASSUMPTION,2,spiking,0,BUILD_BRIEF.md 3.2 refined visual-family rule
VES048,spiking,ASSUMPTION,2,spiking,0,BUILD_BRIEF.md 3.2 refined visual-family rule
VES049,spiking,ASSUMPTION,7,spiking,0,BUILD_BRIEF.md 3.2 refined visual-family rule
VES050,spiking,ASSUMPTION,3,spiking,0,BUILD_BRIEF.md 3.2 refined visual-family rule
"VES051,VES052",spiking,ASSUMPTION,8,spiking,0,BUILD_BRIEF.md 3.2 refined visual-family rule
VES053,spiking,ASSUMPTION,2,spiking,0,BUILD_BRIEF.md 3.2 refined visual-family rule
VES054,spiking,ASSUMPTION,2,spiking,0,BUILD_BRIEF.md 3.2 refined visual-family rule
VES056,spiking,ASSUMPTION,2,spiking,0,BUILD_BRIEF.md 3.2 refined visual-family rule
VES057,spiking,ASSUMPTION,2,spiking,0,BUILD_BRIEF.md 3.2 refined visual-family rule
VES058,spiking,ASSUMPTION,2,spiking,0,BUILD_BRIEF.md 3.2 refined visual-family rule
VES059,spiking,ASSUMPTION,2,spiking,0,BUILD_BRIEF.md 3.2 refined visual-family rule
VES060,spiking,ASSUMPTION,2,spiking,0,BUILD_BRIEF.md 3.2 refined visual-family rule
VES063a,spiking,ASSUMPTION,2,spiking,0,BUILD_BRIEF.md 3.2 refined visual-family rule
VES063b,spiking,ASSUMPTION,2,spiking,0,BUILD_BRIEF.md 3.2 refined visual-family rule
VES064,spiking,ASSUMPTION,2,spiking,0,BUILD_BRIEF.md 3.2 refined visual-family rule
VES065,spiking,ASSUMPTION,2,spiking,0,BUILD_BRIEF.md 3.2 refined visual-family rule
VES066,spiking,ASSUMPTION,2,spiking,0,BUILD_BRIEF.md 3.2 refined visual-family rule
VES067,spiking,ASSUMPTION,2,spiking,0,BUILD_BRIEF.md 3.2 refined visual-family rule
VES070,spiking,ASSUMPTION,2,spiking,0,BUILD_BRIEF.md 3.2 refined visual-family rule
VES071,spiking,ASSUMPTION,2,spiking,0,BUILD_BRIEF.md 3.2 refined visual-family rule
VES072,spiking,ASSUMPTION,2,spiking,0,BUILD_BRIEF.md 3.2 refined visual-family rule
VES073,spiking,ASSUMPTION,2,spiking,0,BUILD_BRIEF.md 3.2 refined visual-family rule
VES074,spiking,ASSUMPTION,2,spiking,0,BUILD_BRIEF.md 3.2 refined visual-family rule
VES075,spiking,ASSUMPTION,2,spiking,0,BUILD_BRIEF.md 3.2 refined visual-family rule
VES076,spiking,ASSUMPTION,2,spiking,0,BUILD_BRIEF.md 3.2 refined visual-family rule
VES077,spiking,ASSUMPTION,2,spiking,0,BUILD_BRIEF.md 3.2 refined visual-family rule
VES078,spiking,ASSUMPTION,2,spiking,0,BUILD_BRIEF.md 3.2 refined visual-family rule
VES079,spiking,ASSUMPTION,2,spiking,0,BUILD_BRIEF.md 3.2 refined visual-family rule
VESa1_P02,spiking,ASSUMPTION,2,spiking,0,BUILD_BRIEF.md 3.2 refined visual-family rule
VESa2_H02,spiking,ASSUMPTION,2,spiking,0,BUILD_BRIEF.md 3.2 refined visual-family rule
VESa2_H04,spiking,ASSUMPTION,2,spiking,0,BUILD_BRIEF.md 3.2 refined visual-family rule
VESa2_P01,spiking,ASSUMPTION,2,spiking,0,BUILD_BRIEF.md 3.2 refined visual-family rule
VL1_ilPN,spiking,ASSUMPTION,2,spiking,0,BUILD_BRIEF.md 3.2 refined visual-family rule
VL1_vPN,spiking,ASSUMPTION,2,spiking,0,BUILD_BRIEF.md 3.2 refined visual-family rule
VL2a_adPN,spiking,ASSUMPTION,2,spiking,0,BUILD_BRIEF.md 3.2 refined visual-family rule
VL2a_vPN,spiking,ASSUMPTION,5,spiking,0,BUILD_BRIEF.md 3.2 refined visual-family rule
VL2p_adPN,spiking,ASSUMPTION,2,spiking,0,BUILD_BRIEF.md 3.2 refined visual-family rule
VL2p_vPN,spiking,ASSUMPTION,2,spiking,0,BUILD_BRIEF.md 3.2 refined visual-family rule
VM1_lPN,spiking,ASSUMPTION,4,spiking,0,BUILD_BRIEF.md 3.2 refined visual-family rule
VM2_adPN,spiking,ASSUMPTION,4,spiking,0,BUILD_BRIEF.md 3.2 refined visual-family rule
VM3_adPN,spiking,ASSUMPTION,4,spiking,0,BUILD_BRIEF.md 3.2 refined visual-family rule
VM4_adPN,spiking,ASSUMPTION,2,spiking,0,BUILD_BRIEF.md 3.2 refined visual-family rule
VM4_lvPN,spiking,ASSUMPTION,5,spiking,0,BUILD_BRIEF.md 3.2 refined visual-family rule
VM5d_adPN,spiking,ASSUMPTION,9,spiking,0,BUILD_BRIEF.md 3.2 refined visual-family rule
VM5v_adPN,spiking,ASSUMPTION,6,spiking,0,BUILD_BRIEF.md 3.2 refined visual-family rule
VM6_adPN,spiking,ASSUMPTION,2,spiking,0,BUILD_BRIEF.md 3.2 refined visual-family rule
VM7d_adPN,spiking,ASSUMPTION,5,spiking,0,BUILD_BRIEF.md 3.2 refined visual-family rule
VM7v_adPN,spiking,ASSUMPTION,4,spiking,0,BUILD_BRIEF.md 3.2 refined visual-family rule
VP1d+VP4_l2PN1,spiking,ASSUMPTION,2,spiking,0,BUILD_BRIEF.md 3.2 refined visual-family rule
VP1d+VP4_l2PN2,spiking,ASSUMPTION,2,spiking,0,BUILD_BRIEF.md 3.2 refined visual-family rule
VP1d_il2PN,spiking,ASSUMPTION,2,spiking,0,BUILD_BRIEF.md 3.2 refined visual-family rule
VP1l+VP3_ilPN,spiking,ASSUMPTION,2,spiking,0,BUILD_BRIEF.md 3.2 refined visual-family rule
VP1l+_lvPN,spiking,ASSUMPTION,9,spiking,0,BUILD_BRIEF.md 3.2 refined visual-family rule
VP1m+VP2_lvPN1,spiking,ASSUMPTION,2,spiking,0,BUILD_BRIEF.md 3.2 refined visual-family rule
VP1m+VP5_ilPN,spiking,ASSUMPTION,2,spiking,0,BUILD_BRIEF.md 3.2 refined visual-family rule
VP1m+_lvPN,spiking,ASSUMPTION,4,spiking,0,BUILD_BRIEF.md 3.2 refined visual-family rule
VP1m_l2PN,spiking,ASSUMPTION,2,spiking,0,BUILD_BRIEF.md 3.2 refined visual-family rule
VP2+VC5_l2PN,spiking,ASSUMPTION,2,spiking,0,BUILD_BRIEF.md 3.2 refined visual-family rule
VP2+_adPN,spiking,ASSUMPTION,2,spiking,0,BUILD_BRIEF.md 3.2 refined visual-family rule
VP2_adPN,spiking,ASSUMPTION,2,spiking,0,BUILD_BRIEF.md 3.2 refined visual-family rule
VP2_l2PN,spiking,ASSUMPTION,2,spiking,0,BUILD_BRIEF.md 3.2 refined visual-family rule
VP3+VP1l_ivPN,spiking,ASSUMPTION,2,spiking,0,BUILD_BRIEF.md 3.2 refined visual-family rule
VP3+_l2PN,spiking,ASSUMPTION,6,spiking,0,BUILD_BRIEF.md 3.2 refined visual-family rule
VP3+_vPN,spiking,ASSUMPTION,2,spiking,0,BUILD_BRIEF.md 3.2 refined visual-family rule
VP4+VL1_l2PN,spiking,ASSUMPTION,2,spiking,0,BUILD_BRIEF.md 3.2 refined visual-family rule
VP4+_vPN,spiking,ASSUMPTION,2,spiking,0,BUILD_BRIEF.md 3.2 refined visual-family rule
VP4_vPN,spiking,ASSUMPTION,2,spiking,0,BUILD_BRIEF.md 3.2 refined visual-family rule
VP5+VP3_l2PN,spiking,ASSUMPTION,2,spiking,0,BUILD_BRIEF.md 3.2 refined visual-family rule
VP5+Z_adPN,spiking,ASSUMPTION,2,spiking,0,BUILD_BRIEF.md 3.2 refined visual-family rule
"VP5+_l2PN,VP5+VP2_l2PN",spiking,ASSUMPTION,6,spiking,0,BUILD_BRIEF.md 3.2 refined visual-family rule
VS1,graded,ASSUMPTION,2,graded,2,BUILD_BRIEF.md 3.2 refined visual-family rule
VS2,graded,ASSUMPTION,2,graded,2,BUILD_BRIEF.md 3.2 refined visual-family rule
VS3,graded,ASSUMPTION,2,graded,2,BUILD_BRIEF.md 3.2 refined visual-family rule
VS4,graded,ASSUMPTION,2,graded,2,BUILD_BRIEF.md 3.2 refined visual-family rule
VS5,graded,ASSUMPTION,2,graded,2,BUILD_BRIEF.md 3.2 refined visual-family rule
VS6,graded,ASSUMPTION,2,graded,2,BUILD_BRIEF.md 3.2 refined visual-family rule
VS7,graded,ASSUMPTION,2,graded,2,BUILD_BRIEF.md 3.2 refined visual-family rule
VS8,graded,ASSUMPTION,2,graded,2,BUILD_BRIEF.md 3.2 refined visual-family rule
VST1,graded,ASSUMPTION,4,graded,4,BUILD_BRIEF.md 3.2 refined visual-family rule
VST2,graded,ASSUMPTION,8,graded,8,BUILD_BRIEF.md 3.2 refined visual-family rule
VSm,graded,ASSUMPTION,4,graded,4,BUILD_BRIEF.md 3.2 refined visual-family rule
V_ilPN,spiking,ASSUMPTION,2,spiking,0,BUILD_BRIEF.md 3.2 refined visual-family rule
V_l2PN,spiking,ASSUMPTION,2,spiking,0,BUILD_BRIEF.md 3.2 refined visual-family rule
WED002a,spiking,ASSUMPTION,2,spiking,0,BUILD_BRIEF.md 3.2 refined visual-family rule
WED002b,spiking,ASSUMPTION,2,spiking,0,BUILD_BRIEF.md 3.2 refined visual-family rule
WED002c,spiking,ASSUMPTION,4,spiking,0,BUILD_BRIEF.md 3.2 refined visual-family rule
WED002d,spiking,ASSUMPTION,3,spiking,0,BUILD_BRIEF.md 3.2 refined visual-family rule
WED002e,spiking,ASSUMPTION,3,spiking,0,BUILD_BRIEF.md 3.2 refined visual-family rule
WED004,spiking,ASSUMPTION,9,spiking,0,BUILD_BRIEF.md 3.2 refined visual-family rule
WED006,spiking,ASSUMPTION,2,spiking,0,BUILD_BRIEF.md 3.2 refined visual-family rule
WED007,spiking,ASSUMPTION,2,spiking,0,BUILD_BRIEF.md 3.2 refined visual-family rule
WED008,spiking,ASSUMPTION,2,spiking,0,BUILD_BRIEF.md 3.2 refined visual-family rule
WED010,spiking,ASSUMPTION,3,spiking,0,BUILD_BRIEF.md 3.2 refined visual-family rule
WED011,spiking,ASSUMPTION,2,spiking,0,BUILD_BRIEF.md 3.2 refined visual-family rule
WED012,spiking,ASSUMPTION,4,spiking,0,BUILD_BRIEF.md 3.2 refined visual-family rule
WED013,spiking,ASSUMPTION,2,spiking,0,BUILD_BRIEF.md 3.2 refined visual-family rule
WED014,spiking,ASSUMPTION,4,spiking,0,BUILD_BRIEF.md 3.2 refined visual-family rule
WED015,spiking,ASSUMPTION,9,spiking,0,BUILD_BRIEF.md 3.2 refined visual-family rule
WED016,spiking,ASSUMPTION,2,spiking,0,BUILD_BRIEF.md 3.2 refined visual-family rule
WED017,spiking,ASSUMPTION,2,spiking,0,BUILD_BRIEF.md 3.2 refined visual-family rule
WED018,spiking,ASSUMPTION,2,spiking,0,BUILD_BRIEF.md 3.2 refined visual-family rule
WED020_b,spiking,ASSUMPTION,4,spiking,0,BUILD_BRIEF.md 3.2 refined visual-family rule
WED023,spiking,ASSUMPTION,5,spiking,0,BUILD_BRIEF.md 3.2 refined visual-family rule
WED024,spiking,ASSUMPTION,4,spiking,0,BUILD_BRIEF.md 3.2 refined visual-family rule
WED025,spiking,ASSUMPTION,6,spiking,0,BUILD_BRIEF.md 3.2 refined visual-family rule
WED026,spiking,ASSUMPTION,8,spiking,0,BUILD_BRIEF.md 3.2 refined visual-family rule
WED028,spiking,ASSUMPTION,5,spiking,0,BUILD_BRIEF.md 3.2 refined visual-family rule
WED029,spiking,ASSUMPTION,4,spiking,0,BUILD_BRIEF.md 3.2 refined visual-family rule
WED031,spiking,ASSUMPTION,11,spiking,0,BUILD_BRIEF.md 3.2 refined visual-family rule
WED032,spiking,ASSUMPTION,8,spiking,0,BUILD_BRIEF.md 3.2 refined visual-family rule
WED033,spiking,ASSUMPTION,14,spiking,0,BUILD_BRIEF.md 3.2 refined visual-family rule
"WED034,WED035",spiking,ASSUMPTION,11,spiking,0,BUILD_BRIEF.md 3.2 refined visual-family rule
WED037,spiking,ASSUMPTION,5,spiking,0,BUILD_BRIEF.md 3.2 refined visual-family rule
WED038a,spiking,ASSUMPTION,6,spiking,0,BUILD_BRIEF.md 3.2 refined visual-family rule
WED038b,spiking,ASSUMPTION,6,spiking,0,BUILD_BRIEF.md 3.2 refined visual-family rule
WED039,spiking,ASSUMPTION,6,spiking,0,BUILD_BRIEF.md 3.2 refined visual-family rule
WED040,spiking,ASSUMPTION,15,spiking,0,BUILD_BRIEF.md 3.2 refined visual-family rule
WED041a,spiking,ASSUMPTION,3,spiking,0,BUILD_BRIEF.md 3.2 refined visual-family rule
WED041b,spiking,ASSUMPTION,2,spiking,0,BUILD_BRIEF.md 3.2 refined visual-family rule
WED044,spiking,ASSUMPTION,2,spiking,0,BUILD_BRIEF.md 3.2 refined visual-family rule
WED045,spiking,ASSUMPTION,2,spiking,0,BUILD_BRIEF.md 3.2 refined visual-family rule
WED046,spiking,ASSUMPTION,2,spiking,0,BUILD_BRIEF.md 3.2 refined visual-family rule
WED051,spiking,ASSUMPTION,2,spiking,0,BUILD_BRIEF.md 3.2 refined visual-family rule
WED056,spiking,ASSUMPTION,7,spiking,0,BUILD_BRIEF.md 3.2 refined visual-family rule
WED057,spiking,ASSUMPTION,21,spiking,0,BUILD_BRIEF.md 3.2 refined visual-family rule
WED060,spiking,ASSUMPTION,3,spiking,0,BUILD_BRIEF.md 3.2 refined visual-family rule
WED061,spiking,ASSUMPTION,4,spiking,0,BUILD_BRIEF.md 3.2 refined visual-family rule
WED069,spiking,ASSUMPTION,2,spiking,0,BUILD_BRIEF.md 3.2 refined visual-family rule
WED070,spiking,ASSUMPTION,2,spiking,0,BUILD_BRIEF.md 3.2 refined visual-family rule
WED071,spiking,ASSUMPTION,2,spiking,0,BUILD_BRIEF.md 3.2 refined visual-family rule
WED072,spiking,ASSUMPTION,6,spiking,0,BUILD_BRIEF.md 3.2 refined visual-family rule
WED075,spiking,ASSUMPTION,2,spiking,0,BUILD_BRIEF.md 3.2 refined visual-family rule
WED076,spiking,ASSUMPTION,2,spiking,0,BUILD_BRIEF.md 3.2 refined visual-family rule
WED080,spiking,ASSUMPTION,2,spiking,0,BUILD_BRIEF.md 3.2 refined visual-family rule
WED081,spiking,ASSUMPTION,2,spiking,0,BUILD_BRIEF.md 3.2 refined visual-family rule
WED082,spiking,ASSUMPTION,4,spiking,0,BUILD_BRIEF.md 3.2 refined visual-family rule
WED085,spiking,ASSUMPTION,2,spiking,0,BUILD_BRIEF.md 3.2 refined visual-family rule
WED089,spiking,ASSUMPTION,2,spiking,0,BUILD_BRIEF.md 3.2 refined visual-family rule
WED091,spiking,ASSUMPTION,2,spiking,0,BUILD_BRIEF.md 3.2 refined visual-family rule
WED092b,spiking,ASSUMPTION,2,spiking,0,BUILD_BRIEF.md 3.2 refined visual-family rule
WED092c,spiking,ASSUMPTION,4,spiking,0,BUILD_BRIEF.md 3.2 refined visual-family rule
WED092d,spiking,ASSUMPTION,2,spiking,0,BUILD_BRIEF.md 3.2 refined visual-family rule
WED092e,spiking,ASSUMPTION,2,spiking,0,BUILD_BRIEF.md 3.2 refined visual-family rule
WED094a,spiking,ASSUMPTION,2,spiking,0,BUILD_BRIEF.md 3.2 refined visual-family rule
WED094b,spiking,ASSUMPTION,2,spiking,0,BUILD_BRIEF.md 3.2 refined visual-family rule
WED094c,spiking,ASSUMPTION,2,spiking,0,BUILD_BRIEF.md 3.2 refined visual-family rule
WED095,spiking,ASSUMPTION,6,spiking,0,BUILD_BRIEF.md 3.2 refined visual-family rule
WED096a,spiking,ASSUMPTION,4,spiking,0,BUILD_BRIEF.md 3.2 refined visual-family rule
WED096b,spiking,ASSUMPTION,4,spiking,0,BUILD_BRIEF.md 3.2 refined visual-family rule
WED096c,spiking,ASSUMPTION,2,spiking,0,BUILD_BRIEF.md 3.2 refined visual-family rule
WED097,spiking,ASSUMPTION,4,spiking,0,BUILD_BRIEF.md 3.2 refined visual-family rule
WED098,spiking,ASSUMPTION,3,spiking,0,BUILD_BRIEF.md 3.2 refined visual-family rule
WED099,spiking,ASSUMPTION,2,spiking,0,BUILD_BRIEF.md 3.2 refined visual-family rule
WED100,spiking,ASSUMPTION,4,spiking,0,BUILD_BRIEF.md 3.2 refined visual-family rule
WED101,spiking,ASSUMPTION,4,spiking,0,BUILD_BRIEF.md 3.2 refined visual-family rule
WED102,spiking,ASSUMPTION,4,spiking,0,BUILD_BRIEF.md 3.2 refined visual-family rule
WED103,spiking,ASSUMPTION,13,spiking,0,BUILD_BRIEF.md 3.2 refined visual-family rule
WED104,spiking,ASSUMPTION,2,spiking,0,BUILD_BRIEF.md 3.2 refined visual-family rule
WED107,spiking,ASSUMPTION,2,spiking,0,BUILD_BRIEF.md 3.2 refined visual-family rule
WED108,spiking,ASSUMPTION,2,spiking,0,BUILD_BRIEF.md 3.2 refined visual-family rule
WED114,spiking,ASSUMPTION,7,spiking,0,BUILD_BRIEF.md 3.2 refined visual-family rule
WED116,spiking,ASSUMPTION,2,spiking,0,BUILD_BRIEF.md 3.2 refined visual-family rule
WED119,spiking,ASSUMPTION,2,spiking,0,BUILD_BRIEF.md 3.2 refined visual-family rule
WED120,spiking,ASSUMPTION,1,spiking,0,BUILD_BRIEF.md 3.2 refined visual-family rule
WED121,spiking,ASSUMPTION,2,spiking,0,BUILD_BRIEF.md 3.2 refined visual-family rule
WED122,spiking,ASSUMPTION,2,spiking,0,BUILD_BRIEF.md 3.2 refined visual-family rule
WED124,spiking,ASSUMPTION,2,spiking,0,BUILD_BRIEF.md 3.2 refined visual-family rule
WED125,spiking,ASSUMPTION,3,spiking,0,BUILD_BRIEF.md 3.2 refined visual-family rule
WED127,spiking,ASSUMPTION,3,spiking,0,BUILD_BRIEF.md 3.2 refined visual-family rule
"WED128,WED129",spiking,ASSUMPTION,8,spiking,0,BUILD_BRIEF.md 3.2 refined visual-family rule
WED130,spiking,ASSUMPTION,8,spiking,0,BUILD_BRIEF.md 3.2 refined visual-family rule
WED144,spiking,ASSUMPTION,4,spiking,0,BUILD_BRIEF.md 3.2 refined visual-family rule
WED145,spiking,ASSUMPTION,9,spiking,0,BUILD_BRIEF.md 3.2 refined visual-family rule
WED146a,spiking,ASSUMPTION,2,spiking,0,BUILD_BRIEF.md 3.2 refined visual-family rule
WED146b,spiking,ASSUMPTION,4,spiking,0,BUILD_BRIEF.md 3.2 refined visual-family rule
WED151,spiking,ASSUMPTION,3,spiking,0,BUILD_BRIEF.md 3.2 refined visual-family rule
WED152,spiking,ASSUMPTION,2,spiking,0,BUILD_BRIEF.md 3.2 refined visual-family rule
WED153,spiking,ASSUMPTION,6,spiking,0,BUILD_BRIEF.md 3.2 refined visual-family rule
WED155a,spiking,ASSUMPTION,2,spiking,0,BUILD_BRIEF.md 3.2 refined visual-family rule
WED155b,spiking,ASSUMPTION,5,spiking,0,BUILD_BRIEF.md 3.2 refined visual-family rule
WED161,spiking,ASSUMPTION,7,spiking,0,BUILD_BRIEF.md 3.2 refined visual-family rule
WED162,spiking,ASSUMPTION,8,spiking,0,BUILD_BRIEF.md 3.2 refined visual-family rule
WED163a,spiking,ASSUMPTION,4,spiking,0,BUILD_BRIEF.md 3.2 refined visual-family rule
WED163b,spiking,ASSUMPTION,2,spiking,0,BUILD_BRIEF.md 3.2 refined visual-family rule
WED163c,spiking,ASSUMPTION,5,spiking,0,BUILD_BRIEF.md 3.2 refined visual-family rule
WED164a,spiking,ASSUMPTION,5,spiking,0,BUILD_BRIEF.md 3.2 refined visual-family rule
WED164b,spiking,ASSUMPTION,6,spiking,0,BUILD_BRIEF.md 3.2 refined visual-family rule
WED165,spiking,ASSUMPTION,2,spiking,0,BUILD_BRIEF.md 3.2 refined visual-family rule
WED166_d,spiking,ASSUMPTION,3,spiking,0,BUILD_BRIEF.md 3.2 refined visual-family rule
WED168,spiking,ASSUMPTION,6,spiking,0,BUILD_BRIEF.md 3.2 refined visual-family rule
WED174,spiking,ASSUMPTION,2,spiking,0,BUILD_BRIEF.md 3.2 refined visual-family rule
WED181,spiking,ASSUMPTION,2,spiking,0,BUILD_BRIEF.md 3.2 refined visual-family rule
WED182,spiking,ASSUMPTION,2,spiking,0,BUILD_BRIEF.md 3.2 refined visual-family rule
WED26b,spiking,ASSUMPTION,2,spiking,0,BUILD_BRIEF.md 3.2 refined visual-family rule
WEDPN10A,spiking,ASSUMPTION,2,spiking,0,BUILD_BRIEF.md 3.2 refined visual-family rule
WEDPN10B,spiking,ASSUMPTION,2,spiking,0,BUILD_BRIEF.md 3.2 refined visual-family rule
WEDPN11,spiking,ASSUMPTION,2,spiking,0,BUILD_BRIEF.md 3.2 refined visual-family rule
WEDPN12,spiking,ASSUMPTION,2,spiking,0,BUILD_BRIEF.md 3.2 refined visual-family rule
WEDPN14,spiking,ASSUMPTION,5,spiking,0,BUILD_BRIEF.md 3.2 refined visual-family rule
WEDPN1A,spiking,ASSUMPTION,10,spiking,0,BUILD_BRIEF.md 3.2 refined visual-family rule
WEDPN1B,spiking,ASSUMPTION,2,spiking,0,BUILD_BRIEF.md 3.2 refined visual-family rule
WEDPN2A,spiking,ASSUMPTION,6,spiking,0,BUILD_BRIEF.md 3.2 refined visual-family rule
WEDPN2B,spiking,ASSUMPTION,4,spiking,0,BUILD_BRIEF.md 3.2 refined visual-family rule
WEDPN3,spiking,ASSUMPTION,6,spiking,0,BUILD_BRIEF.md 3.2 refined visual-family rule
WEDPN4,spiking,ASSUMPTION,2,spiking,0,BUILD_BRIEF.md 3.2 refined visual-family rule
WEDPN5,spiking,ASSUMPTION,2,spiking,0,BUILD_BRIEF.md 3.2 refined visual-family rule
WEDPN6A,spiking,ASSUMPTION,9,spiking,0,BUILD_BRIEF.md 3.2 refined visual-family rule
"WEDPN6B, WEDPN6C",spiking,ASSUMPTION,14,spiking,0,BUILD_BRIEF.md 3.2 refined visual-family rule
WEDPN7B,spiking,ASSUMPTION,6,spiking,0,BUILD_BRIEF.md 3.2 refined visual-family rule
WEDPN7C,spiking,ASSUMPTION,2,spiking,0,BUILD_BRIEF.md 3.2 refined visual-family rule
WEDPN8B,spiking,ASSUMPTION,9,spiking,0,BUILD_BRIEF.md 3.2 refined visual-family rule
WEDPN8D,spiking,ASSUMPTION,6,spiking,0,BUILD_BRIEF.md 3.2 refined visual-family rule
WEDPN9,spiking,ASSUMPTION,2,spiking,0,BUILD_BRIEF.md 3.2 refined visual-family rule
Y1,graded,ASSUMPTION,166,graded,166,BUILD_BRIEF.md 3.2 refined visual-family rule
Y11,graded,ASSUMPTION,131,graded,131,BUILD_BRIEF.md 3.2 refined visual-family rule
Y12,graded,ASSUMPTION,205,graded,205,BUILD_BRIEF.md 3.2 refined visual-family rule
Y3,graded,ASSUMPTION,603,graded,603,BUILD_BRIEF.md 3.2 refined visual-family rule
Y4,graded,ASSUMPTION,164,graded,164,BUILD_BRIEF.md 3.2 refined visual-family rule
Z_vPNml1,spiking,ASSUMPTION,2,spiking,0,BUILD_BRIEF.md 3.2 refined visual-family rule
__MISSING__,spiking,ASSUMPTION,1492,spiking,0,BUILD_BRIEF.md 3.2 refined visual-family rule
aMe1,spiking,ASSUMPTION,4,spiking,0,BUILD_BRIEF.md 3.2 refined visual-family rule
aMe10,spiking,ASSUMPTION,3,spiking,0,BUILD_BRIEF.md 3.2 refined visual-family rule
aMe12,spiking,ASSUMPTION,7,spiking,0,BUILD_BRIEF.md 3.2 refined visual-family rule
aMe13,spiking,ASSUMPTION,2,spiking,0,BUILD_BRIEF.md 3.2 refined visual-family rule
aMe15,spiking,ASSUMPTION,2,spiking,0,BUILD_BRIEF.md 3.2 refined visual-family rule
aMe17a1,spiking,ASSUMPTION,2,spiking,0,BUILD_BRIEF.md 3.2 refined visual-family rule
aMe17a2,spiking,ASSUMPTION,2,spiking,0,BUILD_BRIEF.md 3.2 refined visual-family rule
aMe17b,spiking,ASSUMPTION,4,spiking,0,BUILD_BRIEF.md 3.2 refined visual-family rule
aMe17c,spiking,ASSUMPTION,4,spiking,0,BUILD_BRIEF.md 3.2 refined visual-family rule
aMe19a,spiking,ASSUMPTION,2,spiking,0,BUILD_BRIEF.md 3.2 refined visual-family rule
aMe19b,spiking,ASSUMPTION,2,spiking,0,BUILD_BRIEF.md 3.2 refined visual-family rule
aMe20,spiking,ASSUMPTION,2,spiking,0,BUILD_BRIEF.md 3.2 refined visual-family rule
aMe22,spiking,ASSUMPTION,2,spiking,0,BUILD_BRIEF.md 3.2 refined visual-family rule
aMe24,spiking,ASSUMPTION,2,spiking,0,BUILD_BRIEF.md 3.2 refined visual-family rule
aMe25,spiking,ASSUMPTION,2,spiking,0,BUILD_BRIEF.md 3.2 refined visual-family rule
aMe26,spiking,ASSUMPTION,6,spiking,0,BUILD_BRIEF.md 3.2 refined visual-family rule
aMe3,spiking,ASSUMPTION,2,spiking,0,BUILD_BRIEF.md 3.2 refined visual-family rule
aMe4,spiking,ASSUMPTION,14,spiking,0,BUILD_BRIEF.md 3.2 refined visual-family rule
aMe5,spiking,ASSUMPTION,55,spiking,0,BUILD_BRIEF.md 3.2 refined visual-family rule
aMe6a,spiking,ASSUMPTION,2,spiking,0,BUILD_BRIEF.md 3.2 refined visual-family rule
aMe6b,spiking,ASSUMPTION,2,spiking,0,BUILD_BRIEF.md 3.2 refined visual-family rule
aMe6c,spiking,ASSUMPTION,3,spiking,0,BUILD_BRIEF.md 3.2 refined visual-family rule
aMe8,spiking,ASSUMPTION,4,spiking,0,BUILD_BRIEF.md 3.2 refined visual-family rule
aMe9,spiking,ASSUMPTION,4,spiking,0,BUILD_BRIEF.md 3.2 refined visual-family rule
aPhM1,spiking,ASSUMPTION,25,spiking,0,BUILD_BRIEF.md 3.2 refined visual-family rule
aPhM2a,spiking,ASSUMPTION,3,spiking,0,BUILD_BRIEF.md 3.2 refined visual-family rule
aPhM2b,spiking,ASSUMPTION,2,spiking,0,BUILD_BRIEF.md 3.2 refined visual-family rule
aPhM3,spiking,ASSUMPTION,8,spiking,0,BUILD_BRIEF.md 3.2 refined visual-family rule
aPhM4,spiking,ASSUMPTION,3,spiking,0,BUILD_BRIEF.md 3.2 refined visual-family rule
aPhM5,spiking,ASSUMPTION,4,spiking,0,BUILD_BRIEF.md 3.2 refined visual-family rule
aPhM6,spiking,ASSUMPTION,2,spiking,0,BUILD_BRIEF.md 3.2 refined visual-family rule
"aSP-f1A,aSP-f1B,aSP-f2",spiking,ASSUMPTION,13,spiking,0,BUILD_BRIEF.md 3.2 refined visual-family rule
aSP-f3,spiking,ASSUMPTION,8,spiking,0,BUILD_BRIEF.md 3.2 refined visual-family rule
aSP-f4,spiking,ASSUMPTION,11,spiking,0,BUILD_BRIEF.md 3.2 refined visual-family rule
aSP-g1,spiking,ASSUMPTION,7,spiking,0,BUILD_BRIEF.md 3.2 refined visual-family rule
aSP-g2,spiking,ASSUMPTION,10,spiking,0,BUILD_BRIEF.md 3.2 refined visual-family rule
aSP-g3A,spiking,ASSUMPTION,2,spiking,0,BUILD_BRIEF.md 3.2 refined visual-family rule
aSP-g3B,spiking,ASSUMPTION,4,spiking,0,BUILD_BRIEF.md 3.2 refined visual-family rule
aSP22,spiking,ASSUMPTION,2,spiking,0,BUILD_BRIEF.md 3.2 refined visual-family rule
cL01,spiking,ASSUMPTION,17,spiking,0,BUILD_BRIEF.md 3.2 refined visual-family rule
cL02a,spiking,ASSUMPTION,7,spiking,0,BUILD_BRIEF.md 3.2 refined visual-family rule
cL02b,spiking,ASSUMPTION,7,spiking,0,BUILD_BRIEF.md 3.2 refined visual-family rule
cL02c,spiking,ASSUMPTION,4,spiking,0,BUILD_BRIEF.md 3.2 refined visual-family rule
cL02d,spiking,ASSUMPTION,2,spiking,0,BUILD_BRIEF.md 3.2 refined visual-family rule
cL03,spiking,ASSUMPTION,10,spiking,0,BUILD_BRIEF.md 3.2 refined visual-family rule
cL04,spiking,ASSUMPTION,4,spiking,0,BUILD_BRIEF.md 3.2 refined visual-family rule
cL05,spiking,ASSUMPTION,2,spiking,0,BUILD_BRIEF.md 3.2 refined visual-family rule
cL06,spiking,ASSUMPTION,2,spiking,0,BUILD_BRIEF.md 3.2 refined visual-family rule
cL07,spiking,ASSUMPTION,2,spiking,0,BUILD_BRIEF.md 3.2 refined visual-family rule
cL08,spiking,ASSUMPTION,2,spiking,0,BUILD_BRIEF.md 3.2 refined visual-family rule
cL09,spiking,ASSUMPTION,2,spiking,0,BUILD_BRIEF.md 3.2 refined visual-family rule
cL10,spiking,ASSUMPTION,2,spiking,0,BUILD_BRIEF.md 3.2 refined visual-family rule
cL11,spiking,ASSUMPTION,2,spiking,0,BUILD_BRIEF.md 3.2 refined visual-family rule
cL12,spiking,ASSUMPTION,2,spiking,0,BUILD_BRIEF.md 3.2 refined visual-family rule
cL13,spiking,ASSUMPTION,2,spiking,0,BUILD_BRIEF.md 3.2 refined visual-family rule
cL14,spiking,ASSUMPTION,2,spiking,0,BUILD_BRIEF.md 3.2 refined visual-family rule
cL15,spiking,ASSUMPTION,2,spiking,0,BUILD_BRIEF.md 3.2 refined visual-family rule
cL16,spiking,ASSUMPTION,3,spiking,0,BUILD_BRIEF.md 3.2 refined visual-family rule
cL17,spiking,ASSUMPTION,2,spiking,0,BUILD_BRIEF.md 3.2 refined visual-family rule
cL18,spiking,ASSUMPTION,6,spiking,0,BUILD_BRIEF.md 3.2 refined visual-family rule
cL19,spiking,ASSUMPTION,2,spiking,0,BUILD_BRIEF.md 3.2 refined visual-family rule
cL20,spiking,ASSUMPTION,2,spiking,0,BUILD_BRIEF.md 3.2 refined visual-family rule
cL21,spiking,ASSUMPTION,4,spiking,0,BUILD_BRIEF.md 3.2 refined visual-family rule
cL22a,spiking,ASSUMPTION,2,spiking,0,BUILD_BRIEF.md 3.2 refined visual-family rule
cL22b,spiking,ASSUMPTION,2,spiking,0,BUILD_BRIEF.md 3.2 refined visual-family rule
cL22c,spiking,ASSUMPTION,2,spiking,0,BUILD_BRIEF.md 3.2 refined visual-family rule
cLLP02,spiking,ASSUMPTION,4,spiking,0,BUILD_BRIEF.md 3.2 refined visual-family rule
cLLPM01,spiking,ASSUMPTION,6,spiking,0,BUILD_BRIEF.md 3.2 refined visual-family rule
cLLPM02,spiking,ASSUMPTION,2,spiking,0,BUILD_BRIEF.md 3.2 refined visual-family rule
cLM01,spiking,ASSUMPTION,2,spiking,0,BUILD_BRIEF.md 3.2 refined visual-family rule
cLP01a,spiking,ASSUMPTION,34,spiking,0,BUILD_BRIEF.md 3.2 refined visual-family rule
cLP01b,spiking,ASSUMPTION,17,spiking,0,BUILD_BRIEF.md 3.2 refined visual-family rule
cLP02,spiking,ASSUMPTION,91,spiking,0,BUILD_BRIEF.md 3.2 refined visual-family rule
cLP03a,spiking,ASSUMPTION,24,spiking,0,BUILD_BRIEF.md 3.2 refined visual-family rule
cLP03b,spiking,ASSUMPTION,6,spiking,0,BUILD_BRIEF.md 3.2 refined visual-family rule
cLP03c,spiking,ASSUMPTION,9,spiking,0,BUILD_BRIEF.md 3.2 refined visual-family rule
cLP04,spiking,ASSUMPTION,2,spiking,0,BUILD_BRIEF.md 3.2 refined visual-family rule
cLP05,spiking,ASSUMPTION,2,spiking,0,BUILD_BRIEF.md 3.2 refined visual-family rule
cLPL01,spiking,ASSUMPTION,2,spiking,0,BUILD_BRIEF.md 3.2 refined visual-family rule
cM01a,spiking,ASSUMPTION,2,spiking,0,BUILD_BRIEF.md 3.2 refined visual-family rule
cM01b,spiking,ASSUMPTION,2,spiking,0,BUILD_BRIEF.md 3.2 refined visual-family rule
cM01c,spiking,ASSUMPTION,2,spiking,0,BUILD_BRIEF.md 3.2 refined visual-family rule
cM02a,spiking,ASSUMPTION,2,spiking,0,BUILD_BRIEF.md 3.2 refined visual-family rule
cM02b,spiking,ASSUMPTION,2,spiking,0,BUILD_BRIEF.md 3.2 refined visual-family rule
cM03,spiking,ASSUMPTION,6,spiking,0,BUILD_BRIEF.md 3.2 refined visual-family rule
cM04,spiking,ASSUMPTION,6,spiking,0,BUILD_BRIEF.md 3.2 refined visual-family rule
cM05,spiking,ASSUMPTION,2,spiking,0,BUILD_BRIEF.md 3.2 refined visual-family rule
cM06,spiking,ASSUMPTION,2,spiking,0,BUILD_BRIEF.md 3.2 refined visual-family rule
cM07,spiking,ASSUMPTION,2,spiking,0,BUILD_BRIEF.md 3.2 refined visual-family rule
cM08a,spiking,ASSUMPTION,5,spiking,0,BUILD_BRIEF.md 3.2 refined visual-family rule
cM08b,spiking,ASSUMPTION,4,spiking,0,BUILD_BRIEF.md 3.2 refined visual-family rule
cM08c,spiking,ASSUMPTION,4,spiking,0,BUILD_BRIEF.md 3.2 refined visual-family rule
cM08d,spiking,ASSUMPTION,2,spiking,0,BUILD_BRIEF.md 3.2 refined visual-family rule
cM09,spiking,ASSUMPTION,5,spiking,0,BUILD_BRIEF.md 3.2 refined visual-family rule
cM10,spiking,ASSUMPTION,2,spiking,0,BUILD_BRIEF.md 3.2 refined visual-family rule
cM11,spiking,ASSUMPTION,2,spiking,0,BUILD_BRIEF.md 3.2 refined visual-family rule
cM12,spiking,ASSUMPTION,2,spiking,0,BUILD_BRIEF.md 3.2 refined visual-family rule
cM13,spiking,ASSUMPTION,2,spiking,0,BUILD_BRIEF.md 3.2 refined visual-family rule
cM14,spiking,ASSUMPTION,2,spiking,0,BUILD_BRIEF.md 3.2 refined visual-family rule
cM15,spiking,ASSUMPTION,2,spiking,0,BUILD_BRIEF.md 3.2 refined visual-family rule
cM16,spiking,ASSUMPTION,2,spiking,0,BUILD_BRIEF.md 3.2 refined visual-family rule
cM17,spiking,ASSUMPTION,2,spiking,0,BUILD_BRIEF.md 3.2 refined visual-family rule
cM18,spiking,ASSUMPTION,2,spiking,0,BUILD_BRIEF.md 3.2 refined visual-family rule
cM19,spiking,ASSUMPTION,13,spiking,0,BUILD_BRIEF.md 3.2 refined visual-family rule
cML01,spiking,ASSUMPTION,2,spiking,0,BUILD_BRIEF.md 3.2 refined visual-family rule
cML02,spiking,ASSUMPTION,2,spiking,0,BUILD_BRIEF.md 3.2 refined visual-family rule
cMLLP01,spiking,ASSUMPTION,2,spiking,0,BUILD_BRIEF.md 3.2 refined visual-family rule
cMLLP02,spiking,ASSUMPTION,3,spiking,0,BUILD_BRIEF.md 3.2 refined visual-family rule
claw_tpGRN,spiking,ASSUMPTION,60,spiking,0,BUILD_BRIEF.md 3.2 refined visual-family rule
dorsal_tpGRN,spiking,ASSUMPTION,11,spiking,0,BUILD_BRIEF.md 3.2 refined visual-family rule
hDeltaA,spiking,ASSUMPTION,12,spiking,0,BUILD_BRIEF.md 3.2 refined visual-family rule
hDeltaB,spiking,ASSUMPTION,18,spiking,0,BUILD_BRIEF.md 3.2 refined visual-family rule
hDeltaC,spiking,ASSUMPTION,21,spiking,0,BUILD_BRIEF.md 3.2 refined visual-family rule
hDeltaD,spiking,ASSUMPTION,8,spiking,0,BUILD_BRIEF.md 3.2 refined visual-family rule
hDeltaE,spiking,ASSUMPTION,8,spiking,0,BUILD_BRIEF.md 3.2 refined visual-family rule
hDeltaF,spiking,ASSUMPTION,8,spiking,0,BUILD_BRIEF.md 3.2 refined visual-family rule
hDeltaG,spiking,ASSUMPTION,8,spiking,0,BUILD_BRIEF.md 3.2 refined visual-family rule
hDeltaH,spiking,ASSUMPTION,8,spiking,0,BUILD_BRIEF.md 3.2 refined visual-family rule
hDeltaI,spiking,ASSUMPTION,17,spiking,0,BUILD_BRIEF.md 3.2 refined visual-family rule
hDeltaJ,spiking,ASSUMPTION,30,spiking,0,BUILD_BRIEF.md 3.2 refined visual-family rule
hDeltaK,spiking,ASSUMPTION,31,spiking,0,BUILD_BRIEF.md 3.2 refined visual-family rule
hDeltaL,spiking,ASSUMPTION,12,spiking,0,BUILD_BRIEF.md 3.2 refined visual-family rule
hDeltaM,spiking,ASSUMPTION,8,spiking,0,BUILD_BRIEF.md 3.2 refined visual-family rule
il3LN6,spiking,ASSUMPTION,2,spiking,0,BUILD_BRIEF.md 3.2 refined visual-family rule
l-LNv,spiking,ASSUMPTION,8,spiking,0,BUILD_BRIEF.md 3.2 refined visual-family rule
l2LN19,spiking,ASSUMPTION,4,spiking,0,BUILD_BRIEF.md 3.2 refined visual-family rule
l2LN20,spiking,ASSUMPTION,4,spiking,0,BUILD_BRIEF.md 3.2 refined visual-family rule
l2LN21,spiking,ASSUMPTION,2,spiking,0,BUILD_BRIEF.md 3.2 refined visual-family rule
l2LN22,spiking,ASSUMPTION,4,spiking,0,BUILD_BRIEF.md 3.2 refined visual-family rule
l2LN23,spiking,ASSUMPTION,4,spiking,0,BUILD_BRIEF.md 3.2 refined visual-family rule
lLN10,spiking,ASSUMPTION,2,spiking,0,BUILD_BRIEF.md 3.2 refined visual-family rule
lLN13,spiking,ASSUMPTION,5,spiking,0,BUILD_BRIEF.md 3.2 refined visual-family rule
lLN1_a,spiking,ASSUMPTION,3,spiking,0,BUILD_BRIEF.md 3.2 refined visual-family rule
lLN1_bc,spiking,ASSUMPTION,30,spiking,0,BUILD_BRIEF.md 3.2 refined visual-family rule
lLN2F_a,spiking,ASSUMPTION,4,spiking,0,BUILD_BRIEF.md 3.2 refined visual-family rule
lLN2F_b,spiking,ASSUMPTION,4,spiking,0,BUILD_BRIEF.md 3.2 refined visual-family rule
lLN2P_a,spiking,ASSUMPTION,13,spiking,0,BUILD_BRIEF.md 3.2 refined visual-family rule
lLN2P_b,spiking,ASSUMPTION,12,spiking,0,BUILD_BRIEF.md 3.2 refined visual-family rule
lLN2P_c,spiking,ASSUMPTION,9,spiking,0,BUILD_BRIEF.md 3.2 refined visual-family rule
lLN2T_b,spiking,ASSUMPTION,4,spiking,0,BUILD_BRIEF.md 3.2 refined visual-family rule
lLN2T_c,spiking,ASSUMPTION,4,spiking,0,BUILD_BRIEF.md 3.2 refined visual-family rule
lLN2T_d,spiking,ASSUMPTION,4,spiking,0,BUILD_BRIEF.md 3.2 refined visual-family rule
lLN2T_e,spiking,ASSUMPTION,4,spiking,0,BUILD_BRIEF.md 3.2 refined visual-family rule
lLN2X02,spiking,ASSUMPTION,6,spiking,0,BUILD_BRIEF.md 3.2 refined visual-family rule
lLN2X03,spiking,ASSUMPTION,6,spiking,0,BUILD_BRIEF.md 3.2 refined visual-family rule
lLN2X04,spiking,ASSUMPTION,4,spiking,0,BUILD_BRIEF.md 3.2 refined visual-family rule
lLN2X05,spiking,ASSUMPTION,4,spiking,0,BUILD_BRIEF.md 3.2 refined visual-family rule
lLN2X06,spiking,ASSUMPTION,3,spiking,0,BUILD_BRIEF.md 3.2 refined visual-family rule
lLN2X07,spiking,ASSUMPTION,3,spiking,0,BUILD_BRIEF.md 3.2 refined visual-family rule
lLN2X09,spiking,ASSUMPTION,2,spiking,0,BUILD_BRIEF.md 3.2 refined visual-family rule
lLN2X10,spiking,ASSUMPTION,4,spiking,0,BUILD_BRIEF.md 3.2 refined visual-family rule
lLN2X11,spiking,ASSUMPTION,4,spiking,0,BUILD_BRIEF.md 3.2 refined visual-family rule
lLN2X12,spiking,ASSUMPTION,13,spiking,0,BUILD_BRIEF.md 3.2 refined visual-family rule
lLN8,spiking,ASSUMPTION,4,spiking,0,BUILD_BRIEF.md 3.2 refined visual-family rule
lLN9,spiking,ASSUMPTION,2,spiking,0,BUILD_BRIEF.md 3.2 refined visual-family rule
"lLN9,lLN17a",spiking,ASSUMPTION,5,spiking,0,BUILD_BRIEF.md 3.2 refined visual-family rule
lNSC_unknown,spiking,ASSUMPTION,14,spiking,0,BUILD_BRIEF.md 3.2 refined visual-family rule
labial_nerve_sensory_descending,spiking,ASSUMPTION,1,spiking,0,BUILD_BRIEF.md 3.2 refined visual-family rule
mAL4,spiking,ASSUMPTION,28,spiking,0,BUILD_BRIEF.md 3.2 refined visual-family rule
mAL4B,spiking,ASSUMPTION,1,spiking,0,BUILD_BRIEF.md 3.2 refined visual-family rule
mAL4I,spiking,ASSUMPTION,2,spiking,0,BUILD_BRIEF.md 3.2 refined visual-family rule
mAL5A,spiking,ASSUMPTION,6,spiking,0,BUILD_BRIEF.md 3.2 refined visual-family rule
mAL5B,spiking,ASSUMPTION,2,spiking,0,BUILD_BRIEF.md 3.2 refined visual-family rule
mAL6,spiking,ASSUMPTION,4,spiking,0,BUILD_BRIEF.md 3.2 refined visual-family rule
mALB1,spiking,ASSUMPTION,2,spiking,0,BUILD_BRIEF.md 3.2 refined visual-family rule
mALB2,spiking,ASSUMPTION,2,spiking,0,BUILD_BRIEF.md 3.2 refined visual-family rule
mALB3,spiking,ASSUMPTION,4,spiking,0,BUILD_BRIEF.md 3.2 refined visual-family rule
mALB4,spiking,ASSUMPTION,2,spiking,0,BUILD_BRIEF.md 3.2 refined visual-family rule
mALB5,spiking,ASSUMPTION,2,spiking,0,BUILD_BRIEF.md 3.2 refined visual-family rule
mALC3,spiking,ASSUMPTION,2,spiking,0,BUILD_BRIEF.md 3.2 refined visual-family rule
mALC4,spiking,ASSUMPTION,2,spiking,0,BUILD_BRIEF.md 3.2 refined visual-family rule
mALC5,spiking,ASSUMPTION,2,spiking,0,BUILD_BRIEF.md 3.2 refined visual-family rule
mALC6,spiking,ASSUMPTION,4,spiking,0,BUILD_BRIEF.md 3.2 refined visual-family rule
mALD1,spiking,ASSUMPTION,2,spiking,0,BUILD_BRIEF.md 3.2 refined visual-family rule
mALD2,spiking,ASSUMPTION,2,spiking,0,BUILD_BRIEF.md 3.2 refined visual-family rule
mALD3,spiking,ASSUMPTION,2,spiking,0,BUILD_BRIEF.md 3.2 refined visual-family rule
mALD4,spiking,ASSUMPTION,2,spiking,0,BUILD_BRIEF.md 3.2 refined visual-family rule
mAL_f1,spiking,ASSUMPTION,8,spiking,0,BUILD_BRIEF.md 3.2 refined visual-family rule
mAL_f2,spiking,ASSUMPTION,6,spiking,0,BUILD_BRIEF.md 3.2 refined visual-family rule
mAL_f3,spiking,ASSUMPTION,10,spiking,0,BUILD_BRIEF.md 3.2 refined visual-family rule
mAL_f4,spiking,ASSUMPTION,10,spiking,0,BUILD_BRIEF.md 3.2 refined visual-family rule
mNSC_unknown,spiking,ASSUMPTION,10,spiking,0,BUILD_BRIEF.md 3.2 refined visual-family rule
oviDNa_a,spiking,ASSUMPTION,2,spiking,0,BUILD_BRIEF.md 3.2 refined visual-family rule
oviDNa_b,spiking,ASSUMPTION,2,spiking,0,BUILD_BRIEF.md 3.2 refined visual-family rule
oviDNb,spiking,ASSUMPTION,2,spiking,0,BUILD_BRIEF.md 3.2 refined visual-family rule
oviIN,spiking,ASSUMPTION,2,spiking,0,BUILD_BRIEF.md 3.2 refined visual-family rule
pC1a,spiking,ASSUMPTION,2,spiking,0,BUILD_BRIEF.md 3.2 refined visual-family rule
pC1b,spiking,ASSUMPTION,2,spiking,0,BUILD_BRIEF.md 3.2 refined visual-family rule
pC1c,spiking,ASSUMPTION,2,spiking,0,BUILD_BRIEF.md 3.2 refined visual-family rule
pC1d,spiking,ASSUMPTION,2,spiking,0,BUILD_BRIEF.md 3.2 refined visual-family rule
pC1e,spiking,ASSUMPTION,2,spiking,0,BUILD_BRIEF.md 3.2 refined visual-family rule
pDm8,spiking,ASSUMPTION,393,spiking,0,BUILD_BRIEF.md 3.2 refined visual-family rule
s-LNv_a,spiking,ASSUMPTION,2,spiking,0,BUILD_BRIEF.md 3.2 refined visual-family rule
s-LNv_b,spiking,ASSUMPTION,8,spiking,0,BUILD_BRIEF.md 3.2 refined visual-family rule
uncertain,spiking,ASSUMPTION,5,spiking,0,BUILD_BRIEF.md 3.2 refined visual-family rule
v2LN30,spiking,ASSUMPTION,2,spiking,0,BUILD_BRIEF.md 3.2 refined visual-family rule
v2LN31,spiking,ASSUMPTION,2,spiking,0,BUILD_BRIEF.md 3.2 refined visual-family rule
v2LN32,spiking,ASSUMPTION,2,spiking,0,BUILD_BRIEF.md 3.2 refined visual-family rule
v2LN33,spiking,ASSUMPTION,4,spiking,0,BUILD_BRIEF.md 3.2 refined visual-family rule
v2LN34E,spiking,ASSUMPTION,6,spiking,0,BUILD_BRIEF.md 3.2 refined visual-family rule
v2LN36,spiking,ASSUMPTION,2,spiking,0,BUILD_BRIEF.md 3.2 refined visual-family rule
v2LN37,spiking,ASSUMPTION,2,spiking,0,BUILD_BRIEF.md 3.2 refined visual-family rule
v2LN38,spiking,ASSUMPTION,4,spiking,0,BUILD_BRIEF.md 3.2 refined visual-family rule
v2LN39a,spiking,ASSUMPTION,4,spiking,0,BUILD_BRIEF.md 3.2 refined visual-family rule
v2LN3A1_a,spiking,ASSUMPTION,2,spiking,0,BUILD_BRIEF.md 3.2 refined visual-family rule
v2LN3A1_b,spiking,ASSUMPTION,8,spiking,0,BUILD_BRIEF.md 3.2 refined visual-family rule
v2LN4,spiking,ASSUMPTION,6,spiking,0,BUILD_BRIEF.md 3.2 refined visual-family rule
v2LN40_2,spiking,ASSUMPTION,4,spiking,0,BUILD_BRIEF.md 3.2 refined visual-family rule
v2LN41a,spiking,ASSUMPTION,2,spiking,0,BUILD_BRIEF.md 3.2 refined visual-family rule
v2LN41b,spiking,ASSUMPTION,2,spiking,0,BUILD_BRIEF.md 3.2 refined visual-family rule
v2LN42a,spiking,ASSUMPTION,2,spiking,0,BUILD_BRIEF.md 3.2 refined visual-family rule
v2LN42b,spiking,ASSUMPTION,2,spiking,0,BUILD_BRIEF.md 3.2 refined visual-family rule
v2LN42c,spiking,ASSUMPTION,2,spiking,0,BUILD_BRIEF.md 3.2 refined visual-family rule
v2LN46a,spiking,ASSUMPTION,3,spiking,0,BUILD_BRIEF.md 3.2 refined visual-family rule
v2LN46b,spiking,ASSUMPTION,6,spiking,0,BUILD_BRIEF.md 3.2 refined visual-family rule
v2LN47,spiking,ASSUMPTION,5,spiking,0,BUILD_BRIEF.md 3.2 refined visual-family rule
v2LN49,spiking,ASSUMPTION,4,spiking,0,BUILD_BRIEF.md 3.2 refined visual-family rule
v2LN5,spiking,ASSUMPTION,4,spiking,0,BUILD_BRIEF.md 3.2 refined visual-family rule
v2LNX01,spiking,ASSUMPTION,2,spiking,0,BUILD_BRIEF.md 3.2 refined visual-family rule
vCal1,spiking,ASSUMPTION,2,spiking,0,BUILD_BRIEF.md 3.2 refined visual-family rule
vDeltaA_a,spiking,ASSUMPTION,55,spiking,0,BUILD_BRIEF.md 3.2 refined visual-family rule
vDeltaA_b,spiking,ASSUMPTION,26,spiking,0,BUILD_BRIEF.md 3.2 refined visual-family rule
vDeltaB,spiking,ASSUMPTION,23,spiking,0,BUILD_BRIEF.md 3.2 refined visual-family rule
vDeltaC,spiking,ASSUMPTION,19,spiking,0,BUILD_BRIEF.md 3.2 refined visual-family rule
vDeltaD,spiking,ASSUMPTION,23,spiking,0,BUILD_BRIEF.md 3.2 refined visual-family rule
vDeltaE,spiking,ASSUMPTION,16,spiking,0,BUILD_BRIEF.md 3.2 refined visual-family rule
vDeltaF,spiking,ASSUMPTION,19,spiking,0,BUILD_BRIEF.md 3.2 refined visual-family rule
"vDeltaG,vDeltaH",spiking,ASSUMPTION,19,spiking,0,BUILD_BRIEF.md 3.2 refined visual-family rule
vDeltaI_a,spiking,ASSUMPTION,21,spiking,0,BUILD_BRIEF.md 3.2 refined visual-family rule
vDeltaI_b,spiking,ASSUMPTION,13,spiking,0,BUILD_BRIEF.md 3.2 refined visual-family rule
vDeltaJ,spiking,ASSUMPTION,11,spiking,0,BUILD_BRIEF.md 3.2 refined visual-family rule
vDeltaK,spiking,ASSUMPTION,39,spiking,0,BUILD_BRIEF.md 3.2 refined visual-family rule
vDeltaL,spiking,ASSUMPTION,43,spiking,0,BUILD_BRIEF.md 3.2 refined visual-family rule
vDeltaM,spiking,ASSUMPTION,64,spiking,0,BUILD_BRIEF.md 3.2 refined visual-family rule
vLN24,spiking,ASSUMPTION,2,spiking,0,BUILD_BRIEF.md 3.2 refined visual-family rule
vLN25,spiking,ASSUMPTION,4,spiking,0,BUILD_BRIEF.md 3.2 refined visual-family rule
vLN26,spiking,ASSUMPTION,2,spiking,0,BUILD_BRIEF.md 3.2 refined visual-family rule
vLN27,spiking,ASSUMPTION,2,spiking,0,BUILD_BRIEF.md 3.2 refined visual-family rule
"vLN28,vLN29",spiking,ASSUMPTION,4,spiking,0,BUILD_BRIEF.md 3.2 refined visual-family rule
vpoEN,spiking,ASSUMPTION,4,spiking,0,BUILD_BRIEF.md 3.2 refined visual-family rule
yDm8,spiking,ASSUMPTION,379,spiking,0,BUILD_BRIEF.md 3.2 refined visual-family rule
